protein_family_tag,gene
1,VioE
2,FzmI
3,Ind6
4,MdpA3
5,OzeA
6,OzeF
7,OzeH
8,Arg5
9,ThdA
10,SaqGT1
11,PtnT1
12,CorB
13,cmmQ
14,dacC
15,esmD3
16,PdmC
17,PaaA
18,tcmO
19,Pur6
20,LbpS9
21,StrA
22,RedP
23,AlnQ
24,CytN
25,Med-OR19
26,rsdC1
27,SaqL
28,snoaE
29,ProC
30,ccbE
31,CmmWI
32,Iso9
33,ComB
34,MacD
35,PhqE
36,PrhI
37,SdlR
38,LbpS3
39,LpmX
40,SsfH
41,Dap15
42,MacM
43,lomo11
44,CtaK
45,MupF
46,Skt12
47,SxnA5
48,Arg1
49,PolH
50,PenF
51,cpz19
52,Med-ORF5
53,MtmW
54,SimA10
55,SimA9
56,phpJ
57,SimA7
58,GilMT
59,McyJ
60,Mur18
61,TomA
62,PnxH
63,LlpOII
64,LlpOIII
65,XanO6
66,XanO7
67,arx34
68,RedI
69,LlpN
70,kanI
71,SimC7
72,SimC6
73,BexG1
74,GilOIV
75,SibW
76,SxnO1
77,AuaI
78,SimC4
79,SimD1
80,PnxO3
81,RslC3
82,RavOII
83,MtmL
84,ClmD1
85,SimA3
86,SimD3
87,SimD2
88,PctQ
89,AmbP2
90,WelP2
91,ThxA2
92,LnmJ
93,PamC
94,IfnJ
95,RemF
96,DivK
97,LbpA3
98,LbpA5
99,LbpA1
100,IstP
101,HisE
102,LivP
103,bcpB
104,PolJ
105,lphzD
106,Dap1
107,PhqM
108,ChdOII
109,BexM
110,Pur10
111,AlnO
112,HbcD
113,GouA
114,PhqH
115,PigN
116,HygX
117,ObaI
118,ObaK
119,Nes41
120,Arn10
121,arx12
122,arx6
123,Cpz29
124,ElmD
125,ElmMIII
126,forW
127,Lct35
128,LldM2
129,LlpMIII
130,LlpMIV
131,MmyMI
132,novP
133,PigF
134,StfMI
135,XanM2
136,SchS10
137,TunN
138,cpz16
139,MrqK
140,MrqI
141,LldU4
142,MinA
143,KstB1
144,SgvE6
145,ChyA
146,SfmA
147,ChmB
148,Iso6
149,Tsk10
150,PigB
151,Aha11
152,arm35
153,LmbO
154,SqnC
155,Kmy5
156,AnmC
157,Orf2
158,BusS
159,MegDIII
160,RavNMT
161,Ams16
162,IstU
163,NcsC5
164,Nes34
165,NapH
166,PrhA
167,RslO4
168,Cer5
169,Arn37
170,arx22
171,Cer17
172,Cer19
173,LzrX1a
174,SqnM
175,PolF
176,SprA
177,GriC
178,forM
179,dacM3
180,BorM3
181,HbcG
182,MtdM2
183,PrhM
184,SbzE
185,StrF
186,PnxMT1
187,ChdOIII
188,NcsB1
189,NeoB
190,Arn32
191,LldA1
192,MtmK
193,SaqB
194,IfnN
195,LvqB1
196,LvqB5
197,TjhD5
198,AlpD
199,AmiU
200,arm5
201,AzpJ
202,ChaL
203,ChaZ
204,ChryF
205,CytM
206,CytO
207,EncD
208,Hex29
209,LldO3
210,May13.
211,MmyTI
212,MrqH
213,Orf9
214,OvmT
215,PnxO1
216,rsdO10
217,rsdO3
218,RslO10
219,SsfK
220,SsfU
221,StfT
222,OvmP
223,MtdO
224,TjhC3
225,KasN
226,PctS
227,BtrV
228,BlsK
229,Aha5
230,Anb3
231,Ndas_1147
232,TabD
233,Nes5
234,cpz14
235,BarB1
236,BarB2
237,KstA15
238,ORF14
239,LbpC1
240,SgvE4
241,SgvE1
242,BrtJ
243,SbzC
244,SbzI
245,Lig
246,AmiG
247,Arn14
248,CloM
249,cosC
250,GntD
251,MtdG1
252,SqnG3
253,snogD
254,TcpG
255,CumX
256,MtdK
257,MihK
258,Bra2
259,TunC
260,RebF
261,MupA
262,Por27
263,ClaX1
264,LzrX1b
265,MupT
266,Cxm19
267,Ams8
268,CazI
269,VemK
270,LlpOI
271,FevV
272,Amc6
273,MihG
274,Arn17
275,bik2
276,lomo10
277,Nes 26
278,Nes12
279,Nes15
280,Tjp8
281,Por15
282,ChaK
283,CpkD
284,CmnJ
285,CmnK
286,vemB
287,StmH
288,SgdE8
289,AknL
290,LldB7
291,LldB8
292,Nes51
293,ChaH
294,RubS2
295,LldB2
296,CloW
297,May10.
298,NcsC
299,RubS5
300,snogJ
301,dacK
302,BrtC
303,FevI
304,NspI
305,MtdW
306,IstE
307,LmbK
308,forQ
309,Anb13
310,cefF
311,HygU
312,lpsB
313,LooM
314,ArgE
315,CnsC
316,LlpOIV
317,NokP
318,TjhO6
319,XanO2
320,StiL
321,LlpOVI
322,ClaP
323,CloI
324,CyaG
325,CyaH
326,LldO6
327,MakC2
328,MupO
329,NikQ
330,StaN
331,WP_055480421
332,CumD
333,PenL
334,AlbC
335,BcmA
336,Nes24
337,hrbP
338,JadD
339,arm4
340,CmmX
341,arx15
342,FdmE
343,GrhS
344,XanC2
345,AmcG
346,Dap5
347,SgcA3
348,CpkG
349,MIlI
350,ChaP
351,ChaB
352,dacB
353,RubE9
354,ZhuA
355,ccb4
356,novN
357,EspX
358,cmmE
359,PctD
360,PolO
361,BexD
362,hrbO
363,Med-ORF6
364,MrqF
365,AveF
366,CmmMI
367,MtmMI
368,dacS3
369,snogG2
370,RavGT
371,SchS7
372,Med-ORF8
373,SbzO
374,GntI
375,MrqO8
376,GrhE
377,PrfT
378,RubE8
379,CqsB1
380,StmC
381,StmE
382,AmiL
383,MrtE
384,ChryOI
385,ChryOIV
386,dacO3
387,FlsO1
388,Fluo5
389,RavOIV
390,RubB
391,SsfO1
392,Strop2196
393,PigJ
394,AuaG
395,MihA
396,SznK
397,SanJ
398,StzK
399,Ind3
400,Strop2185
401,BagA
402,MmyQ
403,RhiI
404,PdmH
405,PnxI
406,FkmO1
407,Iso2
408,SbzL
409,Anb11
410,HygF
411,SdmC
412,TueC
413,arx5
414,SznJ
415,DetH
416,RhiG
417,TjhD2
418,dnrG
419,StfOI
420,CumG
421,LmbC
422,novL
423,AgmE
424,MakB4
425,MihB2
426,LvqB6
427,NatAC1
428,PctK
429,TcaD2
430,cmcJ
431,CloN6
432,MtmTIII
433,CytS6
434,novT
435,StaB
436,StrE
437,SubS4
438,LlpL
439,MsnH6
440,BusR
441,AmiB
442,arm29
443,StsA
444,BusN
445,CmmW
446,LkmBII
447,rsdK4
448,SprR
449,Cyt3
450,ZhuH
451,arm28
452,AziB2
453,ccbS
454,GouH
455,GouI
456,OvmE
457,Lon7
458,FrbH
459,FomC
460,VemD
461,AbeC
462,arx20
463,AtmS10
464,AuaJ
465,AziA3
466,AziC5
467,AziC6
468,AziC9
469,AziD3
470,bah
471,BrtF
472,CarB
473,CinD
474,CinE
475,Cpr32
476,Cpr33
477,Cpr36
478,Cpr48
479,Cpr49
480,Cpr52
481,Cpr53
482,CrmO
483,dea
484,DivQ
485,FimC5
486,Fub5
487,HedT
488,HpxL
489,Lct25
490,Lct50
491,LepA
492,LnmM
493,LnmQ
494,mbsD
495,Mra23
496,Mur11
497,Mur15
498,Mur17
499,Mur19
500,Mur22
501,MysH
502,Nat
503,NovV
504,Orf19
505,PenD
506,PenM
507,PnxU
508,PnxV
509,Pyr1
510,Pyr7
511,RedR
512,Rv2275
513,SalF
514,SalM
515,SauE
516,SauP1
517,SauP2
518,SibE
519,SibT
520,SnogD
521,SnoK
522,TomC
523,TqaH
524,PyfQ
524,ForT
525,cpz10
525,PolL
525,StrG
525,LpmH
526,MihL
527,MloH
528,VioC
528,VioD
529,Mcl24
530,TunB
530,ArgF
530,PctE
530,HygY
530,NeoN*
530,IstL
530,DesII
530,MilG
530,LkmCV
530,BlsE
531,SanR
532,LmbF
532,ccbF
532,LpmK
532,Mur24
533,esmA1
533,DapB
533,lphzB
533,phzA2
533,PhzB
534,LmbG
534,FzmB
534,CnsE
534,RebM
534,StaMA
534,cpz11
534,StiK
534,AtmM
535,ccbJ
535,LmbJ
536,LmbX
536,Por16
536,PhzF
536,esmA3
536,lphzF
536,DapF
536,SibS
536,TomK
537,ccbV
537,LmbV
538,ccbD
538,BtrH
538,MtdT
539,LmbD
539,Erd7
539,Ind2
539,FrbB
539,Fluo22
539,AzpK
539,Nes28
539,FlsU2
539,Spt6
540,GrhJ
541,PolE
541,MacC
542,DcsH
542,ArgJ
542,RhiC
542,DdaF
542,RhiM
542,NikS
542,PolG
542,BlsI
542,TblF
543,RubN8
543,dacS6
543,CrmH
543,LbpS7
544,ParL
544,NeoM
545,CqsB2
545,LvqB2
546,Hex20
546,Hex33
546,HbcB
546,PnxE1
546,XanO10
546,XanO8
546,GrhM
546,ChaS3
546,Cer21
547,Sgd15
547,Mcl23
548,Sgd16
548,KasQ
549,PolA
549,SanX
550,TunH
551,JadS
551,MtmGIII
551,MtmGIV
552,MtmGI
552,arx9
552,SaqGT2
552,SaqGT6
552,SaqGT3
552,LooG1
552,SchS9
552,SaqGT4
552,LldB4
552,LldB5
552,PnxGT2
552,snogZ
552,CalG3
552,CmmGI
552,CmmGII
552,LbpG3
552,MmyGI
552,MmyGII
552,MtmGII
552,RubS7
552,LanGT1
552,ChaGT1
552,TjhB3
552,AtmG1
552,Lct36
553,novM
553,arm33
553,LanGT4
553,dnmS
553,Cpz31
553,snogE
553,StfG
553,LldB3
553,cytG1
553,arm25
553,BrtE
553,cosG
553,cosK
553,LbpG1
553,SqnG1
553,CytG2
553,CytG3
553,KstC5
553,LkmL
554,NeoK
554,LivF
554,ParF
554,HygD
554,ccbT
554,LmbT
554,TunD
555,FevL
556,MrtA
556,PtmT1
556,SauA
557,Mcl17
557,ThnA
558,CmnI
558,Kmy18
558,vemA
558,VemA
559,phpL
559,phpM
559,BarC
559,esmB5
559,LbpB
559,Lct34
559,Lcz34
559,MarJ
559,NikP2
559,SimC2
559,SimC3
559,DdaE
559,ClmT
559,CrmJ
559,pynK
560,OzeG
560,MmpB
560,TueA
560,NecH
560,NecF
560,NecD
560,CinC
561,CpkC
561,CpkB
561,CpkA
561,LbpA2
561,SprB
562,OzeC
562,MmpD
562,MmpA
562,SgvE3
563,Anb6
563,CqsB6
563,MacpE
563,MarQ
563,ClmP
563,Cpr55
564,VemG
564,vemG
565,VemH
565,SimC1C
565,vemH
566,FtaA
566,ftaA
566,TueB
566,Iso7
566,Clz6
566,Ams6
566,CtaB
566,MelB
566,SprC
566,MtaB
566,MymE
566,pynG
566,pynI
566,pynJ
567,pamE
567,RhiE
567,pamF
567,RhiF
568,LzrH2
568,LooH
568,RebH
568,AtmH
569,LzrH1
569,MymM
569,AbeH
569,ClaH
569,Tjp10
570,AbeO
570,LooO
571,CnsF
571,PenI
571,PhqA
571,PhqJ
571,dmaW
571,FtmB
571,FtmH
571,PenG
571,RoqD
572,BorO
572,ClaO
572,EspO
572,LzrO
572,NokA
572,RebO
572,RedO
572,StaO
572,Tjp1
572,AtmO
573,VioA
574,CmnB
574,AcmX
574,Ams22
574,AcmY
574,Clz5
574,pynE
575,MymC
575,SibP
575,Orf17
576,AtaIMG
576,SirM
576,Glv13
576,Glv7
576,bik3
577,Amc3a
577,MihC2
578,Amc3b
578,MihC1
578,TjhB10
578,TjhB9
578,KstD7
579,MtdL
580,KstB6
580,SdmG
580,SdmE
581,LanGT3
581,CmmGIII
581,CmmGIV
581,LbpG2
581,MmyGIII
581,MmyGIV
581,SqnG2
581,SsfS6
581,CumH
581,dacS8
581,TjhB4
581,HedJ
582,Arn11
582,Lcz36
583,May15.
583,OvmK
584,AlnR
584,MrqD
584,rsdC2
584,MsnC2
584,RslC2
584,ActVI2
584,Med-ORF3
584,ActIV
584,Erd22
584,SsfY2
584,LldC1
585,LmbE
586,LepG
587,ApdC
587,CazF
587,Fub1
588,ToyK
589,ToyL
589,SanE
590,ToyJ
591,GliH
592,novH
592,SimD6
592,phsC
592,CloH
592,DetF
592,McyB
592,Amc7
592,CprH
592,CprI
592,Lon20
592,Lon21
592,Arg2
592,AvmN
592,SfmB
592,AmiT
592,ChmA
592,ChmC
592,CmnM
592,CmnN
592,Luz1
592,Luz2
592,MihB6
592,MloI
592,OzeI
592,SulM
592,cppB
592,cppM
592,EtuA2
592,Lon19
592,AusA
592,Tsk11
592,Tsk12
592,SgvE5
592,NecA
592,Mur25
592,CumC
592,ledE
592,AtaP
592,AziA4
592,CinB
592,ClmN2
592,Mur12
592,Mur13
592,Mur21
592,Mur27
592,NocA
592,NocB
592,PenN
592,phsB
592,phsC*
592,SalB
592,Spt5
593,Amc15
593,AgmA
594,MilA
595,PolB
596,ObaG
596,Hmt
596,LpmL
596,CapH
597,cmmT
598,cmmN
598,ThnN
598,esmB1
598,ClmG2
598,CrmN
599,cmmO
600,ThnO
600,SimC5
601,cmmG
601,ThnG
602,BexX
603,SirT
603,GliT
604,ang15
604,ChaC
604,MrqC
604,MsnK3
604,RubE2
604,RubE4
604,SaqC
604,MakB3
604,MtmS
604,OvmS
604,StmA
604,KstA3
605,arm9
605,May14.
605,Med-ORF23
605,Aha12
606,Arn36
606,BexC
606,ChryC
606,EncC
606,rsdK1
606,AbyA3
606,Clz10
606,AmcB
606,LldA3
606,SauB
607,AzicP
607,TunK
607,CloN5
607,MrtB
607,RedQ
608,esmB3
608,MakB2
608,Amc12
608,MihB1
608,TcaD1
609,hrbM
609,LnmP
610,MtdN
611,AmcD
612,JuiF
613,MsnH7
613,CloN7
614,CqsB3
614,LvqB3
614,Fom4
615,BcmE
616,tcmH
616,BexI
616,Lct33
616,Lcz33
616,snoaB
616,KstA8
616,KstD5
616,CytV
617,tcmP
618,ElmI
618,LpmY
619,tcmI
619,PnxK
619,forL
619,Cer25
619,XanT
619,SanD
619,arx14
619,BenE
619,FdmD
619,GrhQ
619,Hex26
619,LlpCIII
619,XanC3
619,AbxD
619,Arn19
619,FkmC3
619,PdmK
619,Lct29
619,Lcz29
620,ElmH
620,TjhO1
620,rsdO4
620,arm6
621,PtnT2
621,PtmT2
622,Sora7
622,Sora 7
622,SfmO4
622,OzeK
622,OzeL
622,BcmD
623,Sora9
624,PrhH
624,Pyr4
625,VemE
625,Kmy15
625,vemE
626,ElmG
626,PnxO4
626,tcmG
626,forX
626,XanO5
626,GrhO9
626,rsdO9
626,GrhO8
626,LlpOVIII
626,arx30
626,MrqO6
626,TjhO4
626,XanO4
626,RslO9
627,AcmK
627,SgdX2
627,SulN
627,AziC1
628,cmmSu
629,Cpz4
630,LpmB
631,Fub7
632,AcmG
633,LbpS1
633,CmmMIII
633,SnogL
634,LmbN
634,HygP
635,LmbP
635,HygN
636,LbpS8
636,BexS
637,LbpS2
637,LooS13
637,MdpA5
638,KstD9
638,KstA12
639,LbpS5
639,CmmC
639,LkmBIII
639,MdpA4
639,arm22
639,arm31
639,ChryCMT
639,RubN5
640,LbpS6
640,Nes45
640,AknZ
640,DesV
640,EvaB
640,HedM
640,MegDII
640,NysDII
640,SnogI
640,arm24
640,CytS
640,dacS2
640,dnmJ
640,May7.
640,Med-ORF20
640,RavAMT
640,snogI
640,StaI
640,RubN4
641,LbpS4
641,LooS14
641,Nes8
641,TjhB7
641,CmmV
641,EryBVI
641,EvaA
641,JadO
641,LipDig5
641,MtmV
641,OleV
641,PlaA2
641,AmiC
641,Arn34
641,BexV
641,CytS3
641,dacS5
641,dnmT
641,KstC6
641,May5.
641,Med-ORF16
641,PnxS3
641,SsfS3
641,StaJ
641,AtmS14
641,Lct45
641,RubN3
642,PyfO
642,PyfO
642,PrfS
643,StsB
643,MrqO3
643,TblD
644,StrQ
645,Med-ORF12
645,ActVI-1
646,AbxC
646,Arn21
646,arx19
646,BenH
646,ElmNI
646,FdmI
646,FkmC1
646,forD
646,GrhT
646,Hex21
646,LlpCI
646,PdmD
646,PnxD
646,RemI
646,SanI
646,tcmN
646,XanC1
646,Lct27
646,Lcz27
646,TamG
646,Cer22
647,ActVI1
647,ActVII
648,AlpE
648,ChaF
648,ChdQII
648,JuiE
648,BexL
648,OvmA
648,ZhuI
649,ChryK
649,CmmQ
649,FlsD
649,KstA6
649,arm2
649,ang17
649,SchP4
649,RubE5
650,Erd4
650,MrqE
650,OxyK
650,SsfY1
650,Strop2197
650,SimA5
650,ChdQI
650,StfQ
650,TjhC5
650,SxnA6
650,MsnC1
650,Skt10
650,MtmQ
650,HedE
651,Fluo13
651,May12.
651,MsnC3
651,RavK
651,RslC1
651,SqnL
651,LldC4
651,TjhC4
652,Ams15
653,NikE
653,Bra7
653,MymF
653,ccb2
653,esmD2
653,NcsB2
653,SsfL1
653,CrmE
653,ClmAL
653,NatL1
654,TqaI
655,ToyH
656,ToyE
657,mbsC
658,Ndas_1149
658,FdmN
658,ChryMT
658,ClmM2
658,LldM3
658,LldM4
658,Por26
658,RavMT
658,Ndas_1145
658,EspM
659,Cer20
659,Cer8
659,MihE
659,XanZ3
659,Arn33
659,arx21
659,arx27
659,BenL
659,FdmO
659,FkmD
659,GrhO10
659,Hex19
659,Hex30
659,LlpZI
659,LlpZIII
659,PdmG
659,PnxG
659,PnxW
659,XanZ4
659,Amc14
660,Iso5
660,RedL
660,Clz7
660,Ams7
660,Ant19
660,esmB4
660,AzpF
660,CinA
660,MarL
660,SalA
661,Nes17
661,LlpU
661,AprD3
662,ChyC
662,MmyTII
663,MacN
663,CumF
663,CloK
664,Amc11
665,Dap17
665,HbcH
665,Cpr51
665,cppA
665,KstB5
665,Dap16
665,Dap14
665,Dap18
665,Mur30
666,Sgd14
667,PdmQ
668,SdlQ
669,brm1
670,Ind7
670,MtaF
670,FtaD
670,ftaD
670,MelF
670,Amir_4628
670,CtaF
670,pynD
671,EtuM1
671,MymB
671,SibL
672,LooM2
672,ChaM
672,IstN
672,AbeM1
672,LzrM1
672,SfmM1
672,ThnM2
672,BorM2
672,CyaF
672,SulP
672,CumM
672,novO
672,BorM1
672,ClaM1
672,TunM
673,MihF
673,SxnM1
673,GilM
673,RavRM
673,AtmM1
674,MihO
674,GouN
675,Sora14
675,cpz26
675,Cpr27
676,ChaI
676,Arn27
676,CytF
676,HbcF
676,snoaC
676,NokK
676,dnrC
677,Ind1
677,LmbW
677,SbzD
677,Orf5
677,Por10
677,SibZ
678,MelK
678,FtaG
678,ElmP
679,ComA
679,PyfP
679,CofB
680,FocC
680,ForC
680,PrfC
681,MacG
681,MsnM1
681,AgmF
682,MacJ
682,MacK
682,MacW
682,MacL
683,PyfI
683,PyrL
683,snoaW
683,TjhD4
683,KstA16
684,ClmM1
684,forT
684,TamO
684,AbxM
684,BenF
684,ChdMI
684,dacM1
684,OxyF
684,SsfM4
685,ArgN
686,MrsA
687,AnmB
688,MysB
689,FlsG
689,ChryOII
689,Fluo6
689,GilOII
689,Cer18
689,JadG
689,Nes27
689,Strop2200
690,MacF
691,dnrP
691,CytI
692,cmcI
692,OleY
692,Cpz28
692,Cpz30
692,ElmMI
692,ElmMII
692,snogY
692,ThnM1
692,SnogY
693,BrtD
694,AlbB
695,OzeO
696,RedE
696,ArpDHII
696,AuaH
697,RedM
697,Ams4
697,pynC
697,PigI
697,CmnD
697,CloN4
697,ProB
698,NcsC1
698,MacV
698,HygJ
698,snogG
698,TunA
698,MacS
698,TxnB5
698,ccbM
698,HygK
698,KasD
698,TunF
698,AknM
698,CmmUII
698,CmmUIII
698,HedI
698,HedN
698,JadV
698,MegDV
698,NanG4
698,LmbM
698,StrP
698,AmiK
698,arm23
698,arx24
698,ChaS4
698,CytS4
698,dnmV
698,NcsC2
698,NcsC4
698,PnxS5
698,sacS9
698,SaqR
698,SaqZ3
698,SsfS5
698,StaK
698,LipDig4
698,CmmUI
698,Lct47
698,RedK
698,RubN6
698,SnogG
699,Skt13
699,TjhD1
700,Skt16
700,SsfF
701,AbeP
701,BorP
701,LzrP
701,SimA13
701,AtmP
701,RebP
701,Tjp9
701,BorX3
701,EspP
701,LooP
701,NokC
701,StaP
702,LzrD
702,Tjp2
702,AbeD
702,BorD
702,ClaD
702,EspD
702,NokB
702,RebD
702,RedD
702,StaD
702,LooD
702,VioB
702,AtmD
703,cmmL
703,ThnL
704,cmmP
704,Mra3
704,phpK
704,AprD4
704,bcpD
704,ThnP
704,Fms7
704,PctN
704,PctO
704,GntK
704,AnmE
704,HbcE
704,Fom3
705,Clo-hal
705,forV
705,Nat1
705,ClmM
706,LlpH
706,XanH
706,Cabhal
706,VemJ
707,Por8
707,XanA
707,PdmN
707,GrhP
707,FdmV
707,Cer4
707,dacD
707,NspN
707,LlpA
707,Orf1
708,KstD8
708,Strop2191
708,KstA11
708,ActVA-4
709,StaC
709,BorC
709,ClaC
709,LzrC
709,LooC
709,GrhO5
709,AtmC
710,PhqD
711,CabR10
711,DcsD
712,LldC3
713,Mur26
713,Mra20
714,Lon15
715,Glv16
715,Glv4
715,TcpT
716,PvdO
716,FlsN4
716,Fluo24
716,FzmN
716,Nes31
717,PvdN
717,cefD
718,PvcC
718,TomF
719,PvdP
720,PvcD
720,TjhO7
720,BexO
720,NikG
720,LnmB
721,LooS8
721,MdpA2
721,AtmS8
722,LooS9
722,arx1
723,Por14
723,LmbB2
723,SfmD
723,Orf13
723,SibU
723,TomI
724,SimC1A
724,LbpA6
724,DivL2
724,DivM
725,SimC1B
725,DivL1
725,DivL3
725,HedU
726,RubN1
726,LooS7
726,Lct49
726,ChryD
726,dnmL
726,NokF
726,PnxS1
726,RavD
726,SsfS1
726,StaA
726,StrD
726,TjhB1
726,ChaS1
726,dacS1
726,Med-ORF18
726,SaqG
726,AtmS7
726,MdpA1
726,SgcA1
727,Aln4
727,esmC
728,SxnO2
728,SimA8
728,Nes25
728,Fluo14
728,LanM2
728,May11.
728,OvmOII
728,SaqM
729,hrbW
729,GilH
729,LanZ4
729,SaqO
729,Por1
730,PtnC
730,DivN
730,OvmN
730,PtmC
730,RubF
731,SimA11
731,Erd8
731,Med-ORF24
731,AzicT
732,NeoI
733,EncP
733,NcsC3
734,SimA1
734,ChryA
734,Arn31
734,MrqA
734,BexA
734,SaqA
734,Med-ORF1
734,cosB
734,dacA
734,hrbC
734,MsnK1
734,PdmA
734,rsdK3
734,ang13
734,ChaA
734,ZhuB
734,MtmP
734,Cyt1
734,EncA
734,ActIORF1
734,May16.
735,EncR
735,PnxO5
735,HbcI
735,PdmJ
735,LnmA
735,LnmZ
736,hrbX
736,LanZ5
736,ActVA5
736,RubC
736,IfnH
736,Med-ORF7
736,AlnT
736,IfnR
736,ArpDHI
736,LldO5
736,CycK
736,ActVA-5
737,RubC3
737,CabJ
737,CloJ
737,CumE
738,XanZ2
739,Bra8
740,Bra11
740,AbeM3
740,LzrM3
741,EncK
741,DhpI
741,LlpMV
741,arm1
741,Ant15
741,CyaE
741,pynA
742,ArgD
742,BlsM
742,MilB
742,AmiI
743,PctP
744,SibO
745,RavW
745,FlsT
745,Fluo26
745,FzmQ
746,PnxE2
746,Aln5
747,PrfD
747,PrfD
747,PrfE
747,PrfE
747,MsnO8
747,rsdO6
747,BtrO
748,Cpr50
748,Cpr57
749,PctF
749,Dap2
749,FzmH
749,MtdM1
749,Pur5
750,LivL
750,LivA
751,Ams3
751,CloN3
751,ProA
751,SdmF
751,PigA
751,RedW
751,KstB4
751,pynB
751,CmnA
752,TomH
752,Por13
752,LmbB1
753,SimA2
753,EncB
753,IfnO
753,ActIORF2
754,SimA6
754,Nes21
754,ActIII
754,ang16
754,ChaD
754,Erd5
754,Fluo12
754,JadE
754,LldC2
754,SaqD
754,SchP5
754,snoaD
754,SqnK
754,JuiD
754,MsnO11
754,HedA
755,RubP1
755,Nat2
756,AbyA5
756,TcaD3
756,MakB5
757,BexG2
757,BrtA
758,Mra22
758,cpz17
758,LpmO
759,SimB7
759,GilGT
759,Nes40
759,Nes49
759,Strop2213
759,Strop2220
759,LanGT2
759,SaqGT5
759,ChryGT
759,May21.
759,HedL
759,SibH
760,Bra5
760,ChdOI
760,AbeX2
760,BorX2
760,ClaX2
760,Erd20
760,MrtG
760,TjhO2
760,OxyE
760,HedG
761,TomL
761,Por11
761,LmbA
762,forN
763,LlpOV
763,Kmy13
764,PtnB3
764,PtmB3
764,PxaB
765,PnxO6
765,SfmO2
765,SprT
765,LbpP3
765,TcaE1
765,AvmO2
765,AvmO3
765,dacO1
765,GrhO6
765,OvmOIII
765,ZhuM
766,EncI
766,cmm17
767,SsfJ
768,Bra10
769,SibJ
769,SaqZ1
769,SnogF
770,LooS12
770,LipDig3
770,AtmS12
771,ang5
771,MsnO10
771,AmcA
771,CabK
772,hrbI
772,IstX
773,ChryRM
773,arm16
773,AzicO1
773,CpkH
773,GilR
773,RubS1
773,SaqW
773,ScF
773,SqnQ
773,StfE
773,AknOx
773,Kmy9
773,LbpP2
774,TacD
774,NeoE
774,AlloB
774,NeoA
775,SimA12
775,Ams13
775,Med-ORF22
775,SsfE
776,PctI
776,LivD
776,NeoL
776,BtrD
776,Neo16
777,PnxO2
777,PdmW
777,AzicO2
777,NocL
778,SimA4
778,GilG
778,FlsI
778,May17.
778,Nes20
778,JuiH
778,Strop2193
778,JadI
778,Fluo8
778,AlpI
778,OvmC
778,ang12
778,BexF
778,ChryG
778,hrbB
778,RavG
778,SaqF
778,SchP9
778,SqnBB
778,SxnA1
779,MtmX
779,ChdX
779,StfX
779,MmyX
779,Skt5
779,TjhC2
780,PyrN
780,PrfJ
780,PyfG
781,MtdV
782,vemF
782,Kmy14
782,VemF
783,Por19
783,Orf20
783,SibK
784,Lon22
784,AcmN
785,PctU
785,SimD5
785,AmcH
785,Aha7
785,CyaA
785,Cpr37
785,AzpC
785,dacH
785,MtdQ
785,MmyL
785,Ant22
786,AtmS13
786,Nes50
786,CalS13
786,DesI
786,SgcA4
786,LkmCIV
787,Bra1
787,NikT
787,LvqB7
788,ClmAT
788,ArpN
788,CrmG
789,LooS10
789,DesVI
789,HedH
789,HedO
789,SgcA5
789,arm30
789,arm34
789,CytJ
789,snogX
789,Med-ORF15
789,PdmO
789,Nes44
789,SnogX
790,AprQ
790,NeoG
790,IstQ
790,AlloE
790,LivQ
790,ParQ
790,rbmG
790,TacB
791,PnxN
792,Ams14
793,NocG
793,CmnH
793,ChdN
794,MmyC
795,SimB6
796,AmiA
796,MihJ
796,Amc2
796,Cpr12
797,CloN2
797,CumJ
798,SimD4
798,FdmC
798,FabG
799,AprE
799,rbmC
800,Pac
801,CypX
802,MinB
802,AlnA
802,SdmA
803,Orf4
803,GilOIII
803,Por9
804,StzE
804,SznE
805,RedH
805,PigC
806,PAH
807,FevK
808,PhzC
808,DapC
809,TcpI
809,GliI
810,TcpJ
810,GliJ
810,AtaJ
811,SfmO5
812,BacA
813,FamD2
813,WelP1
813,AmbP1
813,SulI
814,LvqB4
814,CqsB4
815,Bra3
816,phzH
816,DdaH
816,FzmA
816,ChyD
816,TblS
817,LmbR
818,Pyr6
819,PrhE
820,PtnT4
820,PsCrtE
820,PtmT4
821,Cer28
821,Lcz30
821,Arn20
821,BenD
821,FkmC2
821,forR
821,Hex25
821,LlpCII
822,McyE
822,SfmC
822,MloJ
822,CrmA
822,NpsB
823,McyD
823,FtaC
823,ftaC
823,ThxA1
823,MelE
823,CtaE
823,MtaE
824,NecG
824,SgvE2
825,NecE
825,McyG
825,MelD
825,BarA
825,fr9l
825,FtaB
825,ftaB
825,LnmI
825,CtaD
825,MtaD
825,Mur14
826,NecC
826,MupV
826,CtaC
826,MelC
826,pynH
826,MtaC
827,MihB5
827,Amc8
827,LldA8
827,Cyt4
827,dacP
827,EncL
827,MtdI
827,rsdA
827,RubE3
828,PamA
828,PamB
828,PamD
828,NatAC2
829,IfnK
829,TamH
829,KstD1
829,arm3
829,ChaG
829,CmmY
829,OxyN
829,snoaM
829,StfY
829,CytQ
829,dacN
829,MmyY
829,MtmY
829,RemL
829,Skt15
829,ZhuJ
829,RubE6
829,KstA4
829,TjhC1
830,BtrK
830,Cpr56
831,Ind4
832,Tsk7
833,DhpH_N
833,MinC
833,DhpH_C
834,SbzP
834,ArgM
834,MrsB
834,PolI
834,DhpD
835,LbpA4
835,RubA
836,CazM
836,PrhL
837,CyaB
838,DapS
838,phzS
839,PsCrtI
840,PtmB2
840,GriH
840,NspH
840,BagC
840,FevH
840,PtnB2
841,PrfU
841,PyfB
842,PrfM
842,PyfJ
842,AzpA
842,StzH
843,Arn2
843,CmmF
843,EryBVII
844,KstC3
844,LkmBVII
844,MegDIV
844,StaE
845,HisI
846,HisA
847,bcpC
847,DhpF
847,Fom2
847,FzmD
847,ppd
848,FrbC
849,FrbA
849,pmi
850,pcd
850,SbzJ
851,phpC
851,DhpG
852,phpG
853,GouG
854,TunG
855,ForF
855,Ind5
855,McyI
856,MacH
857,pamH
857,DhpE
857,Fom1
857,RhiH
857,FrbD
857,FzmC
858,TunL
859,AcmT
859,MacP
859,ToyI
860,AlnB
860,ComD
860,SdmB
860,ComC
860,PrfF
861,BagE
861,FevW
861,NatL2
862,esmA5
862,lphzE
862,DapE
862,PhzE
862,TomD
862,TomP
863,esmA4
863,ObaJ
863,DapD
863,PhzD
864,phzM
865,esmA2
865,lphzG
865,DapG
865,PhzG
866,phzA1
867,PigG
867,BarF
867,Amc10
867,MihB3
868,McyA
868,BarD
868,Af12080
868,NpsA
868,RubC1
869,McyC
869,BarG
869,Arg3
869,EtuA1
869,PxaA
869,NikP1
869,ledF
869,MysE
869,TomB
870,ccbL
871,LmbL
872,EtuF3
873,snoaL2
873,ChaJ
874,StrK
875,arm17
875,LooP1
875,Luz25
875,Luz26
875,StfPI
875,AziB1
876,SgvP
876,LldO7
876,HedR
877,PhqO
878,Bra6
878,ChryOIII
878,RavOIII
878,NikF
878,CyaI
878,GrhO3
878,LldO10
878,LldO2
878,SdlB
878,CalE10
879,cefE
879,cefEF
880,PaaB
880,PolK
881,CmmOII
881,dacO2
881,MmyOII
881,MtmOII
881,SsfO2
881,TjhO3
881,OxyL
881,EtuO
882,MmyOIV
882,JuiN
882,CmmOIV
882,MtmOIV
883,MrqO5
883,MsnO5
883,HedQ
884,MtdF
884,GntC
884,kanC
885,TjhD3
885,Clz3
886,dnmZ
887,esmB2
887,GriD
888,SqnT
888,SqnU
889,XanZ1
889,AzicO6
889,forY
889,LlpZII
889,SbzF
889,LmbY
889,AvmR
890,doxA
890,BexK
891,snogN
892,GrhO1
892,SfmCy1
892,SfmCy2
892,TcaE2
892,EncM
893,MmyF
893,ActVB
893,ClaF
893,dacJ
893,VemL
893,AlnH
893,LldO4
893,MsnO3
893,rsdO2
893,StzG
893,TomE
894,MtdJ
895,Oxr
895,AlbA
895,Ndas_1146
896,RslO8
896,TjhO5
896,GrhO7
896,Med-ORF29
896,Med-ORF9
896,MrqO1
896,rsdO7
896,rsdO8
896,OzeM
896,Clz4
896,ActVI-2
897,RubE7
898,SdmN
899,SfmO1
900,SqnA
901,Aln6
902,Aln7
903,dacO4
904,MrqO4
904,SxnO3
904,MsnO2
904,MsnO4
904,rsdO1
904,RslO1
904,KasP
904,JuiL
904,SsfP
905,OzeE
906,EryG
906,LkmG
906,LkmO
906,NanM
906,snogM
906,Nes42
906,StaMB
906,RubN7
906,SnogM
907,IstO
908,easA
909,LepI
910,Hex7
910,ang10
910,hrbU
910,Lcz35
910,IfnS
910,LlpMII
911,Arg4
911,LlpMVI
911,SsfM1
911,ThnM3
911,Hex9
912,ClaM3
912,LlpMI
913,CloP
913,CumN
913,snogL
914,CytH
914,SsfM2
914,DmpM
914,SfmM3
914,ElmNII
914,CrmM
914,Lcz25
915,StfMII
915,StfMIII
916,XanM1
916,GrhL
917,PdmS
917,NokL
917,StaG
917,LooG
917,IsnGT
917,AtmG
917,RebG
918,phsA
919,LldB6
919,Luz27
919,LkmJ
919,CmmA
919,AziD1
920,CazE
921,Sora18
922,cmmR
922,ForP
922,MtdE
923,8-AzgD
924,bik1
925,BarE
925,ChmD
925,DetG
926,Ant16
926,Por21
926,AziA5
926,Orf22
926,SibD
927,Ant2
927,SirP
927,TcpP
927,GliP
927,TqaB
927,Glv21
927,lpsA
927,CabH
927,AclP
927,TqaA
928,FtmA
928,PhqB
928,RoqA
928,DdaD
928,Af12050
928,AziA1
928,Cpr47
929,KstB2
929,SdmD
930,CtaG
930,MelG
930,FtaE
930,ftaE
930,MtaG
930,Orf21
931,EtuM2
932,GriE
932,FevE
933,LmbZ
933,ccbZ
934,Lon23
934,Lon16
934,DdaC
935,easH
935,SnoN
936,ClmN1
937,Pyr2
937,CpaA
937,FlaA
938,LpmM
938,AmbI3
938,IsnB
938,PvcB
938,WelI3
938,FzmG
938,cpz15
938,SbzQ
938,DhpA
938,CarC
938,Mur16
939,snoaL
939,KstD6
940,PigD
941,PigM
942,FzmM
943,AzpD
943,FzmL
944,ObaH
945,MelJ
945,FtaH
945,CtaJ
946,8-AzgA
946,PtnF
947,NeoN
947,PctV
947,LivB
947,ParB
947,rbmH
947,ForI
947,IstB
947,kacL
947,ccb3
947,ObaN
947,TacC
948,NcsB
948,AziB
949,Nes47
949,TjhB8
949,AknQ
949,JadP
949,LkmCVI
949,OleW
949,Arn35
949,BexQ
949,CytS1
949,PnxS4
949,SaqT
949,SsfS4
949,Lct44
950,AmiD
950,AnmD
950,Amc1
950,MacA
951,Lct46
951,TjhB5
951,TjhB6
951,AknP
951,BusQ
951,NanG3
951,AmiN
951,BexT
951,CytS2
951,SaqQ
952,HygO
953,IstM
953,rbmD
953,ParM
953,GntZ
953,BtrM
953,NeoD
953,kanF
953,TobM2
954,Nes46
954,HedK
954,JadU
955,rsdO5
955,MupC
955,RslO5
956,DcsB
957,AknX2
957,CytR
958,snogA
958,SnogA
959,ObaC
960,AbeM2
961,GliN
962,SirN
963,IstZ
964,TunE
964,CprE
965,StrN
966,ForG
966,StrI
967,MarA
968,Pur3
969,Arn22
969,arx23
969,FkmO2
970,CazL
970,PhqK
970,Af12060
970,TqaE
971,IfnQ
972,MsnO7
972,MsnO6
973,NcsC6
974,SgdE10
974,dnmQ
974,StfPII
974,CppJ
974,LzrG
974,CytW
975,PctJ
975,cmmK
976,RemG
976,Cxm24
976,ChdMII
976,CmmMII
976,RemH
976,OxyT
977,BlsL
977,ArgL
978,dnrK
979,HygM
980,MtdM3
980,MtdM4
981,PhqN
982,MsnM2
983,MsnM3
983,Sora13
984,ComE
985,BarI
986,Glv11
986,GliG
986,Glv10
986,SirG
987,FevF
987,GriF
987,NspF
988,phpA
989,AmiR
989,SdlI
989,OzeJ
989,LnmG
989,SgvQ
990,RebC
990,NokD
991,Tsk6
992,PsCrtY
993,cefD1
993,pcbC
993,PhqC
993,BcmB
993,BcmC
993,BcmF
993,BcmG
994,cpz23
994,LpmU
994,SsfX3
995,DhpK
995,GouK
996,CofA
997,SfmM2
998,DcsE
999,PrfK
999,PyfH
999,PyrM
1000,mbsB
1001,ClmL
1001,NikC
1001,CrmC
1002,StsC
1002,AprS
1002,GntA
1002,kanB
1002,ParS
1002,rbmB
1002,AlloG
1002,TbmB
1003,KstB3
1004,TnaA
1005,Por17
1005,SibQ
1005,MymQ
1005,Orf16
1006,arm8
1006,Med-ORF2
1006,rsdK2
1006,KstA2
1007,arm7
1007,KstA1
1008,ForA
1009,LldA6
1010,SsfG
1010,PctT
1010,edmD1
1010,MymG
1010,NatS
1011,SsfN
1011,SprP
1012,BexB
1012,ang14
1012,LldA2
1012,ChryB
1012,MrqB
1012,hrbE
1013,MsnK2
1013,MarR
1014,ang18
1014,LanV
1014,SaqN
1014,FlsO3
1014,JadF
1015,ChdT
1015,OxyJ
1015,Skt9
1016,dnrE
1016,snoaF
1017,KstD2
1018,LlpZIV
1018,MsnO1
1018,MtdU
1018,AzpN
1019,MmyW
1020,ObaL
1021,PolM-1
1021,PolM-2
1022,RubS6
1022,MrqO7
1023,Strop2194
1023,AlnP
1024,RubE1
1025,MakB1
1025,LbpC4
1025,AbyA1
1026,PctM
1026,MrtC
1026,SauC
1026,AmcF
1026,Clz11
1026,Cpr34
1027,KasC
1027,AmcC
1027,Mra21
1028,FrbE
1029,PsIdi
1030,cefD2
1031,penDE
1032,SbzN
1033,SbzA
1034,AmbI1
1034,AmbI2
1034,IsnA
1034,PvcA
1034,WelI1
1034,WelI2
1035,SznF
1035,StzF
1036,StrB2
1037,KstC4
1038,Amc4
1038,MihI
1038,AmiJ
1038,BlsD
1038,GouF
1038,MilC
1038,BlsF
1039,Anb10
1040,Anb12
1041,AzpL
1041,RedF
1042,BarJ
1043,Bra9
1044,Iso4
1045,JuiM
1046,MysC
1046,AziC2
1047,PnxMT2
1048,phpE
1049,PolC
1049,PolD
1050,CytP
1050,rsdC3
1051,phpD
1052,PnxP
1053,BarH
1054,MilH
1055,MupH
1056,MarG
1057,FlsV
1057,Nes29
1058,Fluo21
1059,dacE
1060,Pyr16
1060,Pyr17
1060,Ams9
1061,CmmH
1062,AgmB
1063,MacO
1064,8-AzgF
1064,ToyD
1064,PtnA
1065,AzpI
1066,Anb15
1067,MtdG2
1068,NysDI
1069,PctL
1070,KstD4
1070,KstA7
1071,ChaGT2
1072,AmiS
1073,PrfR
1073,PyfK
1073,CabR11
1074,PctB
1075,CyaC
1076,IstW
1077,Arn1
1077,CloV
1077,novV
1077,BexU
1078,SibI
1078,LldB11
1078,SimB1
1078,Nes60
1079,StrO
1080,MrtP
1081,MtdH
1081,NysDIII
1082,AmiF
1083,GliK
1084,FtmE
1084,cloA
1084,MrtJ
1084,ApdA
1084,ApdE
1084,LepH
1085,FtmG
1086,PtnB1
1086,PtmB1
1086,BagB
1086,GriI
1087,Fms14
1088,Por23
1089,Anb2
1090,AbeX1
1090,BorX1
1091,MacB
1092,StfOII
1092,arm15
1092,SnoT
1093,Iso3
1094,easE
1094,ChyH
1094,CnsA
1094,PenH
1094,TqaG
1095,CytK
1095,dnrF
1096,NikD
1096,ClmS
1096,CrmD
1097,PenE
1097,Aha6
1097,PrhF
1097,SibG
1097,TomO
1098,AvmO1
1098,GilOI
1099,Nes16
1099,Strop2188
1099,Strop2189
1099,ZhuK
1100,PrhJ
1101,Tjp7
1102,Por12
1103,AcmE
1104,IfnF
1104,AzpG
1105,CpkE
1106,NcsF1
1107,NcsF2
1108,NecI
1109,ccb5
1110,CmnL
1110,Kmy29
1111,Kmy17
1111,VemB
1112,MupJ
1112,MupK
1113,StmG
1114,phpH
1114,bcpE
1115,Ant24
1115,EctC
1116,CalS1
1116,NovW
1116,OleL
1116,SgcA2
1117,LldB12
1117,TjhB2
1117,NokG
1117,PnxS2
1117,SaqH
1118,RubN2
1118,May9.
1118,Lct48
1119,StrH
1120,StrX
1121,AmiE
1122,CytD
1123,LldM1
1123,EryBIII
1124,SimB3
1124,BusO
1124,HedP
1124,LkmBVI
1124,SnogH
1124,arm36
1124,SaqS
1124,snogH
1125,Bra4
1126,AvmO4
1127,Bra0
1127,SulO
1128,Kmy16
1128,VemC
1129,MupW
1130,WelO1
1130,WelO2
1130,WelO3
1131,DhpB
1132,MilN
1133,AzicN
1134,Anb1
1135,CazP
1135,LepF
1136,cpz25
1137,Fub6
1138,LlpS
1138,GouL
1139,AmcE
1140,KstB7
1141,SdmH
1142,SdmP
1143,SdmM
1144,DdaB
1145,DdaA
1146,AgmC
1147,AgmD
1148,Pyr9
1148,GliF
1148,Glv19
1148,Glv5
1148,Glv6
1148,AtaF
1148,Pyr3
1149,PhqL
1150,LepD
1150,AtaTC
1150,RoqR
1150,TcpC
1151,GliC
1152,NokJ
1152,LlpOVII
1152,OssL
1152,cosT
1152,cytL
1153,PctA
1154,AveE
1155,AvmP
1155,CppI
1155,JuiI
1156,CabI
1156,RubC2
1157,FtmC
1158,Glv12
1159,Glv14
1160,Glv3
1160,Glv2
1161,MrtK
1162,NftE
1163,TueS
1164,DcsG
1165,LvqB9
1166,BacG
1167,Amir_4627
1167,Ndas_1148
1167,YvmC
1168,ElmJ
1168,PdmL
1168,PnxL
1168,Lct30
1169,SbzM
1170,phpF
1171,SprO
1171,SprQ
1171,SalG
1171,CinF
1172,CnsK
1172,ccb1
1172,TqaD
1173,Sora4
1174,EvaC
1174,NovU
1174,CloU
1174,CumW
1174,MtmC
1174,novU
1174,SibM
1175,FrbF
1176,PdmB
1176,Cyt2
1177,CAS
1177,CapA
1178,lphzC
1179,Atr
1180,dacQ
1180,OxyQ
1181,lat
1181,StmF
1182,EtuH
1183,easC
1184,phpI
1184,bcpA
1185,CEAS
1186,Orf3
1186,BLS
1187,cpz21
1187,LpmS
1188,MtcA
1189,CarA
1190,cmmM
1191,ang11
1191,BexE
1191,LanE
1191,SqnF
1191,OvmOI
1192,JadH
1192,SaqE
1192,FlsO2
1192,May8.
1192,RavOI
1193,AmiH
1194,BtrG
1194,TcpK
1195,BtrJ
1195,Ant23
1195,BacD
1196,PurH
1196,FocH
1196,ForH
1197,EncJ
1198,MrtD
1199,StmB
1199,StmD
1200,PsCrtZ
1201,BacC
1202,StsE
1203,AcmA
1203,AcmW
1203,AcmB
1204,Amc18
1204,SznH
1205,FzmF
1206,DdaG
1207,HisG
1208,MacX
1209,NspJ
1209,Ask_Ect
1209,Fub3
1210,AzpE
1211,MilM
1212,pamI
1213,pamJ
1213,RhiJ
1214,Aha4
1214,ObaD
1215,KstC1
1216,SbzB
1216,ccbC
1217,AlloD
1218,Cer2
1219,cpz18
1219,PigE
1219,Mur20
1220,CqsB7
1221,PctC
1222,PigH
1222,RedN
1223,Por25
1224,AmiM
1224,ObaE
1224,Cpr38
1225,McyF
1226,PolN-1
1226,PolN-2
1226,cmmF
1227,ClmAH
1227,CrmL
1228,NatAM
1229,PyfA
1230,StrB1
1231,Nes32
1231,FlsN3
1231,Fluo23
1231,FzmO
1232,AmbP3
1233,FtaF
1233,ftaF
1234,KstC2
1235,SbzH
1236,AcmF
1237,AcmD
1238,dnrD
1239,easG
1240,FocA
1240,ToyG
1241,Nes33
1241,FlsS
1241,Fluo25
1241,FocB
1241,ForB
1241,PrfB
1241,PyfT
1241,ToyF
1241,FzmR
1242,AzicM
1243,CabL
1244,CloL
1245,EncH
1246,pcbAB
1247,MacI
1248,MacT
1248,SalT
1249,AcmV
1250,AcmI
1251,easD
1252,lomo9
1253,NftN
1253,CrmI
1254,MloK
1255,Pyr8
1255,SirH
1255,AtaH
1256,GouJ
1257,PolP
1258,cefG
1258,AfsA
1258,Spt9
1259,NikA
1260,ArgK
1261,ElmGT
1262,ToyM
1263,ToyC
1264,ToyB
1265,CalS2
1265,NovS
1265,OleU
1265,SnogC
1265,Arn40
1265,ChryU
1265,CloS
1265,CumU
1265,NokI
1265,novS
1265,RubS3
1265,snogC
1265,StrL
1266,EryBIV
1266,May22.
1267,LkmBIV
1268,NovT
1269,RmlB
1269,ChaS2
1269,Med-ORF17
1270,SgcA
1270,CloT
1270,CumV
1271,Arn39
1271,ChryE
1271,RavE
1271,SimB2
1271,snogK
1271,SsfS2
1272,SirD
1273,NikB
1274,easF
1275,ArgH
1275,HygL
1275,LmbS
1275,StrS
1275,AziC7
1275,BlsH
1275,SibN
1276,GntF
1276,kanD
1276,kanE
1277,HygS
1277,IstS
1277,BtrS
1278,KasR
1279,MtdG
1279,Pur4
1280,ObaF
1281,Ant14
1282,RavIM
1283,CqsB5
1283,MarP
1284,KasA
1285,Lon14
1285,Lon13
1286,cmcH
1287,MihB4
1287,Amc9
1288,HygE
1289,BacF
1290,DivE
1291,BacB
1292,AmbO5
1292,WelO5
1293,AknN
1294,MegT
1295,pamG
1296,Lon12
1297,CprN
1298,NcsB3
1298,Lct10
1299,AlloH
1299,AprC
1299,BtrC
1299,GntB
1299,HygC
1299,IstC
1299,kanA
1299,NeoC
1299,ParC
1299,rbmA
1299,TbmA
1300,ParE
1301,PsCrtB
1302,brm2
1302,arp2
1303,DhpC
1304,BprA
1305,Sora12
1305,Sora8
1305,Sora8
1306,AclH
1307,AknK
1308,Asd
1309,AtaY
1310,AtmS9
1311,AziC10
1312,AziC3
1313,AziC4
1314,AziC8
1315,AziD2
1316,bar
1316,pat
1317,Cap15
1318,CarD
1319,ClmG1
1320,CnsB
1321,CnsJ
1322,Cpr35
1322,SauD
1323,Cpr54
1324,CYP 121.00
1324,CYP 121.00
1325,EctA
1326,EctB
1327,FtmD
1328,FtmF
1329,Fub4
1330,Fub8
1330,Fub9
1330,NocN
1331,HpxV
1331,TblC
1332,mbsA
1333,MmyD
1334,MmyO
1335,Mra4
1336,Mur23
1336,TabA
1337,MymA
1338,MymD
1339,MysA
1340,MysD
1341,NocF
1342,NocJ
1343,Orf12
1344,Orf23
1344,SibC
1345,PenA
1346,pmmS
1346,pms
1347,ppm
1348,Pyr5
1349,RedX
1350,SalH
1351,SalL
1352,SalN
1353,SalQ
1354,SalS
1355,SibV
1356,Spt2
1357,Spt7
1358,TabB
1359,Tam C
1360,TcpD
1361,TomG
1362,TomN
1363,TqaC
