unit_id,substrate_family
4232,ACPC
10337,Orn
2080,2-EtMal
12903,long_chain_fa
5813,Trans-2CroGly
9969,Ser
13122,3-(3-Pyr)-L-alanine
12299,Asn
12470,3-ICBA
8040,Tyr
13493,Hpg
13534,Tyr
6264,Tyr
12424,Glu
9664,Pro
9024,3NcpAla
5007,Tyr
13553,Pro
12704,Dab(OH)
8479,Leu
5242,Pro
12916,Tyr
7821,6C4H3CA
12890,Tyr
4634,Arg
11821,Orn
8131,ClPhg
303,Pro
1407,Lys
4262,Pro
10730,Pro
13120,Trp
1423,Leu
5255,Orn
3997,Leu
5888,Dhl
13709,Trp
10577,6OHisoquicarb
3464,Abu
6580,Leu
6054,Ser
13251,ADH
4663,Aeo
300,Ahp
11640,AHV
4867,Leu
2604,Aib
9068,Ala
12282,Cys
3991,Orn
889,AMPA
5093,APA
7478,Arg
7478,Arg
13497,Asn
13986,Asp
3008,Ala
9332,long_chain_fa
12121,Uda
12546,End
7754,Lys
3381,Cys
12663,bmt
10358,Gln
12929,Tyr
7030,Val
8460,Phe
2356,Phe
12161,long_chain_fa
13319,long_chain_fa
1695,Cap
1695,Cap
9774,Choi
12260,Arg
4507,Piz
8104,Cys
7746,Tyr
2514,Asp
2476,Dab
13400,DABA
6170,DADH
11225,DABA
13723,Cys
1340,Arg
4381,Dhb
9277,Pro
12698,Hpg
13713,diClPIC
12876,Trp
11501,Leu
2160,Dap
978,End
9423,Pro
11702,Glu
12710,Gln
6932,Glu
5181,Gly
2108,Trp
3175,His
3718,Hpg
13693,Phe
906,Pip
7237,Ser
9279,Ile
2098,Val
2659,Trp
6411,Leu
3076,Lys
9122,Orn
12687,Phe
8278,Ala
13990,Asp
6244,MecPGly
3006,Hpg
7241,Phe
12104,Met
8996,Val
9384,Tyr
13670,N-Ac-DMPT
4505,Orn
13979,N-Ac-DMPT
13749,N-Me-bmt
12167,Thr
401,Gly
8939,Leu
8272,Ala
1083,Ser
12494,Val
5104,Orn
12351,Lys
7085,Lys
7493,Leu
12136,NCA
7849,Asp
13249,Asn
13985,Asp
10840,Glu
450,Orn
13601,Pro
1656,Trp
124,Tyr
12490,Orn
11389,Py-2-Car
8262,Phe
10256,Phe
9676,Piz
2167,PPCA
3362,Pro
9264,Ser
9264,Ser
13052,Ser
13233,Cys
9489,Tyr
12990,Tam
6693,Trp
6693,Trp
7272,Trp
13803,Tyr
1757,Val
13994,Asp
317,Abu
285,Trp
304,Phe
612,Phe
284,Thr
582,Tyr
620,Trp
611,Ahpb
321,Trp
693,Tyr
789,Tyr
809,Cys
783,Dap
788,Tyr
4232,ACPC
10337,Orn
2080,2-EtMal
12903,long_chain_fa
5813,Trans-2CroGly
9969,Ser
13122,3-(3-Pyr)-L-alanine
12299,Asn
12470,3-ICBA
8040,Tyr
13493,Hpg
13534,Tyr
6264,Tyr
12424,Glu
12424,Glu
12424,Glu
9664,Pro
9024,3NcpAla
5007,Tyr
13553,Pro
12704,Dab(OH)
8479,Leu
5242,Pro
12916,Tyr
7821,6C4H3CA
12890,Tyr
4634,Arg
11821,Orn
8131,ClPhg
303,Pro
1407,Lys
4262,Pro
10730,Pro
13120,Trp
1423,Leu
5255,Orn
3997,Leu
5888,Dhl
13709,Trp
10577,6OHisoquicarb
3464,Abu
6580,Leu
6054,Ser
13251,ADH
4663,Aeo
300,Ahp
11640,AHV
4867,Leu
2604,Aib
9068,Ala
12282,Cys
3991,Orn
889,AMPA
5093,APA
7478,Arg
7478,Arg
13497,Asn
13986,Asp
13986,Asp
13986,Asp
3008,Ala
9332,long_chain_fa
12121,Uda
12546,End
7754,Lys
3381,Cys
12663,bmt
10358,Gln
12929,Tyr
7030,Val
8460,Phe
2356,Phe
12161,long_chain_fa
13319,long_chain_fa
1695,Cap
1695,Cap
9774,Choi
12260,Arg
4507,Piz
8104,Cys
7746,Tyr
2514,Asp
2514,Asp
2514,Asp
2476,Dab
13400,DABA
6170,DADH
11225,DABA
13723,Cys
1340,Arg
4381,Dhb
9277,Pro
12698,Hpg
13713,diClPIC
12876,Trp
11501,Leu
2160,Dap
978,End
9423,Pro
11702,Glu
12710,Gln
6932,Glu
6932,Glu
6932,Glu
5181,Gly
2108,Trp
3175,His
3718,Hpg
13693,Phe
906,Pip
7237,Ser
9279,Ile
2098,Val
2659,Trp
6411,Leu
3076,Lys
9122,Orn
12687,Phe
8278,Ala
13990,Asp
13990,Asp
13990,Asp
6244,MecPGly
3006,Hpg
7241,Phe
12104,Met
8996,Val
9384,Tyr
13670,N-Ac-DMPT
4505,Orn
13979,N-Ac-DMPT
13979,N-Ac-DMPT
13979,N-Ac-DMPT
13749,N-Me-bmt
12167,Thr
401,Gly
8939,Leu
8272,Ala
1083,Ser
12494,Val
5104,Orn
12351,Lys
7085,Lys
7493,Leu
12136,NCA
7849,Asp
13249,Asn
13985,Asp
13985,Asp
13985,Asp
10840,Glu
10840,Glu
10840,Glu
450,Orn
13601,Pro
1656,Trp
124,Tyr
12490,Orn
11389,Py-2-Car
8262,Phe
10256,Phe
9676,Piz
2167,PPCA
3362,Pro
9264,Ser
9264,Ser
13052,Ser
13233,Cys
9489,Tyr
12990,Tam
6693,Trp
6693,Trp
7272,Trp
13803,Tyr
1757,Val
13994,Asp
13994,Asp
13994,Asp
317,Abu
285,Trp
304,Phe
612,Phe
284,Thr
582,Tyr
611,Ahpb
321,Trp
693,Tyr
789,Tyr
809,Cys
788,Tyr
4232,ACPC
10337,Orn
12903,long_chain_fa
5813,Trans-2CroGly
9969,Ser
13122,3-(3-Pyr)-L-alanine
12299,Asn
8040,Tyr
13493,Hpg
13534,Tyr
6264,Tyr
12424,Glu
9024,3NcpAla
5007,Tyr
12704,Dab(OH)
8479,Leu
12916,Tyr
12890,Tyr
4634,Arg
11821,Orn
8131,ClPhg
1407,Lys
13120,Trp
1423,Leu
5255,Orn
3997,Leu
5888,Dhl
13709,Trp
10331,Abu
13251,ADH
4663,Aeo
11640,AHV
4867,Leu
2604,Aib
9068,Ala
12282,Cys
3991,Orn
5093,APA
7478,Arg
7478,Arg
13497,Asn
13986,Asp
12121,Uda
12546,End
3381,Cys
12663,bmt
10358,Gln
12929,Tyr
7030,Val
8460,Phe
12161,long_chain_fa
1695,Cap
1695,Cap
12260,Arg
8104,Cys
2514,Asp
2476,Dab
6170,DADH
11225,DABA
13723,Cys
1340,Arg
12698,Hpg
12876,Trp
11501,Leu
2160,Dap
978,End
12710,Gln
6932,Glu
5181,Gly
3175,His
3718,Hpg
13693,Phe
7237,Ser
9279,Ile
2098,Val
2659,Trp
6411,Leu
3076,Lys
12687,Phe
6244,MecPGly
12104,Met
9384,Tyr
12351,Lys
7085,Lys
7493,Leu
12136,NCA
7849,Asp
13249,Asn
13985,Asp
10840,Glu
450,Orn
1656,Trp
124,Tyr
12490,Orn
8262,Phe
10256,Phe
9264,Ser
13052,Ser
13233,Cys
12990,Tam
6693,Trp
6693,Trp
7272,Trp
13803,Tyr
1757,Val
13994,Asp
285,Trp
612,Phe
284,Thr
611,Ahpb
321,Trp
789,Tyr
788,Tyr
12424,Glu
13986,Asp
2514,Asp
6932,Glu
7849,Asp
13985,Asp
10840,Glu
13994,Asp
4232,ACPC
10337,Orn
12903,long_chain_fa
5813,Trans-2CroGly
9969,Ser
13122,3-(3-Pyr)-L-alanine
12299,Asn
8040,Tyr
13493,Hpg
13534,Tyr
6264,Tyr
12424,Glu
12424,Glu
9664,Pro
9024,3NcpAla
5007,Tyr
13553,Pro
12704,Dab(OH)
8479,Leu
5242,Pro
12916,Tyr
12890,Tyr
4634,Arg
11821,Orn
8131,ClPhg
303,Pro
1407,Lys
4262,Pro
10730,Pro
13120,Trp
1423,Leu
5255,Orn
3997,Leu
5888,Dhl
13709,Trp
10577,6OHisoquicarb
3464,Abu
6580,Leu
6054,Ser
13251,ADH
4663,Aeo
300,Ahp
11640,AHV
4867,Leu
2604,Aib
9068,Ala
12282,Cys
3991,Orn
5093,APA
7478,Arg
7478,Arg
13497,Asn
13986,Asp
13986,Asp
12121,Uda
12546,End
3381,Cys
12663,bmt
10358,Gln
12929,Tyr
7030,Val
8460,Phe
12161,long_chain_fa
1695,Cap
1695,Cap
9774,Choi
12260,Arg
4507,Piz
8104,Cys
7746,Tyr
2514,Asp
2514,Asp
2476,Dab
13400,DABA
6170,DADH
11225,DABA
13723,Cys
1340,Arg
9277,Pro
12698,Hpg
13713,diClPIC
12876,Trp
11501,Leu
2160,Dap
978,End
9423,Pro
11702,Glu
12710,Gln
6932,Glu
6932,Glu
5181,Gly
2108,Trp
3175,His
3718,Hpg
13693,Phe
906,Pip
7237,Ser
9279,Ile
2098,Val
2659,Trp
6411,Leu
3076,Lys
9122,Orn
12687,Phe
8278,Ala
13990,Asp
13990,Asp
6244,MecPGly
3006,Hpg
7241,Phe
12104,Met
8996,Val
9384,Tyr
13670,N-Ac-DMPT
4505,Orn
13979,N-Ac-DMPT
13979,N-Ac-DMPT
13749,N-Me-bmt
12167,Thr
401,Gly
8939,Leu
8272,Ala
1083,Ser
12494,Val
5104,Orn
12351,Lys
7085,Lys
7493,Leu
12136,NCA
13249,Asn
13985,Asp
13985,Asp
10840,Glu
10840,Glu
450,Orn
13601,Pro
1656,Trp
124,Tyr
12490,Orn
8262,Phe
10256,Phe
9676,Piz
2167,PPCA
3362,Pro
9264,Ser
9264,Ser
13052,Ser
13233,Cys
9489,Tyr
12990,Tam
6693,Trp
6693,Trp
7272,Trp
13803,Tyr
1757,Val
13994,Asp
13994,Asp
285,Trp
304,Phe
612,Phe
284,Thr
582,Tyr
611,Ahpb
321,Trp
693,Tyr
789,Tyr
809,Cys
788,Tyr
4232,ACPC
10337,Orn
12903,long_chain_fa
5813,Trans-2CroGly
9969,Ser
13122,3-(3-Pyr)-L-alanine
12299,Asn
8040,Tyr
13493,Hpg
13534,Tyr
6264,Tyr
12424,Glu
9024,3NcpAla
5007,Tyr
12704,Dab(OH)
8479,Leu
12916,Tyr
12890,Tyr
4634,Arg
11821,Orn
8131,ClPhg
1407,Lys
13120,Trp
1423,Leu
5255,Orn
3997,Leu
5888,Dhl
13709,Trp
10331,Abu
13251,ADH
4663,Aeo
11640,AHV
4867,Leu
2604,Aib
9068,Ala
12282,Cys
3991,Orn
5093,APA
7478,Arg
7478,Arg
13497,Asn
13986,Asp
12121,Uda
12546,End
3381,Cys
12663,bmt
10358,Gln
12929,Tyr
7030,Val
8460,Phe
12161,long_chain_fa
1695,Cap
1695,Cap
12260,Arg
8104,Cys
2514,Asp
2476,Dab
6170,DADH
11225,DABA
13723,Cys
1340,Arg
12698,Hpg
12876,Trp
11501,Leu
2160,Dap
978,End
12710,Gln
6932,Glu
5181,Gly
3175,His
3718,Hpg
13693,Phe
7237,Ser
9279,Ile
2098,Val
2659,Trp
6411,Leu
3076,Lys
12687,Phe
6244,MecPGly
12104,Met
9384,Tyr
12351,Lys
7085,Lys
7493,Leu
12136,NCA
7849,Asp
13249,Asn
13985,Asp
10840,Glu
450,Orn
1656,Trp
124,Tyr
12490,Orn
8262,Phe
10256,Phe
9264,Ser
13052,Ser
13233,Cys
12990,Tam
6693,Trp
6693,Trp
7272,Trp
13803,Tyr
1757,Val
13994,Asp
285,Trp
612,Phe
284,Thr
611,Ahpb
321,Trp
789,Tyr
783,Dap
788,Tyr
4232,ACPC
10337,Orn
12903,long_chain_fa
5813,Trans-2CroGly
9969,Ser
13122,3-(3-Pyr)-L-alanine
12299,Asn
8040,Tyr
13493,Hpg
13534,Tyr
6264,Tyr
12424,Glu
12424,Glu
9024,3NcpAla
5007,Tyr
12704,Dab(OH)
8479,Leu
12916,Tyr
12890,Tyr
4634,Arg
11821,Orn
8131,ClPhg
1407,Lys
13120,Trp
1423,Leu
5255,Orn
3997,Leu
5888,Dhl
13709,Trp
3464,Abu
13251,ADH
4663,Aeo
300,Ahp
11640,AHV
4867,Leu
2604,Aib
9068,Ala
12282,Cys
3991,Orn
5093,APA
7478,Arg
7478,Arg
13497,Asn
13986,Asp
13986,Asp
12121,Uda
12546,End
3381,Cys
12663,bmt
10358,Gln
12929,Tyr
7030,Val
8460,Phe
12161,long_chain_fa
1695,Cap
1695,Cap
12260,Arg
8104,Cys
2514,Asp
2514,Asp
2476,Dab
6170,DADH
11225,DABA
13723,Cys
1340,Arg
12698,Hpg
12876,Trp
11501,Leu
2160,Dap
978,End
12710,Gln
6932,Glu
6932,Glu
5181,Gly
3175,His
3718,Hpg
13693,Phe
7237,Ser
9279,Ile
2098,Val
2659,Trp
6411,Leu
3076,Lys
12687,Phe
6244,MecPGly
12104,Met
9384,Tyr
12351,Lys
7085,Lys
7493,Leu
12136,NCA
7849,Asp
13249,Asn
13985,Asp
13985,Asp
10840,Glu
10840,Glu
450,Orn
1656,Trp
124,Tyr
12490,Orn
8262,Phe
10256,Phe
9264,Ser
13052,Ser
13233,Cys
12990,Tam
6693,Trp
6693,Trp
7272,Trp
13803,Tyr
1757,Val
13994,Asp
13994,Asp
285,Trp
612,Phe
284,Thr
611,Ahpb
321,Trp
789,Tyr
788,Tyr
300,Ahp
12704,Dab(OH)
4634,Arg
4634,Arg
11821,Orn
1407,Lys
5888,Dhl
300,Ahp
7478,Arg
7478,Arg
7478,Arg
13497,Asn
12121,Uda
12121,Uda
12546,End
12546,End
7754,Lys
10358,Gln
1695,Cap
1695,Cap
1695,Cap
1695,Cap
12260,Arg
12260,Arg
4507,Piz
2476,Dab
13400,DABA
6170,DADH
11225,DABA
1340,Arg
1340,Arg
9277,Pro
13713,diClPIC
2160,Dap
978,End
978,End
11702,Glu
12710,Gln
2108,Trp
2659,Trp
3076,Lys
9122,Orn
7085,Lys
13249,Asn
450,Orn
12490,Orn
8262,Phe
9676,Piz
9264,Ser
12990,Tam
321,Trp
693,Tyr
12121,Uda
1695,Cap
1695,Cap
12121,Uda
1695,Cap
1695,Cap
10337,Orn
12903,long_chain_fa
5813,Trans-2CroGly
13122,3-(3-Pyr)-L-alanine
12299,Asn
8040,Tyr
13534,Tyr
6264,Tyr
12424,Glu
9664,Pro
9024,3NcpAla
5007,Tyr
13553,Pro
12704,Dab(OH)
8479,Leu
5242,Pro
12916,Tyr
12890,Tyr
4634,Arg
11821,Orn
303,Pro
1407,Lys
4262,Pro
10730,Pro
13120,Trp
1423,Leu
5255,Orn
3997,Leu
5888,Dhl
13709,Trp
3464,Abu
6580,Leu
6054,Ser
13251,ADH
4663,Aeo
300,Ahp
300,Ahp
11640,AHV
4867,Leu
9068,Ala
3991,Orn
7478,Arg
7478,Arg
13497,Asn
13986,Asp
12121,Uda
12546,End
3381,Cys
12663,bmt
10358,Gln
12929,Tyr
8460,Phe
12161,long_chain_fa
1695,Cap
1695,Cap
9774,Choi
12260,Arg
4507,Piz
8104,Cys
7746,Tyr
2514,Asp
2476,Dab
13400,DABA
6170,DADH
11225,DABA
9277,Pro
13713,diClPIC
12876,Trp
11501,Leu
2160,Dap
978,End
9423,Pro
11702,Glu
12710,Gln
6932,Glu
2108,Trp
3175,His
13693,Phe
906,Pip
7237,Ser
9279,Ile
2659,Trp
6411,Leu
3076,Lys
9122,Orn
12687,Phe
8278,Ala
13990,Asp
7241,Phe
12104,Met
8996,Val
9384,Tyr
13670,N-Ac-DMPT
4505,Orn
13979,N-Ac-DMPT
13749,N-Me-bmt
12167,Thr
8939,Leu
8272,Ala
1083,Ser
12494,Val
5104,Orn
12351,Lys
7085,Lys
7493,Leu
7849,Asp
13249,Asn
13985,Asp
10840,Glu
450,Orn
1656,Trp
124,Tyr
12490,Orn
8262,Phe
10256,Phe
9676,Piz
2167,PPCA
3362,Pro
9264,Ser
9264,Ser
13052,Ser
13233,Cys
9489,Tyr
12990,Tam
6693,Trp
6693,Trp
7272,Trp
13803,Tyr
1757,Val
13994,Asp
285,Trp
304,Phe
612,Phe
611,Ahpb
321,Trp
693,Tyr
809,Cys
783,Dap
788,Tyr
10337,Orn
12903,long_chain_fa
5813,Trans-2CroGly
13122,3-(3-Pyr)-L-alanine
12299,Asn
8040,Tyr
13534,Tyr
6264,Tyr
12424,Glu
12424,Glu
12424,Glu
9664,Pro
9024,3NcpAla
5007,Tyr
13553,Pro
12704,Dab(OH)
8479,Leu
5242,Pro
12916,Tyr
12890,Tyr
4634,Arg
11821,Orn
303,Pro
1407,Lys
4262,Pro
10730,Pro
13120,Trp
1423,Leu
5255,Orn
3997,Leu
5888,Dhl
13709,Trp
3464,Abu
6580,Leu
6054,Ser
13251,ADH
4663,Aeo
300,Ahp
300,Ahp
11640,AHV
4867,Leu
9068,Ala
3991,Orn
7478,Arg
7478,Arg
13497,Asn
13986,Asp
13986,Asp
13986,Asp
12121,Uda
12546,End
3381,Cys
12663,bmt
10358,Gln
12929,Tyr
8460,Phe
12161,long_chain_fa
1695,Cap
1695,Cap
9774,Choi
12260,Arg
4507,Piz
8104,Cys
7746,Tyr
2514,Asp
2514,Asp
2514,Asp
2476,Dab
13400,DABA
6170,DADH
11225,DABA
9277,Pro
13713,diClPIC
12876,Trp
11501,Leu
2160,Dap
978,End
9423,Pro
11702,Glu
12710,Gln
6932,Glu
6932,Glu
6932,Glu
2108,Trp
3175,His
13693,Phe
906,Pip
7237,Ser
9279,Ile
2659,Trp
6411,Leu
3076,Lys
9122,Orn
12687,Phe
8278,Ala
13990,Asp
13990,Asp
13990,Asp
7241,Phe
12104,Met
8996,Val
9384,Tyr
13670,N-Ac-DMPT
4505,Orn
13979,N-Ac-DMPT
13979,N-Ac-DMPT
13979,N-Ac-DMPT
13749,N-Me-bmt
12167,Thr
8939,Leu
8272,Ala
1083,Ser
12494,Val
5104,Orn
12351,Lys
7085,Lys
7493,Leu
7849,Asp
13249,Asn
13985,Asp
13985,Asp
13985,Asp
10840,Glu
10840,Glu
10840,Glu
450,Orn
1656,Trp
124,Tyr
12490,Orn
8262,Phe
10256,Phe
9676,Piz
2167,PPCA
3362,Pro
9264,Ser
9264,Ser
13052,Ser
13233,Cys
9489,Tyr
12990,Tam
6693,Trp
6693,Trp
7272,Trp
13803,Tyr
1757,Val
13994,Asp
13994,Asp
13994,Asp
285,Trp
304,Phe
612,Phe
611,Ahpb
321,Trp
693,Tyr
809,Cys
788,Tyr
300,Ahp
12704,Dab(OH)
4634,Arg
4634,Arg
11821,Orn
1407,Lys
5888,Dhl
300,Ahp
300,Ahp
7478,Arg
7478,Arg
7478,Arg
13497,Asn
12121,Uda
12121,Uda
12546,End
12546,End
10358,Gln
1695,Cap
1695,Cap
1695,Cap
1695,Cap
12260,Arg
12260,Arg
4507,Piz
2476,Dab
13400,DABA
6170,DADH
11225,DABA
9277,Pro
13713,diClPIC
2160,Dap
978,End
978,End
11702,Glu
12710,Gln
2108,Trp
2659,Trp
3076,Lys
9122,Orn
7085,Lys
13249,Asn
450,Orn
12490,Orn
8262,Phe
9676,Piz
9264,Ser
12990,Tam
321,Trp
693,Tyr
10337,Orn
12903,long_chain_fa
5813,Trans-2CroGly
13122,3-(3-Pyr)-L-alanine
12299,Asn
8040,Tyr
13493,Hpg
13534,Tyr
6264,Tyr
12424,Glu
9024,3NcpAla
5007,Tyr
12704,Dab(OH)
8479,Leu
12916,Tyr
12890,Tyr
4634,Arg
11821,Orn
8131,ClPhg
1407,Lys
13120,Trp
1423,Leu
5255,Orn
3997,Leu
5888,Dhl
13709,Trp
3464,Abu
13251,ADH
4663,Aeo
300,Ahp
11640,AHV
4867,Leu
9068,Ala
3991,Orn
7478,Arg
7478,Arg
13497,Asn
13986,Asp
12121,Uda
12546,End
3381,Cys
12663,bmt
10358,Gln
12929,Tyr
7030,Val
8460,Phe
12161,long_chain_fa
1695,Cap
1695,Cap
12260,Arg
8104,Cys
2514,Asp
2476,Dab
6170,DADH
11225,DABA
12698,Hpg
12876,Trp
11501,Leu
2160,Dap
978,End
12710,Gln
6932,Glu
3175,His
3718,Hpg
13693,Phe
7237,Ser
9279,Ile
2659,Trp
6411,Leu
3076,Lys
12687,Phe
6244,MecPGly
12104,Met
9384,Tyr
12351,Lys
7085,Lys
7493,Leu
7849,Asp
13249,Asn
13985,Asp
10840,Glu
450,Orn
1656,Trp
124,Tyr
12490,Orn
8262,Phe
10256,Phe
9264,Ser
13052,Ser
13233,Cys
12990,Tam
6693,Trp
6693,Trp
7272,Trp
13803,Tyr
1757,Val
13994,Asp
285,Trp
612,Phe
611,Ahpb
321,Trp
783,Dap
788,Tyr
10337,Orn
12903,long_chain_fa
5813,Trans-2CroGly
13122,3-(3-Pyr)-L-alanine
12299,Asn
8040,Tyr
13493,Hpg
13534,Tyr
6264,Tyr
12424,Glu
12424,Glu
12424,Glu
9024,3NcpAla
5007,Tyr
12704,Dab(OH)
8479,Leu
12916,Tyr
12890,Tyr
4634,Arg
11821,Orn
8131,ClPhg
1407,Lys
13120,Trp
1423,Leu
5255,Orn
3997,Leu
5888,Dhl
13709,Trp
3464,Abu
13251,ADH
4663,Aeo
300,Ahp
11640,AHV
4867,Leu
9068,Ala
3991,Orn
7478,Arg
7478,Arg
13497,Asn
13986,Asp
13986,Asp
13986,Asp
12121,Uda
12546,End
3381,Cys
12663,bmt
10358,Gln
12929,Tyr
7030,Val
8460,Phe
12161,long_chain_fa
1695,Cap
1695,Cap
12260,Arg
8104,Cys
2514,Asp
2514,Asp
2514,Asp
2476,Dab
6170,DADH
11225,DABA
12698,Hpg
12876,Trp
11501,Leu
2160,Dap
978,End
12710,Gln
6932,Glu
6932,Glu
6932,Glu
3175,His
3718,Hpg
13693,Phe
7237,Ser
9279,Ile
2659,Trp
6411,Leu
3076,Lys
12687,Phe
6244,MecPGly
12104,Met
9384,Tyr
12351,Lys
7085,Lys
7493,Leu
7849,Asp
13249,Asn
13985,Asp
13985,Asp
13985,Asp
10840,Glu
10840,Glu
10840,Glu
450,Orn
1656,Trp
124,Tyr
12490,Orn
8262,Phe
10256,Phe
9264,Ser
13052,Ser
13233,Cys
12990,Tam
6693,Trp
6693,Trp
7272,Trp
13803,Tyr
1757,Val
13994,Asp
13994,Asp
13994,Asp
285,Trp
612,Phe
611,Ahpb
321,Trp
788,Tyr
300,Ahp
12704,Dab(OH)
4634,Arg
4634,Arg
11821,Orn
1407,Lys
5888,Dhl
7478,Arg
7478,Arg
7478,Arg
13497,Asn
12121,Uda
12121,Uda
12546,End
12546,End
10358,Gln
1695,Cap
1695,Cap
1695,Cap
1695,Cap
12260,Arg
12260,Arg
2476,Dab
6170,DADH
11225,DABA
2160,Dap
978,End
978,End
12710,Gln
2659,Trp
3076,Lys
7085,Lys
13249,Asn
450,Orn
12490,Orn
8262,Phe
12990,Tam
321,Trp
300,Ahp
300,Ahp
12424,Glu
13986,Asp
2514,Asp
6932,Glu
13985,Asp
10840,Glu
4232,ACPC
10337,Orn
12903,long_chain_fa
5813,Trans-2CroGly
9969,Ser
13122,3-(3-Pyr)-L-alanine
12299,Asn
8040,Tyr
13493,Hpg
13534,Tyr
6264,Tyr
12424,Glu
9664,Pro
9024,3NcpAla
5007,Tyr
13553,Pro
12704,Dab(OH)
8479,Leu
5242,Pro
12916,Tyr
12890,Tyr
4634,Arg
11821,Orn
8131,ClPhg
303,Pro
1407,Lys
4262,Pro
10730,Pro
13120,Trp
1423,Leu
5255,Orn
3997,Leu
5888,Dhl
13709,Trp
10577,6OHisoquicarb
10331,Abu
6580,Leu
6054,Ser
13251,ADH
4663,Aeo
300,Ahp
11640,AHV
4867,Leu
2604,Aib
9068,Ala
12282,Cys
3991,Orn
5093,APA
7478,Arg
7478,Arg
13497,Asn
13986,Asp
12121,Uda
12546,End
3381,Cys
12663,bmt
10358,Gln
12929,Tyr
7030,Val
8460,Phe
12161,long_chain_fa
1695,Cap
1695,Cap
9774,Choi
12260,Arg
4507,Piz
8104,Cys
7746,Tyr
2514,Asp
2476,Dab
13400,DABA
6170,DADH
11225,DABA
13723,Cys
1340,Arg
9277,Pro
12698,Hpg
13713,diClPIC
12876,Trp
11501,Leu
2160,Dap
978,End
9423,Pro
11702,Glu
12710,Gln
6932,Glu
5181,Gly
2108,Trp
3175,His
3718,Hpg
13693,Phe
906,Pip
7237,Ser
9279,Ile
2098,Val
2659,Trp
6411,Leu
3076,Lys
9122,Orn
12687,Phe
8278,Ala
13990,Asp
6244,MecPGly
3006,Hpg
7241,Phe
12104,Met
8996,Val
9384,Tyr
13670,N-Ac-DMPT
4505,Orn
13979,N-Ac-DMPT
13749,N-Me-bmt
12167,Thr
401,Gly
8939,Leu
8272,Ala
1083,Ser
12494,Val
5104,Orn
12351,Lys
7085,Lys
7493,Leu
12136,NCA
7849,Asp
13249,Asn
13985,Asp
10840,Glu
450,Orn
13601,Pro
1656,Trp
124,Tyr
12490,Orn
8262,Phe
10256,Phe
9676,Piz
2167,PPCA
3362,Pro
9264,Ser
9264,Ser
13052,Ser
13233,Cys
9489,Tyr
12990,Tam
6693,Trp
6693,Trp
7272,Trp
13803,Tyr
1757,Val
13994,Asp
285,Trp
304,Phe
612,Phe
284,Thr
582,Tyr
611,Ahpb
321,Trp
693,Tyr
789,Tyr
809,Cys
788,Tyr
12424,Glu
13986,Asp
2514,Asp
6932,Glu
13990,Asp
13979,N-Ac-DMPT
7849,Asp
13985,Asp
10840,Glu
13994,Asp
10337,Orn
12903,long_chain_fa
5813,Trans-2CroGly
13122,3-(3-Pyr)-L-alanine
12299,Asn
8040,Tyr
13534,Tyr
6264,Tyr
12424,Glu
9664,Pro
9024,3NcpAla
5007,Tyr
13553,Pro
12704,Dab(OH)
8479,Leu
5242,Pro
12916,Tyr
12890,Tyr
4634,Arg
11821,Orn
303,Pro
1407,Lys
4262,Pro
10730,Pro
13120,Trp
1423,Leu
5255,Orn
3997,Leu
5888,Dhl
13709,Trp
10331,Abu
6580,Leu
6054,Ser
13251,ADH
4663,Aeo
300,Ahp
300,Ahp
11640,AHV
4867,Leu
9068,Ala
3991,Orn
7478,Arg
7478,Arg
13497,Asn
13986,Asp
12121,Uda
12546,End
3381,Cys
12663,bmt
10358,Gln
12929,Tyr
8460,Phe
12161,long_chain_fa
1695,Cap
1695,Cap
9774,Choi
12260,Arg
4507,Piz
8104,Cys
7746,Tyr
2514,Asp
2476,Dab
13400,DABA
6170,DADH
11225,DABA
13713,diClPIC
12876,Trp
11501,Leu
2160,Dap
978,End
9423,Pro
11702,Glu
12710,Gln
6932,Glu
2108,Trp
3175,His
13693,Phe
906,Pip
7237,Ser
9279,Ile
2659,Trp
6411,Leu
3076,Lys
9122,Orn
12687,Phe
8278,Ala
13990,Asp
7241,Phe
12104,Met
8996,Val
9384,Tyr
13670,N-Ac-DMPT
4505,Orn
13979,N-Ac-DMPT
13749,N-Me-bmt
12167,Thr
8939,Leu
8272,Ala
1083,Ser
12494,Val
5104,Orn
12351,Lys
7085,Lys
7493,Leu
7849,Asp
13249,Asn
13985,Asp
10840,Glu
450,Orn
1656,Trp
124,Tyr
12490,Orn
8262,Phe
10256,Phe
9676,Piz
3362,Pro
9264,Ser
9264,Ser
13052,Ser
13233,Cys
9489,Tyr
12990,Tam
6693,Trp
6693,Trp
7272,Trp
13803,Tyr
1757,Val
13994,Asp
285,Trp
304,Phe
612,Phe
611,Ahpb
321,Trp
693,Tyr
809,Cys
788,Tyr
12424,Glu
13986,Asp
2514,Asp
6932,Glu
13990,Asp
13979,N-Ac-DMPT
7849,Asp
13985,Asp
10840,Glu
13994,Asp
300,Ahp
300,Ahp
2080,2-EtMal
12470,3-ICBA
889,AMPA
13986,Asp
3008,Ala
9332,long_chain_fa
12121,Uda
7754,Lys
2356,Phe
13319,long_chain_fa
1695,Cap
1695,Cap
2514,Asp
13400,DABA
11225,DABA
4381,Dhb
2160,Dap
13990,Asp
7849,Asp
13985,Asp
12990,Tam
13994,Asp
317,Abu
13986,Asp
2514,Asp
13990,Asp
13985,Asp
13994,Asp
13986,Asp
2514,Asp
7849,Asp
13985,Asp
13994,Asp
13986,Asp
2514,Asp
13990,Asp
13985,Asp
13994,Asp
12121,Uda
1695,Cap
1695,Cap
11225,DABA
2160,Dap
12990,Tam
5093,APA
13723,Cys
1340,Arg
284,Thr
582,Tyr
789,Tyr
10337,Orn
12903,long_chain_fa
5813,Trans-2CroGly
13122,3-(3-Pyr)-L-alanine
12299,Asn
8040,Tyr
13534,Tyr
6264,Tyr
12424,Glu
9664,Pro
9024,3NcpAla
5007,Tyr
13553,Pro
12704,Dab(OH)
8479,Leu
5242,Pro
12916,Tyr
12890,Tyr
4634,Arg
11821,Orn
303,Pro
1407,Lys
4262,Pro
10730,Pro
13120,Trp
1423,Leu
5255,Orn
3997,Leu
5888,Dhl
13709,Trp
10331,Abu
6580,Leu
6054,Ser
13251,ADH
4663,Aeo
300,Ahp
11640,AHV
4867,Leu
9068,Ala
3991,Orn
7478,Arg
7478,Arg
13497,Asn
13986,Asp
13986,Asp
12121,Uda
12546,End
3381,Cys
12663,bmt
10358,Gln
12929,Tyr
8460,Phe
12161,long_chain_fa
1695,Cap
1695,Cap
9774,Choi
12260,Arg
4507,Piz
8104,Cys
7746,Tyr
2514,Asp
2514,Asp
2476,Dab
13400,DABA
6170,DADH
11225,DABA
13713,diClPIC
12876,Trp
11501,Leu
2160,Dap
978,End
9423,Pro
11702,Glu
12710,Gln
6932,Glu
2108,Trp
3175,His
13693,Phe
906,Pip
7237,Ser
9279,Ile
2659,Trp
6411,Leu
3076,Lys
9122,Orn
12687,Phe
8278,Ala
13990,Asp
13990,Asp
7241,Phe
12104,Met
8996,Val
9384,Tyr
13670,N-Ac-DMPT
4505,Orn
13979,N-Ac-DMPT
13749,N-Me-bmt
12167,Thr
8939,Leu
8272,Ala
1083,Ser
12494,Val
5104,Orn
12351,Lys
7085,Lys
7493,Leu
7849,Asp
7849,Asp
13249,Asn
13985,Asp
13985,Asp
10840,Glu
450,Orn
1656,Trp
124,Tyr
12490,Orn
8262,Phe
10256,Phe
9676,Piz
3362,Pro
9264,Ser
9264,Ser
13052,Ser
13233,Cys
9489,Tyr
12990,Tam
6693,Trp
6693,Trp
7272,Trp
13803,Tyr
1757,Val
13994,Asp
13994,Asp
285,Trp
304,Phe
612,Phe
611,Ahpb
321,Trp
693,Tyr
809,Cys
788,Tyr
12424,Glu
13986,Asp
13986,Asp
2514,Asp
2514,Asp
6932,Glu
13990,Asp
13990,Asp
13979,N-Ac-DMPT
7849,Asp
13985,Asp
13985,Asp
10840,Glu
13994,Asp
13994,Asp
300,Ahp
4232,ACPC
10337,Orn
12903,long_chain_fa
5813,Trans-2CroGly
9969,Ser
13122,3-(3-Pyr)-L-alanine
12299,Asn
8040,Tyr
13493,Hpg
13534,Tyr
6264,Tyr
12424,Glu
9664,Pro
9024,3NcpAla
5007,Tyr
13553,Pro
12704,Dab(OH)
8479,Leu
5242,Pro
12916,Tyr
12890,Tyr
4634,Arg
11821,Orn
8131,ClPhg
303,Pro
1407,Lys
4262,Pro
10730,Pro
13120,Trp
1423,Leu
5255,Orn
3997,Leu
5888,Dhl
13709,Trp
10577,6OHisoquicarb
10331,Abu
6580,Leu
6054,Ser
13251,ADH
4663,Aeo
300,Ahp
11640,AHV
4867,Leu
2604,Aib
9068,Ala
12282,Cys
3991,Orn
5093,APA
7478,Arg
7478,Arg
13497,Asn
13986,Asp
12121,Uda
12546,End
3381,Cys
12663,bmt
10358,Gln
12929,Tyr
7030,Val
8460,Phe
12161,long_chain_fa
1695,Cap
1695,Cap
9774,Choi
12260,Arg
4507,Piz
8104,Cys
7746,Tyr
2514,Asp
2476,Dab
13400,DABA
6170,DADH
11225,DABA
13723,Cys
1340,Arg
9277,Pro
12698,Hpg
13713,diClPIC
12876,Trp
11501,Leu
2160,Dap
978,End
9423,Pro
11702,Glu
12710,Gln
6932,Glu
5181,Gly
2108,Trp
3175,His
3718,Hpg
13693,Phe
906,Pip
7237,Ser
9279,Ile
2098,Val
2659,Trp
6411,Leu
3076,Lys
9122,Orn
12687,Phe
8278,Ala
13990,Asp
6244,MecPGly
3006,Hpg
7241,Phe
12104,Met
8996,Val
9384,Tyr
13670,N-Ac-DMPT
4505,Orn
13979,N-Ac-DMPT
13749,N-Me-bmt
12167,Thr
401,Gly
8939,Leu
8272,Ala
1083,Ser
12494,Val
5104,Orn
12351,Lys
7085,Lys
7493,Leu
12136,NCA
7849,Asp
13249,Asn
13985,Asp
10840,Glu
450,Orn
13601,Pro
1656,Trp
124,Tyr
12490,Orn
8262,Phe
10256,Phe
9676,Piz
2167,PPCA
3362,Pro
9264,Ser
9264,Ser
13052,Ser
13233,Cys
9489,Tyr
12990,Tam
6693,Trp
6693,Trp
7272,Trp
13803,Tyr
1757,Val
13994,Asp
285,Trp
304,Phe
612,Phe
284,Thr
582,Tyr
611,Ahpb
321,Trp
693,Tyr
789,Tyr
809,Cys
788,Tyr
12424,Glu
13986,Asp
2514,Asp
6932,Glu
13990,Asp
13979,N-Ac-DMPT
7849,Asp
13985,Asp
10840,Glu
13994,Asp
10337,Orn
12903,long_chain_fa
5813,Trans-2CroGly
13122,3-(3-Pyr)-L-alanine
12299,Asn
8040,Tyr
13534,Tyr
6264,Tyr
12424,Glu
9664,Pro
9024,3NcpAla
5007,Tyr
13553,Pro
12704,Dab(OH)
8479,Leu
5242,Pro
12916,Tyr
12890,Tyr
4634,Arg
11821,Orn
303,Pro
1407,Lys
4262,Pro
10730,Pro
13120,Trp
1423,Leu
5255,Orn
3997,Leu
5888,Dhl
13709,Trp
10331,Abu
6580,Leu
6054,Ser
13251,ADH
4663,Aeo
300,Ahp
300,Ahp
11640,AHV
4867,Leu
9068,Ala
3991,Orn
7478,Arg
7478,Arg
13497,Asn
13986,Asp
12121,Uda
12546,End
3381,Cys
12663,bmt
10358,Gln
12929,Tyr
8460,Phe
12161,long_chain_fa
1695,Cap
1695,Cap
9774,Choi
12260,Arg
4507,Piz
8104,Cys
7746,Tyr
2514,Asp
2476,Dab
13400,DABA
6170,DADH
11225,DABA
13713,diClPIC
12876,Trp
11501,Leu
2160,Dap
978,End
9423,Pro
11702,Glu
12710,Gln
6932,Glu
2108,Trp
3175,His
13693,Phe
906,Pip
7237,Ser
9279,Ile
2659,Trp
6411,Leu
3076,Lys
9122,Orn
12687,Phe
8278,Ala
13990,Asp
7241,Phe
12104,Met
8996,Val
9384,Tyr
13670,N-Ac-DMPT
4505,Orn
13979,N-Ac-DMPT
13749,N-Me-bmt
12167,Thr
8939,Leu
8272,Ala
1083,Ser
12494,Val
5104,Orn
12351,Lys
7085,Lys
7493,Leu
7849,Asp
13249,Asn
13985,Asp
10840,Glu
450,Orn
1656,Trp
124,Tyr
12490,Orn
8262,Phe
10256,Phe
9676,Piz
3362,Pro
9264,Ser
9264,Ser
13052,Ser
13233,Cys
9489,Tyr
12990,Tam
6693,Trp
6693,Trp
7272,Trp
13803,Tyr
1757,Val
13994,Asp
285,Trp
304,Phe
612,Phe
611,Ahpb
321,Trp
693,Tyr
809,Cys
788,Tyr
12424,Glu
13986,Asp
2514,Asp
6932,Glu
13990,Asp
13979,N-Ac-DMPT
7849,Asp
13985,Asp
10840,Glu
13994,Asp
300,Ahp
300,Ahp
2080,2-EtMal
12470,3-ICBA
889,AMPA
13986,Asp
3008,Ala
9332,long_chain_fa
12121,Uda
7754,Lys
2356,Phe
13319,long_chain_fa
1695,Cap
1695,Cap
2514,Asp
13400,DABA
11225,DABA
4381,Dhb
2160,Dap
13990,Asp
7849,Asp
13985,Asp
12990,Tam
13994,Asp
317,Abu
13986,Asp
2514,Asp
13990,Asp
13985,Asp
13994,Asp
13986,Asp
2514,Asp
7849,Asp
13985,Asp
13994,Asp
13986,Asp
2514,Asp
13990,Asp
13985,Asp
13994,Asp
12121,Uda
1695,Cap
1695,Cap
11225,DABA
2160,Dap
12990,Tam
5093,APA
13723,Cys
1340,Arg
284,Thr
582,Tyr
789,Tyr
10337,Orn
12903,long_chain_fa
5813,Trans-2CroGly
13122,3-(3-Pyr)-L-alanine
12299,Asn
8040,Tyr
13534,Tyr
6264,Tyr
12424,Glu
9664,Pro
9024,3NcpAla
5007,Tyr
13553,Pro
12704,Dab(OH)
8479,Leu
5242,Pro
12916,Tyr
12890,Tyr
4634,Arg
11821,Orn
303,Pro
1407,Lys
4262,Pro
10730,Pro
13120,Trp
1423,Leu
5255,Orn
3997,Leu
5888,Dhl
13709,Trp
10331,Abu
6580,Leu
6054,Ser
13251,ADH
4663,Aeo
300,Ahp
11640,AHV
4867,Leu
9068,Ala
3991,Orn
7478,Arg
7478,Arg
13497,Asn
13986,Asp
13986,Asp
12121,Uda
12546,End
3381,Cys
12663,bmt
10358,Gln
12929,Tyr
8460,Phe
12161,long_chain_fa
1695,Cap
1695,Cap
9774,Choi
12260,Arg
4507,Piz
8104,Cys
7746,Tyr
2514,Asp
2514,Asp
2476,Dab
13400,DABA
6170,DADH
11225,DABA
13713,diClPIC
12876,Trp
11501,Leu
2160,Dap
978,End
9423,Pro
11702,Glu
12710,Gln
6932,Glu
2108,Trp
3175,His
13693,Phe
906,Pip
7237,Ser
9279,Ile
2659,Trp
6411,Leu
3076,Lys
9122,Orn
12687,Phe
8278,Ala
13990,Asp
13990,Asp
7241,Phe
12104,Met
8996,Val
9384,Tyr
13670,N-Ac-DMPT
4505,Orn
13979,N-Ac-DMPT
13749,N-Me-bmt
12167,Thr
8939,Leu
8272,Ala
1083,Ser
12494,Val
5104,Orn
12351,Lys
7085,Lys
7493,Leu
7849,Asp
7849,Asp
13249,Asn
13985,Asp
13985,Asp
10840,Glu
450,Orn
1656,Trp
124,Tyr
12490,Orn
8262,Phe
10256,Phe
9676,Piz
3362,Pro
9264,Ser
9264,Ser
13052,Ser
13233,Cys
9489,Tyr
12990,Tam
6693,Trp
6693,Trp
7272,Trp
13803,Tyr
1757,Val
13994,Asp
13994,Asp
285,Trp
304,Phe
612,Phe
611,Ahpb
321,Trp
693,Tyr
809,Cys
788,Tyr
12424,Glu
13986,Asp
13986,Asp
2514,Asp
2514,Asp
6932,Glu
13990,Asp
13990,Asp
13979,N-Ac-DMPT
7849,Asp
13985,Asp
13985,Asp
10840,Glu
13994,Asp
13994,Asp
300,Ahp
4232,ACPC
10337,Orn
12903,long_chain_fa
5813,Trans-2CroGly
9969,Ser
13122,3-(3-Pyr)-L-alanine
12299,Asn
8040,Tyr
13493,Hpg
13534,Tyr
6264,Tyr
12424,Glu
9664,Pro
9024,3NcpAla
5007,Tyr
13553,Pro
12704,Dab(OH)
8479,Leu
5242,Pro
12916,Tyr
12890,Tyr
4634,Arg
11821,Orn
8131,ClPhg
303,Pro
1407,Lys
4262,Pro
10730,Pro
13120,Trp
1423,Leu
5255,Orn
3997,Leu
5888,Dhl
13709,Trp
10577,6OHisoquicarb
10331,Abu
6580,Leu
6054,Ser
13251,ADH
4663,Aeo
300,Ahp
11640,AHV
4867,Leu
2604,Aib
9068,Ala
12282,Cys
3991,Orn
5093,APA
7478,Arg
7478,Arg
13497,Asn
13986,Asp
12121,Uda
12546,End
3381,Cys
12663,bmt
10358,Gln
12929,Tyr
7030,Val
8460,Phe
12161,long_chain_fa
1695,Cap
1695,Cap
9774,Choi
12260,Arg
4507,Piz
8104,Cys
7746,Tyr
2514,Asp
2476,Dab
13400,DABA
6170,DADH
11225,DABA
13723,Cys
1340,Arg
9277,Pro
12698,Hpg
13713,diClPIC
12876,Trp
11501,Leu
2160,Dap
978,End
9423,Pro
11702,Glu
12710,Gln
6932,Glu
5181,Gly
2108,Trp
3175,His
3718,Hpg
13693,Phe
906,Pip
7237,Ser
9279,Ile
2098,Val
2659,Trp
6411,Leu
3076,Lys
9122,Orn
12687,Phe
8278,Ala
13990,Asp
6244,MecPGly
3006,Hpg
7241,Phe
12104,Met
8996,Val
9384,Tyr
13670,N-Ac-DMPT
4505,Orn
13979,N-Ac-DMPT
13749,N-Me-bmt
12167,Thr
401,Gly
8939,Leu
8272,Ala
1083,Ser
12494,Val
5104,Orn
12351,Lys
7085,Lys
7493,Leu
12136,NCA
7849,Asp
13249,Asn
13985,Asp
10840,Glu
450,Orn
13601,Pro
1656,Trp
124,Tyr
12490,Orn
8262,Phe
10256,Phe
9676,Piz
2167,PPCA
3362,Pro
9264,Ser
9264,Ser
13052,Ser
13233,Cys
9489,Tyr
12990,Tam
6693,Trp
6693,Trp
7272,Trp
13803,Tyr
1757,Val
13994,Asp
285,Trp
304,Phe
612,Phe
284,Thr
582,Tyr
611,Ahpb
321,Trp
693,Tyr
789,Tyr
809,Cys
788,Tyr
12424,Glu
13986,Asp
2514,Asp
6932,Glu
13990,Asp
13979,N-Ac-DMPT
7849,Asp
13985,Asp
10840,Glu
13994,Asp
10337,Orn
12903,long_chain_fa
5813,Trans-2CroGly
13122,3-(3-Pyr)-L-alanine
12299,Asn
8040,Tyr
13534,Tyr
6264,Tyr
12424,Glu
9664,Pro
9024,3NcpAla
5007,Tyr
13553,Pro
12704,Dab(OH)
8479,Leu
5242,Pro
12916,Tyr
12890,Tyr
4634,Arg
11821,Orn
303,Pro
1407,Lys
4262,Pro
10730,Pro
13120,Trp
1423,Leu
5255,Orn
3997,Leu
5888,Dhl
13709,Trp
10331,Abu
6580,Leu
6054,Ser
13251,ADH
4663,Aeo
300,Ahp
300,Ahp
11640,AHV
4867,Leu
9068,Ala
3991,Orn
7478,Arg
7478,Arg
13497,Asn
13986,Asp
12121,Uda
12546,End
3381,Cys
12663,bmt
10358,Gln
12929,Tyr
8460,Phe
12161,long_chain_fa
1695,Cap
1695,Cap
9774,Choi
12260,Arg
4507,Piz
8104,Cys
7746,Tyr
2514,Asp
2476,Dab
13400,DABA
6170,DADH
11225,DABA
13713,diClPIC
12876,Trp
11501,Leu
2160,Dap
978,End
9423,Pro
11702,Glu
12710,Gln
6932,Glu
2108,Trp
3175,His
13693,Phe
906,Pip
7237,Ser
9279,Ile
2659,Trp
6411,Leu
3076,Lys
9122,Orn
12687,Phe
8278,Ala
13990,Asp
7241,Phe
12104,Met
8996,Val
9384,Tyr
13670,N-Ac-DMPT
4505,Orn
13979,N-Ac-DMPT
13749,N-Me-bmt
12167,Thr
8939,Leu
8272,Ala
1083,Ser
12494,Val
5104,Orn
12351,Lys
7085,Lys
7493,Leu
7849,Asp
13249,Asn
13985,Asp
10840,Glu
450,Orn
1656,Trp
124,Tyr
12490,Orn
8262,Phe
10256,Phe
9676,Piz
3362,Pro
9264,Ser
9264,Ser
13052,Ser
13233,Cys
9489,Tyr
12990,Tam
6693,Trp
6693,Trp
7272,Trp
13803,Tyr
1757,Val
13994,Asp
285,Trp
304,Phe
612,Phe
611,Ahpb
321,Trp
693,Tyr
809,Cys
788,Tyr
12424,Glu
13986,Asp
2514,Asp
6932,Glu
13990,Asp
13979,N-Ac-DMPT
7849,Asp
13985,Asp
10840,Glu
13994,Asp
300,Ahp
300,Ahp
2080,2-EtMal
12470,3-ICBA
889,AMPA
13986,Asp
3008,Ala
9332,long_chain_fa
12121,Uda
7754,Lys
2356,Phe
13319,long_chain_fa
1695,Cap
1695,Cap
2514,Asp
13400,DABA
11225,DABA
4381,Dhb
2160,Dap
13990,Asp
7849,Asp
13985,Asp
12990,Tam
13994,Asp
317,Abu
13986,Asp
2514,Asp
13990,Asp
13985,Asp
13994,Asp
13986,Asp
2514,Asp
7849,Asp
13985,Asp
13994,Asp
13986,Asp
2514,Asp
13990,Asp
13985,Asp
13994,Asp
12121,Uda
1695,Cap
1695,Cap
11225,DABA
2160,Dap
12990,Tam
5093,APA
13723,Cys
1340,Arg
284,Thr
582,Tyr
789,Tyr
10337,Orn
12903,long_chain_fa
5813,Trans-2CroGly
13122,3-(3-Pyr)-L-alanine
12299,Asn
8040,Tyr
13534,Tyr
6264,Tyr
12424,Glu
9664,Pro
9024,3NcpAla
5007,Tyr
13553,Pro
12704,Dab(OH)
8479,Leu
5242,Pro
12916,Tyr
12890,Tyr
4634,Arg
11821,Orn
303,Pro
1407,Lys
4262,Pro
10730,Pro
13120,Trp
1423,Leu
5255,Orn
3997,Leu
5888,Dhl
13709,Trp
10331,Abu
6580,Leu
6054,Ser
13251,ADH
4663,Aeo
300,Ahp
11640,AHV
4867,Leu
9068,Ala
3991,Orn
7478,Arg
7478,Arg
13497,Asn
13986,Asp
13986,Asp
12121,Uda
12546,End
3381,Cys
12663,bmt
10358,Gln
12929,Tyr
8460,Phe
12161,long_chain_fa
1695,Cap
1695,Cap
9774,Choi
12260,Arg
4507,Piz
8104,Cys
7746,Tyr
2514,Asp
2514,Asp
2476,Dab
13400,DABA
6170,DADH
11225,DABA
13713,diClPIC
12876,Trp
11501,Leu
2160,Dap
978,End
9423,Pro
11702,Glu
12710,Gln
6932,Glu
2108,Trp
3175,His
13693,Phe
906,Pip
7237,Ser
9279,Ile
2659,Trp
6411,Leu
3076,Lys
9122,Orn
12687,Phe
8278,Ala
13990,Asp
13990,Asp
7241,Phe
12104,Met
8996,Val
9384,Tyr
13670,N-Ac-DMPT
4505,Orn
13979,N-Ac-DMPT
13749,N-Me-bmt
12167,Thr
8939,Leu
8272,Ala
1083,Ser
12494,Val
5104,Orn
12351,Lys
7085,Lys
7493,Leu
7849,Asp
7849,Asp
13249,Asn
13985,Asp
13985,Asp
10840,Glu
450,Orn
1656,Trp
124,Tyr
12490,Orn
8262,Phe
10256,Phe
9676,Piz
3362,Pro
9264,Ser
9264,Ser
13052,Ser
13233,Cys
9489,Tyr
12990,Tam
6693,Trp
6693,Trp
7272,Trp
13803,Tyr
1757,Val
13994,Asp
13994,Asp
285,Trp
304,Phe
612,Phe
611,Ahpb
321,Trp
693,Tyr
809,Cys
788,Tyr
12424,Glu
13986,Asp
13986,Asp
2514,Asp
2514,Asp
6932,Glu
13990,Asp
13990,Asp
13979,N-Ac-DMPT
7849,Asp
13985,Asp
13985,Asp
10840,Glu
13994,Asp
13994,Asp
300,Ahp
4232,ACPC
10337,Orn
12903,long_chain_fa
5813,Trans-2CroGly
9969,Ser
13122,3-(3-Pyr)-L-alanine
12299,Asn
8040,Tyr
13493,Hpg
13534,Tyr
6264,Tyr
12424,Glu
9664,Pro
9024,3NcpAla
5007,Tyr
13553,Pro
12704,Dab(OH)
8479,Leu
5242,Pro
12916,Tyr
12890,Tyr
4634,Arg
11821,Orn
8131,ClPhg
303,Pro
1407,Lys
4262,Pro
10730,Pro
13120,Trp
1423,Leu
5255,Orn
3997,Leu
5888,Dhl
13709,Trp
10577,6OHisoquicarb
10331,Abu
6580,Leu
6054,Ser
13251,ADH
4663,Aeo
300,Ahp
11640,AHV
4867,Leu
2604,Aib
9068,Ala
12282,Cys
3991,Orn
5093,APA
7478,Arg
7478,Arg
13497,Asn
13986,Asp
12121,Uda
12546,End
3381,Cys
12663,bmt
10358,Gln
12929,Tyr
7030,Val
8460,Phe
12161,long_chain_fa
1695,Cap
1695,Cap
9774,Choi
12260,Arg
4507,Piz
8104,Cys
7746,Tyr
2514,Asp
2476,Dab
13400,DABA
6170,DADH
11225,DABA
13723,Cys
1340,Arg
9277,Pro
12698,Hpg
13713,diClPIC
12876,Trp
11501,Leu
2160,Dap
978,End
9423,Pro
11702,Glu
12710,Gln
6932,Glu
5181,Gly
2108,Trp
3175,His
3718,Hpg
13693,Phe
906,Pip
7237,Ser
9279,Ile
2098,Val
2659,Trp
6411,Leu
3076,Lys
9122,Orn
12687,Phe
8278,Ala
13990,Asp
6244,MecPGly
3006,Hpg
7241,Phe
12104,Met
8996,Val
9384,Tyr
13670,N-Ac-DMPT
4505,Orn
13979,N-Ac-DMPT
13749,N-Me-bmt
12167,Thr
401,Gly
8939,Leu
8272,Ala
1083,Ser
12494,Val
5104,Orn
12351,Lys
7085,Lys
7493,Leu
12136,NCA
7849,Asp
13249,Asn
13985,Asp
10840,Glu
450,Orn
13601,Pro
1656,Trp
124,Tyr
12490,Orn
8262,Phe
10256,Phe
9676,Piz
2167,PPCA
3362,Pro
9264,Ser
9264,Ser
13052,Ser
13233,Cys
9489,Tyr
12990,Tam
6693,Trp
6693,Trp
7272,Trp
13803,Tyr
1757,Val
13994,Asp
285,Trp
304,Phe
612,Phe
284,Thr
582,Tyr
611,Ahpb
321,Trp
693,Tyr
789,Tyr
809,Cys
788,Tyr
12424,Glu
13986,Asp
2514,Asp
6932,Glu
13990,Asp
13979,N-Ac-DMPT
7849,Asp
13985,Asp
10840,Glu
13994,Asp
10337,Orn
12903,long_chain_fa
5813,Trans-2CroGly
13122,3-(3-Pyr)-L-alanine
12299,Asn
8040,Tyr
13534,Tyr
6264,Tyr
12424,Glu
9664,Pro
9024,3NcpAla
5007,Tyr
13553,Pro
12704,Dab(OH)
8479,Leu
5242,Pro
12916,Tyr
12890,Tyr
4634,Arg
11821,Orn
303,Pro
1407,Lys
4262,Pro
10730,Pro
13120,Trp
1423,Leu
5255,Orn
3997,Leu
5888,Dhl
13709,Trp
10331,Abu
6580,Leu
6054,Ser
13251,ADH
4663,Aeo
300,Ahp
300,Ahp
11640,AHV
4867,Leu
9068,Ala
3991,Orn
7478,Arg
7478,Arg
13497,Asn
13986,Asp
12121,Uda
12546,End
3381,Cys
12663,bmt
10358,Gln
12929,Tyr
8460,Phe
12161,long_chain_fa
1695,Cap
1695,Cap
9774,Choi
12260,Arg
4507,Piz
8104,Cys
7746,Tyr
2514,Asp
2476,Dab
13400,DABA
6170,DADH
11225,DABA
13713,diClPIC
12876,Trp
11501,Leu
2160,Dap
978,End
9423,Pro
11702,Glu
12710,Gln
6932,Glu
2108,Trp
3175,His
13693,Phe
906,Pip
7237,Ser
9279,Ile
2659,Trp
6411,Leu
3076,Lys
9122,Orn
12687,Phe
8278,Ala
13990,Asp
7241,Phe
12104,Met
8996,Val
9384,Tyr
13670,N-Ac-DMPT
4505,Orn
13979,N-Ac-DMPT
13749,N-Me-bmt
12167,Thr
8939,Leu
8272,Ala
1083,Ser
12494,Val
5104,Orn
12351,Lys
7085,Lys
7493,Leu
7849,Asp
13249,Asn
13985,Asp
10840,Glu
450,Orn
1656,Trp
124,Tyr
12490,Orn
8262,Phe
10256,Phe
9676,Piz
3362,Pro
9264,Ser
9264,Ser
13052,Ser
13233,Cys
9489,Tyr
12990,Tam
6693,Trp
6693,Trp
7272,Trp
13803,Tyr
1757,Val
13994,Asp
285,Trp
304,Phe
612,Phe
611,Ahpb
321,Trp
693,Tyr
809,Cys
788,Tyr
12424,Glu
13986,Asp
2514,Asp
6932,Glu
13990,Asp
13979,N-Ac-DMPT
7849,Asp
13985,Asp
10840,Glu
13994,Asp
300,Ahp
300,Ahp
2080,2-EtMal
12470,3-ICBA
889,AMPA
13986,Asp
3008,Ala
9332,long_chain_fa
12121,Uda
7754,Lys
2356,Phe
13319,long_chain_fa
1695,Cap
1695,Cap
2514,Asp
13400,DABA
11225,DABA
4381,Dhb
2160,Dap
13990,Asp
7849,Asp
13985,Asp
12990,Tam
13994,Asp
317,Abu
13986,Asp
2514,Asp
13990,Asp
13985,Asp
13994,Asp
13986,Asp
2514,Asp
7849,Asp
13985,Asp
13994,Asp
13986,Asp
2514,Asp
13990,Asp
13985,Asp
13994,Asp
12121,Uda
1695,Cap
1695,Cap
11225,DABA
2160,Dap
12990,Tam
5093,APA
13723,Cys
1340,Arg
284,Thr
582,Tyr
789,Tyr
10337,Orn
12903,long_chain_fa
5813,Trans-2CroGly
13122,3-(3-Pyr)-L-alanine
12299,Asn
8040,Tyr
13534,Tyr
6264,Tyr
12424,Glu
9664,Pro
9024,3NcpAla
5007,Tyr
13553,Pro
12704,Dab(OH)
8479,Leu
5242,Pro
12916,Tyr
12890,Tyr
4634,Arg
11821,Orn
303,Pro
1407,Lys
4262,Pro
10730,Pro
13120,Trp
1423,Leu
5255,Orn
3997,Leu
5888,Dhl
13709,Trp
10331,Abu
6580,Leu
6054,Ser
13251,ADH
4663,Aeo
300,Ahp
11640,AHV
4867,Leu
9068,Ala
3991,Orn
7478,Arg
7478,Arg
13497,Asn
13986,Asp
13986,Asp
12121,Uda
12546,End
3381,Cys
12663,bmt
10358,Gln
12929,Tyr
8460,Phe
12161,long_chain_fa
1695,Cap
1695,Cap
9774,Choi
12260,Arg
4507,Piz
8104,Cys
7746,Tyr
2514,Asp
2514,Asp
2476,Dab
13400,DABA
6170,DADH
11225,DABA
13713,diClPIC
12876,Trp
11501,Leu
2160,Dap
978,End
9423,Pro
11702,Glu
12710,Gln
6932,Glu
2108,Trp
3175,His
13693,Phe
906,Pip
7237,Ser
9279,Ile
2659,Trp
6411,Leu
3076,Lys
9122,Orn
12687,Phe
8278,Ala
13990,Asp
13990,Asp
7241,Phe
12104,Met
8996,Val
9384,Tyr
13670,N-Ac-DMPT
4505,Orn
13979,N-Ac-DMPT
13749,N-Me-bmt
12167,Thr
8939,Leu
8272,Ala
1083,Ser
12494,Val
5104,Orn
12351,Lys
7085,Lys
7493,Leu
7849,Asp
7849,Asp
13249,Asn
13985,Asp
13985,Asp
10840,Glu
450,Orn
1656,Trp
124,Tyr
12490,Orn
8262,Phe
10256,Phe
9676,Piz
3362,Pro
9264,Ser
9264,Ser
13052,Ser
13233,Cys
9489,Tyr
12990,Tam
6693,Trp
6693,Trp
7272,Trp
13803,Tyr
1757,Val
13994,Asp
13994,Asp
285,Trp
304,Phe
612,Phe
611,Ahpb
321,Trp
693,Tyr
809,Cys
788,Tyr
12424,Glu
13986,Asp
13986,Asp
2514,Asp
2514,Asp
6932,Glu
13990,Asp
13990,Asp
13979,N-Ac-DMPT
7849,Asp
13985,Asp
13985,Asp
10840,Glu
13994,Asp
13994,Asp
300,Ahp
4232,ACPC
10337,Orn
12903,long_chain_fa
5813,Trans-2CroGly
9969,Ser
13122,3-(3-Pyr)-L-alanine
12299,Asn
8040,Tyr
13493,Hpg
13534,Tyr
6264,Tyr
12424,Glu
9664,Pro
9024,3NcpAla
5007,Tyr
13553,Pro
12704,Dab(OH)
8479,Leu
5242,Pro
12916,Tyr
12890,Tyr
4634,Arg
11821,Orn
8131,ClPhg
303,Pro
1407,Lys
4262,Pro
10730,Pro
13120,Trp
1423,Leu
5255,Orn
3997,Leu
5888,Dhl
13709,Trp
10577,6OHisoquicarb
10331,Abu
6580,Leu
6054,Ser
13251,ADH
4663,Aeo
300,Ahp
11640,AHV
4867,Leu
2604,Aib
9068,Ala
12282,Cys
3991,Orn
5093,APA
7478,Arg
7478,Arg
13497,Asn
13986,Asp
12121,Uda
12546,End
3381,Cys
12663,bmt
10358,Gln
12929,Tyr
7030,Val
8460,Phe
12161,long_chain_fa
1695,Cap
1695,Cap
9774,Choi
12260,Arg
4507,Piz
8104,Cys
7746,Tyr
2514,Asp
2476,Dab
13400,DABA
6170,DADH
11225,DABA
13723,Cys
1340,Arg
9277,Pro
12698,Hpg
13713,diClPIC
12876,Trp
11501,Leu
2160,Dap
978,End
9423,Pro
11702,Glu
12710,Gln
6932,Glu
5181,Gly
2108,Trp
3175,His
3718,Hpg
13693,Phe
906,Pip
7237,Ser
9279,Ile
2098,Val
2659,Trp
6411,Leu
3076,Lys
9122,Orn
12687,Phe
8278,Ala
13990,Asp
6244,MecPGly
3006,Hpg
7241,Phe
12104,Met
8996,Val
9384,Tyr
13670,N-Ac-DMPT
4505,Orn
13979,N-Ac-DMPT
13749,N-Me-bmt
12167,Thr
401,Gly
8939,Leu
8272,Ala
1083,Ser
12494,Val
5104,Orn
12351,Lys
7085,Lys
7493,Leu
12136,NCA
7849,Asp
13249,Asn
13985,Asp
10840,Glu
450,Orn
13601,Pro
1656,Trp
124,Tyr
12490,Orn
8262,Phe
10256,Phe
9676,Piz
2167,PPCA
3362,Pro
9264,Ser
9264,Ser
13052,Ser
13233,Cys
9489,Tyr
12990,Tam
6693,Trp
6693,Trp
7272,Trp
13803,Tyr
1757,Val
13994,Asp
285,Trp
304,Phe
612,Phe
284,Thr
582,Tyr
611,Ahpb
321,Trp
693,Tyr
789,Tyr
809,Cys
788,Tyr
12424,Glu
13986,Asp
2514,Asp
6932,Glu
13990,Asp
13979,N-Ac-DMPT
7849,Asp
13985,Asp
10840,Glu
13994,Asp
10337,Orn
12903,long_chain_fa
5813,Trans-2CroGly
13122,3-(3-Pyr)-L-alanine
12299,Asn
8040,Tyr
13534,Tyr
6264,Tyr
12424,Glu
9664,Pro
9024,3NcpAla
5007,Tyr
13553,Pro
12704,Dab(OH)
8479,Leu
5242,Pro
12916,Tyr
12890,Tyr
4634,Arg
11821,Orn
303,Pro
1407,Lys
4262,Pro
10730,Pro
13120,Trp
1423,Leu
5255,Orn
3997,Leu
5888,Dhl
13709,Trp
10331,Abu
6580,Leu
6054,Ser
13251,ADH
4663,Aeo
300,Ahp
300,Ahp
11640,AHV
4867,Leu
9068,Ala
3991,Orn
7478,Arg
7478,Arg
13497,Asn
13986,Asp
12121,Uda
12546,End
3381,Cys
12663,bmt
10358,Gln
12929,Tyr
8460,Phe
12161,long_chain_fa
1695,Cap
1695,Cap
9774,Choi
12260,Arg
4507,Piz
8104,Cys
7746,Tyr
2514,Asp
2476,Dab
13400,DABA
6170,DADH
11225,DABA
13713,diClPIC
12876,Trp
11501,Leu
2160,Dap
978,End
9423,Pro
11702,Glu
12710,Gln
6932,Glu
2108,Trp
3175,His
13693,Phe
906,Pip
7237,Ser
9279,Ile
2659,Trp
6411,Leu
3076,Lys
9122,Orn
12687,Phe
8278,Ala
13990,Asp
7241,Phe
12104,Met
8996,Val
9384,Tyr
13670,N-Ac-DMPT
4505,Orn
13979,N-Ac-DMPT
13749,N-Me-bmt
12167,Thr
8939,Leu
8272,Ala
1083,Ser
12494,Val
5104,Orn
12351,Lys
7085,Lys
7493,Leu
7849,Asp
13249,Asn
13985,Asp
10840,Glu
450,Orn
1656,Trp
124,Tyr
12490,Orn
8262,Phe
10256,Phe
9676,Piz
3362,Pro
9264,Ser
9264,Ser
13052,Ser
13233,Cys
9489,Tyr
12990,Tam
6693,Trp
6693,Trp
7272,Trp
13803,Tyr
1757,Val
13994,Asp
285,Trp
304,Phe
612,Phe
611,Ahpb
321,Trp
693,Tyr
809,Cys
788,Tyr
12424,Glu
13986,Asp
2514,Asp
6932,Glu
13990,Asp
13979,N-Ac-DMPT
7849,Asp
13985,Asp
10840,Glu
13994,Asp
300,Ahp
300,Ahp
2080,2-EtMal
12470,3-ICBA
889,AMPA
13986,Asp
3008,Ala
9332,long_chain_fa
12121,Uda
7754,Lys
2356,Phe
13319,long_chain_fa
1695,Cap
1695,Cap
2514,Asp
13400,DABA
11225,DABA
4381,Dhb
2160,Dap
13990,Asp
7849,Asp
13985,Asp
12990,Tam
13994,Asp
317,Abu
13986,Asp
2514,Asp
13990,Asp
13985,Asp
13994,Asp
13986,Asp
2514,Asp
7849,Asp
13985,Asp
13994,Asp
13986,Asp
2514,Asp
13990,Asp
13985,Asp
13994,Asp
12121,Uda
1695,Cap
1695,Cap
11225,DABA
2160,Dap
12990,Tam
5093,APA
13723,Cys
1340,Arg
284,Thr
582,Tyr
789,Tyr
10337,Orn
12903,long_chain_fa
5813,Trans-2CroGly
13122,3-(3-Pyr)-L-alanine
12299,Asn
8040,Tyr
13534,Tyr
6264,Tyr
12424,Glu
9664,Pro
9024,3NcpAla
5007,Tyr
13553,Pro
12704,Dab(OH)
8479,Leu
5242,Pro
12916,Tyr
12890,Tyr
4634,Arg
11821,Orn
303,Pro
1407,Lys
4262,Pro
10730,Pro
13120,Trp
1423,Leu
5255,Orn
3997,Leu
5888,Dhl
13709,Trp
10331,Abu
6580,Leu
6054,Ser
13251,ADH
4663,Aeo
300,Ahp
11640,AHV
4867,Leu
9068,Ala
3991,Orn
7478,Arg
7478,Arg
13497,Asn
13986,Asp
13986,Asp
12121,Uda
12546,End
3381,Cys
12663,bmt
10358,Gln
12929,Tyr
8460,Phe
12161,long_chain_fa
1695,Cap
1695,Cap
9774,Choi
12260,Arg
4507,Piz
8104,Cys
7746,Tyr
2514,Asp
2514,Asp
2476,Dab
13400,DABA
6170,DADH
11225,DABA
13713,diClPIC
12876,Trp
11501,Leu
2160,Dap
978,End
9423,Pro
11702,Glu
12710,Gln
6932,Glu
2108,Trp
3175,His
13693,Phe
906,Pip
7237,Ser
9279,Ile
2659,Trp
6411,Leu
3076,Lys
9122,Orn
12687,Phe
8278,Ala
13990,Asp
13990,Asp
7241,Phe
12104,Met
8996,Val
9384,Tyr
13670,N-Ac-DMPT
4505,Orn
13979,N-Ac-DMPT
13749,N-Me-bmt
12167,Thr
8939,Leu
8272,Ala
1083,Ser
12494,Val
5104,Orn
12351,Lys
7085,Lys
7493,Leu
7849,Asp
7849,Asp
13249,Asn
13985,Asp
13985,Asp
10840,Glu
450,Orn
1656,Trp
124,Tyr
12490,Orn
8262,Phe
10256,Phe
9676,Piz
3362,Pro
9264,Ser
9264,Ser
13052,Ser
13233,Cys
9489,Tyr
12990,Tam
6693,Trp
6693,Trp
7272,Trp
13803,Tyr
1757,Val
13994,Asp
13994,Asp
285,Trp
304,Phe
612,Phe
611,Ahpb
321,Trp
693,Tyr
809,Cys
788,Tyr
12424,Glu
13986,Asp
13986,Asp
2514,Asp
2514,Asp
6932,Glu
13990,Asp
13990,Asp
13979,N-Ac-DMPT
7849,Asp
13985,Asp
13985,Asp
10840,Glu
13994,Asp
13994,Asp
300,Ahp
4232,ACPC
10337,Orn
12903,long_chain_fa
5813,Trans-2CroGly
9969,Ser
13122,3-(3-Pyr)-L-alanine
12299,Asn
8040,Tyr
13493,Hpg
13534,Tyr
6264,Tyr
12424,Glu
9664,Pro
9024,3NcpAla
5007,Tyr
13553,Pro
12704,Dab(OH)
8479,Leu
5242,Pro
12916,Tyr
12890,Tyr
4634,Arg
11821,Orn
8131,ClPhg
303,Pro
1407,Lys
4262,Pro
10730,Pro
13120,Trp
1423,Leu
5255,Orn
3997,Leu
5888,Dhl
13709,Trp
10577,6OHisoquicarb
10331,Abu
6580,Leu
6054,Ser
13251,ADH
4663,Aeo
300,Ahp
11640,AHV
4867,Leu
2604,Aib
9068,Ala
12282,Cys
3991,Orn
5093,APA
7478,Arg
7478,Arg
13497,Asn
13986,Asp
12121,Uda
12546,End
3381,Cys
12663,bmt
10358,Gln
12929,Tyr
7030,Val
8460,Phe
12161,long_chain_fa
1695,Cap
1695,Cap
9774,Choi
12260,Arg
4507,Piz
8104,Cys
7746,Tyr
2514,Asp
2476,Dab
13400,DABA
6170,DADH
11225,DABA
13723,Cys
1340,Arg
9277,Pro
12698,Hpg
13713,diClPIC
12876,Trp
11501,Leu
2160,Dap
978,End
9423,Pro
11702,Glu
12710,Gln
6932,Glu
5181,Gly
2108,Trp
3175,His
3718,Hpg
13693,Phe
906,Pip
7237,Ser
9279,Ile
2098,Val
2659,Trp
6411,Leu
3076,Lys
9122,Orn
12687,Phe
8278,Ala
13990,Asp
6244,MecPGly
3006,Hpg
7241,Phe
12104,Met
8996,Val
9384,Tyr
13670,N-Ac-DMPT
4505,Orn
13979,N-Ac-DMPT
13749,N-Me-bmt
12167,Thr
401,Gly
8939,Leu
8272,Ala
1083,Ser
12494,Val
5104,Orn
12351,Lys
7085,Lys
7493,Leu
12136,NCA
7849,Asp
13249,Asn
13985,Asp
10840,Glu
450,Orn
13601,Pro
1656,Trp
124,Tyr
12490,Orn
8262,Phe
10256,Phe
9676,Piz
2167,PPCA
3362,Pro
9264,Ser
9264,Ser
13052,Ser
13233,Cys
9489,Tyr
12990,Tam
6693,Trp
6693,Trp
7272,Trp
13803,Tyr
1757,Val
13994,Asp
285,Trp
304,Phe
612,Phe
284,Thr
582,Tyr
611,Ahpb
321,Trp
693,Tyr
789,Tyr
809,Cys
788,Tyr
12424,Glu
13986,Asp
2514,Asp
6932,Glu
13990,Asp
13979,N-Ac-DMPT
7849,Asp
13985,Asp
10840,Glu
13994,Asp
10337,Orn
12903,long_chain_fa
5813,Trans-2CroGly
13122,3-(3-Pyr)-L-alanine
12299,Asn
8040,Tyr
13534,Tyr
6264,Tyr
12424,Glu
9664,Pro
9024,3NcpAla
5007,Tyr
13553,Pro
12704,Dab(OH)
8479,Leu
5242,Pro
12916,Tyr
12890,Tyr
4634,Arg
11821,Orn
303,Pro
1407,Lys
4262,Pro
10730,Pro
13120,Trp
1423,Leu
5255,Orn
3997,Leu
5888,Dhl
13709,Trp
10331,Abu
6580,Leu
6054,Ser
13251,ADH
4663,Aeo
300,Ahp
300,Ahp
11640,AHV
4867,Leu
9068,Ala
3991,Orn
7478,Arg
7478,Arg
13497,Asn
13986,Asp
12121,Uda
12546,End
3381,Cys
12663,bmt
10358,Gln
12929,Tyr
8460,Phe
12161,long_chain_fa
1695,Cap
1695,Cap
9774,Choi
12260,Arg
4507,Piz
8104,Cys
7746,Tyr
2514,Asp
2476,Dab
13400,DABA
6170,DADH
11225,DABA
13713,diClPIC
12876,Trp
11501,Leu
2160,Dap
978,End
9423,Pro
11702,Glu
12710,Gln
6932,Glu
2108,Trp
3175,His
13693,Phe
906,Pip
7237,Ser
9279,Ile
2659,Trp
6411,Leu
3076,Lys
9122,Orn
12687,Phe
8278,Ala
13990,Asp
7241,Phe
12104,Met
8996,Val
9384,Tyr
13670,N-Ac-DMPT
4505,Orn
13979,N-Ac-DMPT
13749,N-Me-bmt
12167,Thr
8939,Leu
8272,Ala
1083,Ser
12494,Val
5104,Orn
12351,Lys
7085,Lys
7493,Leu
7849,Asp
13249,Asn
13985,Asp
10840,Glu
450,Orn
1656,Trp
124,Tyr
12490,Orn
8262,Phe
10256,Phe
9676,Piz
3362,Pro
9264,Ser
9264,Ser
13052,Ser
13233,Cys
9489,Tyr
12990,Tam
6693,Trp
6693,Trp
7272,Trp
13803,Tyr
1757,Val
13994,Asp
285,Trp
304,Phe
612,Phe
611,Ahpb
321,Trp
693,Tyr
809,Cys
788,Tyr
12424,Glu
13986,Asp
2514,Asp
6932,Glu
13990,Asp
13979,N-Ac-DMPT
7849,Asp
13985,Asp
10840,Glu
13994,Asp
300,Ahp
300,Ahp
2080,2-EtMal
12470,3-ICBA
889,AMPA
13986,Asp
3008,Ala
9332,long_chain_fa
12121,Uda
7754,Lys
2356,Phe
13319,long_chain_fa
1695,Cap
1695,Cap
2514,Asp
13400,DABA
11225,DABA
4381,Dhb
2160,Dap
13990,Asp
7849,Asp
13985,Asp
12990,Tam
13994,Asp
317,Abu
13986,Asp
2514,Asp
13990,Asp
13985,Asp
13994,Asp
13986,Asp
2514,Asp
7849,Asp
13985,Asp
13994,Asp
13986,Asp
2514,Asp
13990,Asp
13985,Asp
13994,Asp
12121,Uda
1695,Cap
1695,Cap
11225,DABA
2160,Dap
12990,Tam
5093,APA
13723,Cys
1340,Arg
284,Thr
582,Tyr
789,Tyr
10337,Orn
12903,long_chain_fa
5813,Trans-2CroGly
13122,3-(3-Pyr)-L-alanine
12299,Asn
8040,Tyr
13534,Tyr
6264,Tyr
12424,Glu
9664,Pro
9024,3NcpAla
5007,Tyr
13553,Pro
12704,Dab(OH)
8479,Leu
5242,Pro
12916,Tyr
12890,Tyr
4634,Arg
11821,Orn
303,Pro
1407,Lys
4262,Pro
10730,Pro
13120,Trp
1423,Leu
5255,Orn
3997,Leu
5888,Dhl
13709,Trp
10331,Abu
6580,Leu
6054,Ser
13251,ADH
4663,Aeo
300,Ahp
11640,AHV
4867,Leu
9068,Ala
3991,Orn
7478,Arg
7478,Arg
13497,Asn
13986,Asp
13986,Asp
12121,Uda
12546,End
3381,Cys
12663,bmt
10358,Gln
12929,Tyr
8460,Phe
12161,long_chain_fa
1695,Cap
1695,Cap
9774,Choi
12260,Arg
4507,Piz
8104,Cys
7746,Tyr
2514,Asp
2514,Asp
2476,Dab
13400,DABA
6170,DADH
11225,DABA
13713,diClPIC
12876,Trp
11501,Leu
2160,Dap
978,End
9423,Pro
11702,Glu
12710,Gln
6932,Glu
2108,Trp
3175,His
13693,Phe
906,Pip
7237,Ser
9279,Ile
2659,Trp
6411,Leu
3076,Lys
9122,Orn
12687,Phe
8278,Ala
13990,Asp
13990,Asp
7241,Phe
12104,Met
8996,Val
9384,Tyr
13670,N-Ac-DMPT
4505,Orn
13979,N-Ac-DMPT
13749,N-Me-bmt
12167,Thr
8939,Leu
8272,Ala
1083,Ser
12494,Val
5104,Orn
12351,Lys
7085,Lys
7493,Leu
7849,Asp
7849,Asp
13249,Asn
13985,Asp
13985,Asp
10840,Glu
450,Orn
1656,Trp
124,Tyr
12490,Orn
8262,Phe
10256,Phe
9676,Piz
3362,Pro
9264,Ser
9264,Ser
13052,Ser
13233,Cys
9489,Tyr
12990,Tam
6693,Trp
6693,Trp
7272,Trp
13803,Tyr
1757,Val
13994,Asp
13994,Asp
285,Trp
304,Phe
612,Phe
611,Ahpb
321,Trp
693,Tyr
809,Cys
788,Tyr
12424,Glu
13986,Asp
13986,Asp
2514,Asp
2514,Asp
6932,Glu
13990,Asp
13990,Asp
13979,N-Ac-DMPT
7849,Asp
13985,Asp
13985,Asp
10840,Glu
13994,Asp
13994,Asp
300,Ahp
4232,ACPC
10337,Orn
12903,long_chain_fa
5813,Trans-2CroGly
9969,Ser
13122,3-(3-Pyr)-L-alanine
12299,Asn
8040,Tyr
13493,Hpg
13534,Tyr
6264,Tyr
12424,Glu
9664,Pro
9024,3NcpAla
5007,Tyr
13553,Pro
12704,Dab(OH)
8479,Leu
5242,Pro
12916,Tyr
12890,Tyr
4634,Arg
11821,Orn
8131,ClPhg
303,Pro
1407,Lys
4262,Pro
10730,Pro
13120,Trp
1423,Leu
5255,Orn
3997,Leu
5888,Dhl
13709,Trp
10577,6OHisoquicarb
10331,Abu
6580,Leu
6054,Ser
13251,ADH
4663,Aeo
300,Ahp
11640,AHV
4867,Leu
2604,Aib
9068,Ala
12282,Cys
3991,Orn
5093,APA
7478,Arg
7478,Arg
13497,Asn
13986,Asp
12121,Uda
12546,End
3381,Cys
12663,bmt
10358,Gln
12929,Tyr
7030,Val
8460,Phe
12161,long_chain_fa
1695,Cap
1695,Cap
9774,Choi
12260,Arg
4507,Piz
8104,Cys
7746,Tyr
2514,Asp
2476,Dab
13400,DABA
6170,DADH
11225,DABA
13723,Cys
1340,Arg
9277,Pro
12698,Hpg
13713,diClPIC
12876,Trp
11501,Leu
2160,Dap
978,End
9423,Pro
11702,Glu
12710,Gln
6932,Glu
5181,Gly
2108,Trp
3175,His
3718,Hpg
13693,Phe
906,Pip
7237,Ser
9279,Ile
2098,Val
2659,Trp
6411,Leu
3076,Lys
9122,Orn
12687,Phe
8278,Ala
13990,Asp
6244,MecPGly
3006,Hpg
7241,Phe
12104,Met
8996,Val
9384,Tyr
13670,N-Ac-DMPT
4505,Orn
13979,N-Ac-DMPT
13749,N-Me-bmt
12167,Thr
401,Gly
8939,Leu
8272,Ala
1083,Ser
12494,Val
5104,Orn
12351,Lys
7085,Lys
7493,Leu
12136,NCA
7849,Asp
13249,Asn
13985,Asp
10840,Glu
450,Orn
13601,Pro
1656,Trp
124,Tyr
12490,Orn
8262,Phe
10256,Phe
9676,Piz
2167,PPCA
3362,Pro
9264,Ser
9264,Ser
13052,Ser
13233,Cys
9489,Tyr
12990,Tam
6693,Trp
6693,Trp
7272,Trp
13803,Tyr
1757,Val
13994,Asp
285,Trp
304,Phe
612,Phe
284,Thr
582,Tyr
611,Ahpb
321,Trp
693,Tyr
789,Tyr
809,Cys
788,Tyr
12424,Glu
13986,Asp
2514,Asp
6932,Glu
13990,Asp
13979,N-Ac-DMPT
7849,Asp
13985,Asp
10840,Glu
13994,Asp
10337,Orn
12903,long_chain_fa
5813,Trans-2CroGly
13122,3-(3-Pyr)-L-alanine
12299,Asn
8040,Tyr
13534,Tyr
6264,Tyr
12424,Glu
9664,Pro
9024,3NcpAla
5007,Tyr
13553,Pro
12704,Dab(OH)
8479,Leu
5242,Pro
12916,Tyr
12890,Tyr
4634,Arg
11821,Orn
303,Pro
1407,Lys
4262,Pro
10730,Pro
13120,Trp
1423,Leu
5255,Orn
3997,Leu
5888,Dhl
13709,Trp
10331,Abu
6580,Leu
6054,Ser
13251,ADH
4663,Aeo
300,Ahp
300,Ahp
11640,AHV
4867,Leu
9068,Ala
3991,Orn
7478,Arg
7478,Arg
13497,Asn
13986,Asp
12121,Uda
12546,End
3381,Cys
12663,bmt
10358,Gln
12929,Tyr
8460,Phe
12161,long_chain_fa
1695,Cap
1695,Cap
9774,Choi
12260,Arg
4507,Piz
8104,Cys
7746,Tyr
2514,Asp
2476,Dab
13400,DABA
6170,DADH
11225,DABA
13713,diClPIC
12876,Trp
11501,Leu
2160,Dap
978,End
9423,Pro
11702,Glu
12710,Gln
6932,Glu
2108,Trp
3175,His
13693,Phe
906,Pip
7237,Ser
9279,Ile
2659,Trp
6411,Leu
3076,Lys
9122,Orn
12687,Phe
8278,Ala
13990,Asp
7241,Phe
12104,Met
8996,Val
9384,Tyr
13670,N-Ac-DMPT
4505,Orn
13979,N-Ac-DMPT
13749,N-Me-bmt
12167,Thr
8939,Leu
8272,Ala
1083,Ser
12494,Val
5104,Orn
12351,Lys
7085,Lys
7493,Leu
7849,Asp
13249,Asn
13985,Asp
10840,Glu
450,Orn
1656,Trp
124,Tyr
12490,Orn
8262,Phe
10256,Phe
9676,Piz
3362,Pro
9264,Ser
9264,Ser
13052,Ser
13233,Cys
9489,Tyr
12990,Tam
6693,Trp
6693,Trp
7272,Trp
13803,Tyr
1757,Val
13994,Asp
285,Trp
304,Phe
612,Phe
611,Ahpb
321,Trp
693,Tyr
809,Cys
788,Tyr
12424,Glu
13986,Asp
2514,Asp
6932,Glu
13990,Asp
13979,N-Ac-DMPT
7849,Asp
13985,Asp
10840,Glu
13994,Asp
300,Ahp
300,Ahp
2080,2-EtMal
12470,3-ICBA
889,AMPA
13986,Asp
3008,Ala
9332,long_chain_fa
12121,Uda
7754,Lys
2356,Phe
13319,long_chain_fa
1695,Cap
1695,Cap
2514,Asp
13400,DABA
11225,DABA
4381,Dhb
2160,Dap
13990,Asp
7849,Asp
13985,Asp
12990,Tam
13994,Asp
317,Abu
13986,Asp
2514,Asp
13990,Asp
13985,Asp
13994,Asp
13986,Asp
2514,Asp
7849,Asp
13985,Asp
13994,Asp
13986,Asp
2514,Asp
13990,Asp
13985,Asp
13994,Asp
12121,Uda
1695,Cap
1695,Cap
11225,DABA
2160,Dap
12990,Tam
5093,APA
13723,Cys
1340,Arg
284,Thr
582,Tyr
789,Tyr
10337,Orn
12903,long_chain_fa
5813,Trans-2CroGly
13122,3-(3-Pyr)-L-alanine
12299,Asn
8040,Tyr
13534,Tyr
6264,Tyr
12424,Glu
9664,Pro
9024,3NcpAla
5007,Tyr
13553,Pro
12704,Dab(OH)
8479,Leu
5242,Pro
12916,Tyr
12890,Tyr
4634,Arg
11821,Orn
303,Pro
1407,Lys
4262,Pro
10730,Pro
13120,Trp
1423,Leu
5255,Orn
3997,Leu
5888,Dhl
13709,Trp
10331,Abu
6580,Leu
6054,Ser
13251,ADH
4663,Aeo
300,Ahp
11640,AHV
4867,Leu
9068,Ala
3991,Orn
7478,Arg
7478,Arg
13497,Asn
13986,Asp
13986,Asp
12121,Uda
12546,End
3381,Cys
12663,bmt
10358,Gln
12929,Tyr
8460,Phe
12161,long_chain_fa
1695,Cap
1695,Cap
9774,Choi
12260,Arg
4507,Piz
8104,Cys
7746,Tyr
2514,Asp
2514,Asp
2476,Dab
13400,DABA
6170,DADH
11225,DABA
13713,diClPIC
12876,Trp
11501,Leu
2160,Dap
978,End
9423,Pro
11702,Glu
12710,Gln
6932,Glu
2108,Trp
3175,His
13693,Phe
906,Pip
7237,Ser
9279,Ile
2659,Trp
6411,Leu
3076,Lys
9122,Orn
12687,Phe
8278,Ala
13990,Asp
13990,Asp
7241,Phe
12104,Met
8996,Val
9384,Tyr
13670,N-Ac-DMPT
4505,Orn
13979,N-Ac-DMPT
13749,N-Me-bmt
12167,Thr
8939,Leu
8272,Ala
1083,Ser
12494,Val
5104,Orn
12351,Lys
7085,Lys
7493,Leu
7849,Asp
7849,Asp
13249,Asn
13985,Asp
13985,Asp
10840,Glu
450,Orn
1656,Trp
124,Tyr
12490,Orn
8262,Phe
10256,Phe
9676,Piz
3362,Pro
9264,Ser
9264,Ser
13052,Ser
13233,Cys
9489,Tyr
12990,Tam
6693,Trp
6693,Trp
7272,Trp
13803,Tyr
1757,Val
13994,Asp
13994,Asp
285,Trp
304,Phe
612,Phe
611,Ahpb
321,Trp
693,Tyr
809,Cys
788,Tyr
12424,Glu
13986,Asp
13986,Asp
2514,Asp
2514,Asp
6932,Glu
13990,Asp
13990,Asp
13979,N-Ac-DMPT
7849,Asp
13985,Asp
13985,Asp
10840,Glu
13994,Asp
13994,Asp
300,Ahp
13493,Hpg
13493,Hpg
12698,Hpg
12698,Hpg
12698,Hpg
12698,Hpg
3718,Hpg
3718,Hpg
3006,Hpg
3006,Hpg
13493,Hpg
13493,Hpg
12698,Hpg
12698,Hpg
12698,Hpg
12698,Hpg
3718,Hpg
3718,Hpg
3006,Hpg
3006,Hpg
13493,Hpg
13493,Hpg
12698,Hpg
12698,Hpg
12698,Hpg
12698,Hpg
3718,Hpg
3718,Hpg
13493,Hpg
13493,Hpg
12698,Hpg
12698,Hpg
12698,Hpg
12698,Hpg
3718,Hpg
3718,Hpg
3006,Hpg
3006,Hpg
13493,Hpg
13493,Hpg
12698,Hpg
12698,Hpg
12698,Hpg
12698,Hpg
3718,Hpg
3718,Hpg
13493,Hpg
13493,Hpg
12698,Hpg
12698,Hpg
12698,Hpg
12698,Hpg
3718,Hpg
3718,Hpg
13493,Hpg
13493,Hpg
12698,Hpg
12698,Hpg
12698,Hpg
12698,Hpg
3718,Hpg
3718,Hpg
13493,Hpg
13493,Hpg
12698,Hpg
12698,Hpg
12698,Hpg
12698,Hpg
3718,Hpg
3718,Hpg
4232,ACPC
10337,Orn
12903,long_chain_fa
5813,Trans-2CroGly
9969,Ser
13122,3-(3-Pyr)-L-alanine
12299,Asn
8040,Tyr
13493,Hpg
13534,Tyr
6264,Tyr
12424,Glu
9664,Pro
9024,3NcpAla
5007,Tyr
13553,Pro
12704,Dab(OH)
8479,Leu
5242,Pro
12916,Tyr
12890,Tyr
4634,Arg
11821,Orn
8131,ClPhg
303,Pro
1407,Lys
4262,Pro
10730,Pro
13120,Trp
1423,Leu
5255,Orn
3997,Leu
5888,Dhl
13709,Trp
10577,6OHisoquicarb
10331,Abu
6580,Leu
6054,Ser
13251,ADH
4663,Aeo
300,Ahp
11640,AHV
4867,Leu
2604,Aib
9068,Ala
12282,Cys
3991,Orn
5093,APA
7478,Arg
7478,Arg
13497,Asn
13986,Asp
12121,Uda
12546,End
3381,Cys
12663,bmt
10358,Gln
12929,Tyr
7030,Val
8460,Phe
12161,long_chain_fa
1695,Cap
1695,Cap
9774,Choi
12260,Arg
4507,Piz
8104,Cys
7746,Tyr
2514,Asp
2476,Dab
13400,DABA
6170,DADH
11225,DABA
13723,Cys
1340,Arg
9277,Pro
12698,Hpg
13713,diClPIC
12876,Trp
11501,Leu
2160,Dap
978,End
9423,Pro
11702,Glu
12710,Gln
6932,Glu
5181,Gly
2108,Trp
3175,His
3718,Hpg
13693,Phe
906,Pip
7237,Ser
9279,Ile
2098,Val
2659,Trp
6411,Leu
3076,Lys
9122,Orn
12687,Phe
8278,Ala
13990,Asp
6244,MecPGly
3006,Hpg
7241,Phe
12104,Met
8996,Val
9384,Tyr
13670,N-Ac-DMPT
4505,Orn
13979,N-Ac-DMPT
13749,N-Me-bmt
12167,Thr
401,Gly
8939,Leu
8272,Ala
1083,Ser
12494,Val
5104,Orn
12351,Lys
7085,Lys
7493,Leu
12136,NCA
7849,Asp
13249,Asn
13985,Asp
10840,Glu
450,Orn
13601,Pro
1656,Trp
124,Tyr
12490,Orn
8262,Phe
10256,Phe
9676,Piz
2167,PPCA
3362,Pro
9264,Ser
9264,Ser
13052,Ser
13233,Cys
9489,Tyr
12990,Tam
6693,Trp
6693,Trp
7272,Trp
13803,Tyr
1757,Val
13994,Asp
285,Trp
304,Phe
612,Phe
284,Thr
582,Tyr
611,Ahpb
321,Trp
693,Tyr
789,Tyr
809,Cys
788,Tyr
12424,Glu
13986,Asp
2514,Asp
6932,Glu
13990,Asp
13979,N-Ac-DMPT
7849,Asp
13985,Asp
10840,Glu
13994,Asp
10337,Orn
12903,long_chain_fa
5813,Trans-2CroGly
13122,3-(3-Pyr)-L-alanine
12299,Asn
8040,Tyr
13534,Tyr
6264,Tyr
12424,Glu
9664,Pro
9024,3NcpAla
5007,Tyr
13553,Pro
12704,Dab(OH)
8479,Leu
5242,Pro
12916,Tyr
12890,Tyr
4634,Arg
11821,Orn
303,Pro
1407,Lys
4262,Pro
10730,Pro
13120,Trp
1423,Leu
5255,Orn
3997,Leu
5888,Dhl
13709,Trp
10331,Abu
6580,Leu
6054,Ser
13251,ADH
4663,Aeo
300,Ahp
300,Ahp
11640,AHV
4867,Leu
9068,Ala
3991,Orn
7478,Arg
7478,Arg
13497,Asn
13986,Asp
12121,Uda
12546,End
3381,Cys
12663,bmt
10358,Gln
12929,Tyr
8460,Phe
12161,long_chain_fa
1695,Cap
1695,Cap
9774,Choi
12260,Arg
4507,Piz
8104,Cys
7746,Tyr
2514,Asp
2476,Dab
13400,DABA
6170,DADH
11225,DABA
13713,diClPIC
12876,Trp
11501,Leu
2160,Dap
978,End
9423,Pro
11702,Glu
12710,Gln
6932,Glu
2108,Trp
3175,His
13693,Phe
906,Pip
7237,Ser
9279,Ile
2659,Trp
6411,Leu
3076,Lys
9122,Orn
12687,Phe
8278,Ala
13990,Asp
7241,Phe
12104,Met
8996,Val
9384,Tyr
13670,N-Ac-DMPT
4505,Orn
13979,N-Ac-DMPT
13749,N-Me-bmt
12167,Thr
8939,Leu
8272,Ala
1083,Ser
12494,Val
5104,Orn
12351,Lys
7085,Lys
7493,Leu
7849,Asp
13249,Asn
13985,Asp
10840,Glu
450,Orn
1656,Trp
124,Tyr
12490,Orn
8262,Phe
10256,Phe
9676,Piz
3362,Pro
9264,Ser
9264,Ser
13052,Ser
13233,Cys
9489,Tyr
12990,Tam
6693,Trp
6693,Trp
7272,Trp
13803,Tyr
1757,Val
13994,Asp
285,Trp
304,Phe
612,Phe
611,Ahpb
321,Trp
693,Tyr
809,Cys
788,Tyr
12424,Glu
13986,Asp
2514,Asp
6932,Glu
13990,Asp
13979,N-Ac-DMPT
7849,Asp
13985,Asp
10840,Glu
13994,Asp
300,Ahp
300,Ahp
13986,Asp
2514,Asp
13990,Asp
7849,Asp
13985,Asp
13994,Asp
13986,Asp
2514,Asp
13990,Asp
7849,Asp
13985,Asp
13994,Asp
13986,Asp
2514,Asp
13990,Asp
7849,Asp
13985,Asp
13994,Asp
13986,Asp
2514,Asp
13990,Asp
7849,Asp
13985,Asp
13994,Asp
13986,Asp
2514,Asp
13990,Asp
7849,Asp
13985,Asp
13994,Asp
13986,Asp
2514,Asp
13990,Asp
7849,Asp
13985,Asp
13994,Asp
13986,Asp
2514,Asp
13990,Asp
7849,Asp
13985,Asp
13994,Asp
13986,Asp
2514,Asp
13990,Asp
7849,Asp
13985,Asp
13994,Asp
13986,Asp
2514,Asp
13990,Asp
7849,Asp
13985,Asp
13994,Asp
13986,Asp
2514,Asp
13990,Asp
7849,Asp
13985,Asp
13994,Asp
13986,Asp
2514,Asp
13990,Asp
7849,Asp
13985,Asp
13994,Asp
13986,Asp
2514,Asp
13990,Asp
7849,Asp
13985,Asp
13994,Asp
13986,Asp
2514,Asp
13990,Asp
7849,Asp
13985,Asp
13994,Asp
13986,Asp
2514,Asp
13990,Asp
7849,Asp
13985,Asp
13994,Asp
13493,Hpg
12698,Hpg
3718,Hpg
3006,Hpg
12429,long_chain_fa
848,long_chain_fa
13877,Sal
6463,Hpg
1765,3-FASC
9404,3-HPA
10309,Ana
12694,Pic
12118,OHQA
12964,4-Acetamido-pyr-CA
6421,4-AOHMEBA
5429,Hpg
12438,4-MeHex-2-EA
4377,Ana
2487,6-MSA
8207,6C4H3CA
12643,Ana
1328,benz
888,Sal
11367,CouA
8407,Cro
9056,Ana
9340,long_chain_fa
10849,GuaAc
8155,GaS
13150,HClN
1723,Val
12487,long_chain_fa
5459,Orn
6233,Val
7594,Ana
13372,Ile
4728,Tyr
11178,Tyr
2727,Ala
5350,Dhb
13787,Val
6232,Val
184,NPA
10621,Phe
485,PABA
3153,Phe
6599,Ala
9964,QxCA
312,PABA
9840,CysA
432,long_chain_fa
752,Leu
724,Trp
784,Leu
12282,Cys
3381,Cys
8104,Cys
13723,Cys
13233,Cys
12282,Cys
3381,Cys
8104,Cys
13723,Cys
13233,Cys
9840,CysA
9969,Ser
6054,Ser
1083,Ser
9264,Ser
9969,Ser
6054,Ser
1083,Ser
9264,Ser
284,Thr
284,Thr
5181,Gly
4232,ACPC
10337,Orn
12903,long_chain_fa
5813,Trans-2CroGly
9969,Ser
13122,3-(3-Pyr)-L-alanine
12299,Asn
8040,Tyr
13493,Hpg
13534,Tyr
6264,Tyr
12424,Glu
9024,3NcpAla
5007,Tyr
12704,Dab(OH)
8479,Leu
12916,Tyr
12890,Tyr
4634,Arg
11821,Orn
8131,ClPhg
1407,Lys
13120,Trp
1423,Leu
5255,Orn
3997,Leu
5888,Dhl
13709,Trp
3464,Abu
13251,ADH
4663,Aeo
11640,AHV
4867,Leu
2604,Aib
9068,Ala
12282,Cys
3991,Orn
5093,APA
7478,Arg
7478,Arg
13497,Asn
13986,Asp
12121,Uda
12546,End
3381,Cys
12663,bmt
10358,Gln
12929,Tyr
7030,Val
8460,Phe
12161,long_chain_fa
1695,Cap
1695,Cap
12260,Arg
8104,Cys
2514,Asp
2476,Dab
6170,DADH
11225,DABA
13723,Cys
1340,Arg
12698,Hpg
12876,Trp
11501,Leu
2160,Dap
978,End
12710,Gln
6932,Glu
5181,Gly
3175,His
3718,Hpg
13693,Phe
7237,Ser
9279,Ile
2098,Val
2659,Trp
6411,Leu
3076,Lys
12687,Phe
6244,MecPGly
12104,Met
9384,Tyr
12351,Lys
7085,Lys
7493,Leu
12136,NCA
13249,Asn
13985,Asp
10840,Glu
450,Orn
1656,Trp
124,Tyr
12490,Orn
8262,Phe
10256,Phe
9264,Ser
13052,Ser
13233,Cys
12990,Tam
6693,Trp
6693,Trp
7272,Trp
13803,Tyr
1757,Val
13994,Asp
285,Trp
612,Phe
284,Thr
611,Ahpb
321,Trp
789,Tyr
788,Tyr
12429,long_chain_fa
848,long_chain_fa
13877,Sal
6463,Hpg
1765,3-FASC
9404,3-HPA
10309,Ana
12694,Pic
12118,OHQA
12964,4-Acetamido-pyr-CA
6421,4-AOHMEBA
5429,Hpg
12438,4-MeHex-2-EA
4377,Ana
2487,6-MSA
8207,6C4H3CA
12643,Ana
1328,benz
888,Sal
11367,CouA
8407,Cro
9056,Ana
9340,long_chain_fa
10849,GuaAc
8155,GaS
13150,HClN
1723,Val
12487,long_chain_fa
6233,Val
7594,Ana
13372,Ile
4728,Tyr
11178,Tyr
2727,Ala
5350,Dhb
13787,Val
6232,Val
184,NPA
10621,Phe
485,PABA
3153,Phe
6599,Ala
9964,QxCA
312,PABA
9840,CysA
432,long_chain_fa
752,Leu
724,Trp
784,Leu
8104,Cys
9264,Ser
8104,Cys
9264,Ser
8104,Cys
9264,Ser
13894,"3,5-AHBA"
13901,benz
13908,tCin
13926,MeMal
5465,Py-2-Car
725,"1,3BPG"
834,3OHPic
790,BamSt
785,long_chain_fa
786,long_chain_fa
810,EtMal
787,Mal
723,long_chain_fa
758,long_chain_fa
4606,isoButMal
13940,MeMal
694,2Cl-Pyr-Mal
13941,EtMal
374,HexaMal
6236,OMeMal
11873,Mal
13942,Mal
13939,2EtButMal
13940,MeMal
1630,Butyl
583,OH-ProMal
13940,MeMal
13941,EtMal
13942,Mal
13942,Mal
1206,isoButMal
4543,MeMal
697,2Cl-Pyr-Mal
1961,EtMal
431,HexaMal
2754,OMeMal
1368,Mal
13943,Mal
1733,2EtButMal
4543,MeMal
4396,Butyl
314,OH-ProMal
4543,MeMal
1961,EtMal
13943,Mal
13943,Mal
13463,isoButMal
3795,MeMal
702,2Cl-Pyr-Mal
855,EtMal
289,HexaMal
3424,OMeMal
7793,Mal
12184,Mal
13331,2EtButMal
3795,MeMal
658,Butyl
650,OH-ProMal
3795,MeMal
855,EtMal
12184,Mal
12184,Mal
5834,Mal
10727,2EtButMal
9573,Mal
12450,isoButMal
13944,MeMal
657,2Cl-Pyr-Mal
13624,EtMal
13944,MeMal
581,HexaMal
5043,OMeMal
606,OH-ProMal
13624,EtMal
9573,Mal
1925,isoButMal
13945,MeMal
651,2Cl-Pyr-Mal
12269,EtMal
378,HexaMal
12016,OMeMal
7935,Mal
9875,Mal
9320,2EtButMal
13945,MeMal
4676,Butyl
430,OH-ProMal
13945,MeMal
12269,EtMal
9875,Mal
9875,Mal
7659,Mal
12226,2EtButMal
2238,Mal
13772,isoButMal
7671,MeMal
721,2Cl-Pyr-Mal
10110,EtMal
7671,MeMal
584,HexaMal
4593,OMeMal
429,OH-ProMal
10110,EtMal
2238,Mal
7671,MeMal
2238,Mal
8598,MeMal
11815,Mal
390,MeMal
13946,Mal
390,MeMal
13946,Mal
390,MeMal
13946,Mal
390,MeMal
13946,Mal
390,MeMal
13946,Mal
390,MeMal
13946,Mal
390,MeMal
13946,Mal
13894,"3,5-AHBA"
13908,tCin
13926,MeMal
5465,Py-2-Car
725,"1,3BPG"
834,3OHPic
790,BamSt
13901,benz
785,long_chain_fa
786,long_chain_fa
810,EtMal
787,Mal
723,long_chain_fa
758,long_chain_fa
4606,isoButMal
13940,MeMal
694,2Cl-Pyr-Mal
13941,EtMal
374,HexaMal
6236,OMeMal
11873,Mal
13942,Mal
13939,2EtButMal
13940,MeMal
1630,Butyl
583,OH-ProMal
13940,MeMal
13941,EtMal
13942,Mal
13942,Mal
1206,isoButMal
4543,MeMal
697,2Cl-Pyr-Mal
1961,EtMal
431,HexaMal
2754,OMeMal
1368,Mal
13943,Mal
1733,2EtButMal
4543,MeMal
4396,Butyl
314,OH-ProMal
4543,MeMal
1961,EtMal
13943,Mal
13943,Mal
13463,isoButMal
3795,MeMal
702,2Cl-Pyr-Mal
855,EtMal
289,HexaMal
3424,OMeMal
7793,Mal
12184,Mal
13331,2EtButMal
3795,MeMal
658,Butyl
650,OH-ProMal
3795,MeMal
855,EtMal
12184,Mal
12184,Mal
5834,Mal
10727,2EtButMal
9573,Mal
12450,isoButMal
13944,MeMal
657,2Cl-Pyr-Mal
13624,EtMal
13944,MeMal
581,HexaMal
5043,OMeMal
606,OH-ProMal
13624,EtMal
9573,Mal
1925,isoButMal
13945,MeMal
651,2Cl-Pyr-Mal
12269,EtMal
378,HexaMal
12016,OMeMal
7935,Mal
9875,Mal
9320,2EtButMal
13945,MeMal
4676,Butyl
430,OH-ProMal
13945,MeMal
12269,EtMal
9875,Mal
9875,Mal
7659,Mal
12226,2EtButMal
2238,Mal
13772,isoButMal
7671,MeMal
721,2Cl-Pyr-Mal
10110,EtMal
7671,MeMal
584,HexaMal
4593,OMeMal
429,OH-ProMal
10110,EtMal
2238,Mal
7671,MeMal
2238,Mal
8598,MeMal
11815,Mal
390,MeMal
13946,Mal
390,MeMal
13946,Mal
390,MeMal
13946,Mal
390,MeMal
13946,Mal
390,MeMal
13946,Mal
390,MeMal
13946,Mal
390,MeMal
13946,Mal
4606,isoButMal
4606,isoButMal
4606,isoButMal
4606,isoButMal
13940,MeMal
13940,MeMal
13940,MeMal
13940,MeMal
694,2Cl-Pyr-Mal
694,2Cl-Pyr-Mal
694,2Cl-Pyr-Mal
694,2Cl-Pyr-Mal
13941,EtMal
13941,EtMal
13941,EtMal
13941,EtMal
374,HexaMal
374,HexaMal
374,HexaMal
374,HexaMal
6236,OMeMal
6236,OMeMal
6236,OMeMal
6236,OMeMal
11873,Mal
11873,Mal
11873,Mal
11873,Mal
13942,Mal
13942,Mal
13942,Mal
13942,Mal
13939,2EtButMal
13939,2EtButMal
13939,2EtButMal
13939,2EtButMal
13940,MeMal
13940,MeMal
13940,MeMal
13940,MeMal
1630,Butyl
1630,Butyl
1630,Butyl
1630,Butyl
583,OH-ProMal
583,OH-ProMal
583,OH-ProMal
583,OH-ProMal
13940,MeMal
13940,MeMal
13940,MeMal
13940,MeMal
13941,EtMal
13941,EtMal
13941,EtMal
13941,EtMal
13942,Mal
13942,Mal
13942,Mal
13942,Mal
13942,Mal
13942,Mal
13942,Mal
13942,Mal
1206,isoButMal
1206,isoButMal
1206,isoButMal
1206,isoButMal
4543,MeMal
4543,MeMal
4543,MeMal
4543,MeMal
697,2Cl-Pyr-Mal
697,2Cl-Pyr-Mal
697,2Cl-Pyr-Mal
697,2Cl-Pyr-Mal
1961,EtMal
1961,EtMal
1961,EtMal
1961,EtMal
431,HexaMal
431,HexaMal
431,HexaMal
431,HexaMal
2754,OMeMal
2754,OMeMal
2754,OMeMal
2754,OMeMal
1368,Mal
1368,Mal
1368,Mal
1368,Mal
13943,Mal
13943,Mal
13943,Mal
13943,Mal
1733,2EtButMal
1733,2EtButMal
1733,2EtButMal
1733,2EtButMal
4543,MeMal
4543,MeMal
4543,MeMal
4543,MeMal
4396,Butyl
4396,Butyl
4396,Butyl
4396,Butyl
314,OH-ProMal
314,OH-ProMal
314,OH-ProMal
314,OH-ProMal
4543,MeMal
4543,MeMal
4543,MeMal
4543,MeMal
1961,EtMal
1961,EtMal
1961,EtMal
1961,EtMal
13943,Mal
13943,Mal
13943,Mal
13943,Mal
13943,Mal
13943,Mal
13943,Mal
13943,Mal
13463,isoButMal
13463,isoButMal
13463,isoButMal
13463,isoButMal
3795,MeMal
3795,MeMal
3795,MeMal
3795,MeMal
702,2Cl-Pyr-Mal
702,2Cl-Pyr-Mal
702,2Cl-Pyr-Mal
702,2Cl-Pyr-Mal
855,EtMal
855,EtMal
855,EtMal
855,EtMal
289,HexaMal
289,HexaMal
289,HexaMal
289,HexaMal
3424,OMeMal
3424,OMeMal
3424,OMeMal
3424,OMeMal
7793,Mal
7793,Mal
7793,Mal
7793,Mal
12184,Mal
12184,Mal
12184,Mal
12184,Mal
13331,2EtButMal
13331,2EtButMal
13331,2EtButMal
13331,2EtButMal
3795,MeMal
3795,MeMal
3795,MeMal
3795,MeMal
658,Butyl
658,Butyl
658,Butyl
658,Butyl
650,OH-ProMal
650,OH-ProMal
650,OH-ProMal
650,OH-ProMal
3795,MeMal
3795,MeMal
3795,MeMal
3795,MeMal
855,EtMal
855,EtMal
855,EtMal
855,EtMal
12184,Mal
12184,Mal
12184,Mal
12184,Mal
12184,Mal
12184,Mal
12184,Mal
12184,Mal
5834,Mal
5834,Mal
5834,Mal
5834,Mal
10727,2EtButMal
10727,2EtButMal
10727,2EtButMal
10727,2EtButMal
9573,Mal
9573,Mal
9573,Mal
9573,Mal
12450,isoButMal
12450,isoButMal
12450,isoButMal
12450,isoButMal
13944,MeMal
13944,MeMal
13944,MeMal
13944,MeMal
657,2Cl-Pyr-Mal
657,2Cl-Pyr-Mal
657,2Cl-Pyr-Mal
657,2Cl-Pyr-Mal
13624,EtMal
13624,EtMal
13624,EtMal
13624,EtMal
13944,MeMal
13944,MeMal
13944,MeMal
13944,MeMal
581,HexaMal
581,HexaMal
581,HexaMal
581,HexaMal
5043,OMeMal
5043,OMeMal
5043,OMeMal
5043,OMeMal
606,OH-ProMal
606,OH-ProMal
606,OH-ProMal
606,OH-ProMal
13624,EtMal
13624,EtMal
13624,EtMal
13624,EtMal
9573,Mal
9573,Mal
9573,Mal
9573,Mal
1925,isoButMal
1925,isoButMal
1925,isoButMal
1925,isoButMal
13945,MeMal
13945,MeMal
13945,MeMal
13945,MeMal
651,2Cl-Pyr-Mal
651,2Cl-Pyr-Mal
651,2Cl-Pyr-Mal
651,2Cl-Pyr-Mal
12269,EtMal
12269,EtMal
12269,EtMal
12269,EtMal
378,HexaMal
378,HexaMal
378,HexaMal
378,HexaMal
12016,OMeMal
12016,OMeMal
12016,OMeMal
12016,OMeMal
7935,Mal
7935,Mal
7935,Mal
7935,Mal
9875,Mal
9875,Mal
9875,Mal
9875,Mal
9320,2EtButMal
9320,2EtButMal
9320,2EtButMal
9320,2EtButMal
13945,MeMal
13945,MeMal
13945,MeMal
13945,MeMal
4676,Butyl
4676,Butyl
4676,Butyl
4676,Butyl
430,OH-ProMal
430,OH-ProMal
430,OH-ProMal
430,OH-ProMal
13945,MeMal
13945,MeMal
13945,MeMal
13945,MeMal
12269,EtMal
12269,EtMal
12269,EtMal
12269,EtMal
9875,Mal
9875,Mal
9875,Mal
9875,Mal
9875,Mal
9875,Mal
9875,Mal
9875,Mal
7659,Mal
7659,Mal
7659,Mal
7659,Mal
12226,2EtButMal
12226,2EtButMal
12226,2EtButMal
12226,2EtButMal
2238,Mal
2238,Mal
2238,Mal
2238,Mal
13772,isoButMal
13772,isoButMal
13772,isoButMal
13772,isoButMal
7671,MeMal
7671,MeMal
7671,MeMal
7671,MeMal
721,2Cl-Pyr-Mal
721,2Cl-Pyr-Mal
721,2Cl-Pyr-Mal
721,2Cl-Pyr-Mal
10110,EtMal
10110,EtMal
10110,EtMal
10110,EtMal
7671,MeMal
7671,MeMal
7671,MeMal
7671,MeMal
584,HexaMal
584,HexaMal
584,HexaMal
584,HexaMal
4593,OMeMal
4593,OMeMal
4593,OMeMal
4593,OMeMal
429,OH-ProMal
429,OH-ProMal
429,OH-ProMal
429,OH-ProMal
10110,EtMal
10110,EtMal
10110,EtMal
10110,EtMal
2238,Mal
2238,Mal
2238,Mal
2238,Mal
7671,MeMal
7671,MeMal
7671,MeMal
7671,MeMal
2238,Mal
2238,Mal
2238,Mal
2238,Mal
8598,MeMal
8598,MeMal
8598,MeMal
8598,MeMal
11815,Mal
11815,Mal
11815,Mal
11815,Mal
390,MeMal
390,MeMal
390,MeMal
390,MeMal
13946,Mal
13946,Mal
13946,Mal
13946,Mal
390,MeMal
390,MeMal
390,MeMal
390,MeMal
13946,Mal
13946,Mal
13946,Mal
13946,Mal
390,MeMal
390,MeMal
390,MeMal
390,MeMal
13946,Mal
13946,Mal
13946,Mal
13946,Mal
390,MeMal
390,MeMal
390,MeMal
390,MeMal
13946,Mal
13946,Mal
13946,Mal
13946,Mal
390,MeMal
390,MeMal
390,MeMal
390,MeMal
13946,Mal
13946,Mal
13946,Mal
13946,Mal
390,MeMal
390,MeMal
390,MeMal
390,MeMal
13946,Mal
13946,Mal
13946,Mal
13946,Mal
390,MeMal
390,MeMal
390,MeMal
390,MeMal
13946,Mal
13946,Mal
13946,Mal
13946,Mal
4606,isoButMal
13940,MeMal
694,2Cl-Pyr-Mal
13941,EtMal
374,HexaMal
6236,OMeMal
11873,Mal
13942,Mal
13939,2EtButMal
13940,MeMal
1630,Butyl
583,OH-ProMal
13940,MeMal
13941,EtMal
13942,Mal
13942,Mal
7659,Mal
12226,2EtButMal
2238,Mal
13772,isoButMal
7671,MeMal
721,2Cl-Pyr-Mal
10110,EtMal
7671,MeMal
584,HexaMal
4593,OMeMal
429,OH-ProMal
10110,EtMal
2238,Mal
7659,Mal
12226,2EtButMal
2238,Mal
13772,isoButMal
7671,MeMal
721,2Cl-Pyr-Mal
10110,EtMal
7671,MeMal
584,HexaMal
4593,OMeMal
429,OH-ProMal
10110,EtMal
2238,Mal
1206,isoButMal
4543,MeMal
697,2Cl-Pyr-Mal
1961,EtMal
431,HexaMal
2754,OMeMal
1368,Mal
13943,Mal
1733,2EtButMal
4543,MeMal
4396,Butyl
314,OH-ProMal
4543,MeMal
1961,EtMal
13943,Mal
13943,Mal
9573,Mal
5834,Mal
10727,2EtButMal
9573,Mal
12450,isoButMal
13944,MeMal
657,2Cl-Pyr-Mal
13624,EtMal
13944,MeMal
581,HexaMal
5043,OMeMal
606,OH-ProMal
13624,EtMal
11873,Mal
1368,Mal
7793,Mal
5834,Mal
7935,Mal
7659,Mal
4606,isoButMal
13940,MeMal
694,2Cl-Pyr-Mal
13941,EtMal
374,HexaMal
6236,OMeMal
11873,Mal
13942,Mal
13939,2EtButMal
13940,MeMal
1630,Butyl
583,OH-ProMal
13940,MeMal
13941,EtMal
13942,Mal
13942,Mal
13942,Mal
4606,isoButMal
13940,MeMal
694,2Cl-Pyr-Mal
13941,EtMal
374,HexaMal
6236,OMeMal
11873,Mal
13942,Mal
13939,2EtButMal
13940,MeMal
583,OH-ProMal
13941,EtMal
13943,Mal
1206,isoButMal
4543,MeMal
697,2Cl-Pyr-Mal
1961,EtMal
431,HexaMal
2754,OMeMal
1368,Mal
13943,Mal
1733,2EtButMal
4543,MeMal
314,OH-ProMal
1961,EtMal
13942,Mal
13943,Mal
1206,isoButMal
4543,MeMal
697,2Cl-Pyr-Mal
1961,EtMal
431,HexaMal
2754,OMeMal
1368,Mal
13943,Mal
1733,2EtButMal
4543,MeMal
314,OH-ProMal
1961,EtMal
13942,Mal
4606,isoButMal
13940,MeMal
694,2Cl-Pyr-Mal
13941,EtMal
374,HexaMal
6236,OMeMal
11873,Mal
13942,Mal
13939,2EtButMal
13940,MeMal
583,OH-ProMal
13941,EtMal
13942,Mal
13943,Mal
1206,isoButMal
4543,MeMal
697,2Cl-Pyr-Mal
1961,EtMal
431,HexaMal
2754,OMeMal
1368,Mal
13943,Mal
1733,2EtButMal
4543,MeMal
314,OH-ProMal
1961,EtMal
13942,Mal
4606,isoButMal
13940,MeMal
694,2Cl-Pyr-Mal
13941,EtMal
374,HexaMal
6236,OMeMal
11873,Mal
13942,Mal
13939,2EtButMal
13940,MeMal
583,OH-ProMal
13941,EtMal
5834,Mal
10727,2EtButMal
9573,Mal
12450,isoButMal
13944,MeMal
657,2Cl-Pyr-Mal
13624,EtMal
13944,MeMal
581,HexaMal
5043,OMeMal
606,OH-ProMal
13624,EtMal
9573,Mal
390,MeMal
13946,Mal
1925,isoButMal
13945,MeMal
651,2Cl-Pyr-Mal
12269,EtMal
378,HexaMal
12016,OMeMal
7935,Mal
9875,Mal
9320,2EtButMal
13945,MeMal
4676,Butyl
430,OH-ProMal
13945,MeMal
12269,EtMal
9875,Mal
9875,Mal
13942,Mal
4606,isoButMal
13940,MeMal
694,2Cl-Pyr-Mal
13941,EtMal
374,HexaMal
6236,OMeMal
11873,Mal
13942,Mal
13939,2EtButMal
13940,MeMal
583,OH-ProMal
13941,EtMal
5834,Mal
10727,2EtButMal
9573,Mal
12450,isoButMal
13944,MeMal
657,2Cl-Pyr-Mal
13624,EtMal
13944,MeMal
581,HexaMal
5043,OMeMal
606,OH-ProMal
13624,EtMal
9573,Mal
390,MeMal
13946,Mal
13942,Mal
13943,Mal
9875,Mal
4606,isoButMal
13940,MeMal
694,2Cl-Pyr-Mal
13941,EtMal
374,HexaMal
6236,OMeMal
11873,Mal
13942,Mal
13939,2EtButMal
13940,MeMal
583,OH-ProMal
13941,EtMal
1206,isoButMal
4543,MeMal
697,2Cl-Pyr-Mal
1961,EtMal
431,HexaMal
2754,OMeMal
1368,Mal
13943,Mal
1733,2EtButMal
4543,MeMal
314,OH-ProMal
1961,EtMal
1925,isoButMal
13945,MeMal
651,2Cl-Pyr-Mal
12269,EtMal
378,HexaMal
12016,OMeMal
7935,Mal
9875,Mal
9320,2EtButMal
13945,MeMal
430,OH-ProMal
12269,EtMal
9573,Mal
13946,Mal
5834,Mal
10727,2EtButMal
9573,Mal
12450,isoButMal
13944,MeMal
657,2Cl-Pyr-Mal
13624,EtMal
13944,MeMal
581,HexaMal
5043,OMeMal
606,OH-ProMal
13624,EtMal
390,MeMal
5834,Mal
10727,2EtButMal
9573,Mal
12450,isoButMal
13944,MeMal
657,2Cl-Pyr-Mal
13624,EtMal
13944,MeMal
581,HexaMal
5043,OMeMal
606,OH-ProMal
13624,EtMal
9573,Mal
390,MeMal
13946,Mal
1206,isoButMal
4543,MeMal
697,2Cl-Pyr-Mal
1961,EtMal
431,HexaMal
2754,OMeMal
1368,Mal
13943,Mal
1733,2EtButMal
4543,MeMal
4396,Butyl
314,OH-ProMal
4543,MeMal
1961,EtMal
13943,Mal
13943,Mal
13944,MeMal
13942,Mal
4606,isoButMal
13940,MeMal
694,2Cl-Pyr-Mal
13941,EtMal
374,HexaMal
6236,OMeMal
11873,Mal
13942,Mal
13939,2EtButMal
13940,MeMal
583,OH-ProMal
13941,EtMal
13943,Mal
1206,isoButMal
4543,MeMal
697,2Cl-Pyr-Mal
1961,EtMal
431,HexaMal
2754,OMeMal
1368,Mal
13943,Mal
1733,2EtButMal
4543,MeMal
314,OH-ProMal
1961,EtMal
4606,isoButMal
13940,MeMal
694,2Cl-Pyr-Mal
13941,EtMal
374,HexaMal
6236,OMeMal
11873,Mal
13942,Mal
13939,2EtButMal
13940,MeMal
1630,Butyl
583,OH-ProMal
13940,MeMal
13941,EtMal
13942,Mal
13942,Mal
4606,isoButMal
13940,MeMal
694,2Cl-Pyr-Mal
13941,EtMal
374,HexaMal
6236,OMeMal
11873,Mal
13942,Mal
13939,2EtButMal
13940,MeMal
1630,Butyl
583,OH-ProMal
13940,MeMal
13941,EtMal
13942,Mal
13942,Mal
5834,Mal
10727,2EtButMal
9573,Mal
12450,isoButMal
13944,MeMal
657,2Cl-Pyr-Mal
13624,EtMal
13944,MeMal
581,HexaMal
5043,OMeMal
606,OH-ProMal
13624,EtMal
9573,Mal
5834,Mal
10727,2EtButMal
9573,Mal
12450,isoButMal
13944,MeMal
657,2Cl-Pyr-Mal
13624,EtMal
13944,MeMal
581,HexaMal
5043,OMeMal
606,OH-ProMal
13624,EtMal
9573,Mal
5834,Mal
10727,2EtButMal
9573,Mal
12450,isoButMal
13944,MeMal
657,2Cl-Pyr-Mal
13624,EtMal
13944,MeMal
581,HexaMal
5043,OMeMal
606,OH-ProMal
13624,EtMal
9573,Mal
13942,Mal
4606,isoButMal
13940,MeMal
694,2Cl-Pyr-Mal
13941,EtMal
374,HexaMal
6236,OMeMal
11873,Mal
13942,Mal
13939,2EtButMal
13940,MeMal
583,OH-ProMal
13941,EtMal
5834,Mal
10727,2EtButMal
9573,Mal
12450,isoButMal
13944,MeMal
657,2Cl-Pyr-Mal
13624,EtMal
13944,MeMal
581,HexaMal
5043,OMeMal
606,OH-ProMal
13624,EtMal
9573,Mal
4606,isoButMal
4606,isoButMal
4606,isoButMal
4606,isoButMal
13940,MeMal
13940,MeMal
13940,MeMal
13940,MeMal
694,2Cl-Pyr-Mal
694,2Cl-Pyr-Mal
694,2Cl-Pyr-Mal
694,2Cl-Pyr-Mal
13941,EtMal
13941,EtMal
13941,EtMal
13941,EtMal
374,HexaMal
374,HexaMal
374,HexaMal
374,HexaMal
6236,OMeMal
6236,OMeMal
6236,OMeMal
6236,OMeMal
11873,Mal
11873,Mal
11873,Mal
11873,Mal
13942,Mal
13942,Mal
13942,Mal
13942,Mal
13939,2EtButMal
13939,2EtButMal
13939,2EtButMal
13939,2EtButMal
13940,MeMal
13940,MeMal
13940,MeMal
13940,MeMal
1630,Butyl
1630,Butyl
1630,Butyl
1630,Butyl
583,OH-ProMal
583,OH-ProMal
583,OH-ProMal
583,OH-ProMal
13940,MeMal
13940,MeMal
13940,MeMal
13940,MeMal
13941,EtMal
13941,EtMal
13941,EtMal
13941,EtMal
13942,Mal
13942,Mal
13942,Mal
13942,Mal
13942,Mal
13942,Mal
13942,Mal
13942,Mal
9573,Mal
9573,Mal
9573,Mal
9573,Mal
5834,Mal
5834,Mal
5834,Mal
5834,Mal
10727,2EtButMal
10727,2EtButMal
10727,2EtButMal
10727,2EtButMal
9573,Mal
9573,Mal
9573,Mal
9573,Mal
12450,isoButMal
12450,isoButMal
12450,isoButMal
12450,isoButMal
13944,MeMal
13944,MeMal
13944,MeMal
13944,MeMal
657,2Cl-Pyr-Mal
657,2Cl-Pyr-Mal
657,2Cl-Pyr-Mal
657,2Cl-Pyr-Mal
13624,EtMal
13624,EtMal
13624,EtMal
13624,EtMal
13944,MeMal
13944,MeMal
13944,MeMal
13944,MeMal
581,HexaMal
581,HexaMal
581,HexaMal
581,HexaMal
5043,OMeMal
5043,OMeMal
5043,OMeMal
5043,OMeMal
606,OH-ProMal
606,OH-ProMal
606,OH-ProMal
606,OH-ProMal
13624,EtMal
13624,EtMal
13624,EtMal
13624,EtMal
13942,Mal
13942,Mal
13942,Mal
13942,Mal
1925,isoButMal
1925,isoButMal
1925,isoButMal
1925,isoButMal
13945,MeMal
13945,MeMal
13945,MeMal
13945,MeMal
651,2Cl-Pyr-Mal
651,2Cl-Pyr-Mal
651,2Cl-Pyr-Mal
651,2Cl-Pyr-Mal
12269,EtMal
12269,EtMal
12269,EtMal
12269,EtMal
378,HexaMal
378,HexaMal
378,HexaMal
378,HexaMal
12016,OMeMal
12016,OMeMal
12016,OMeMal
12016,OMeMal
7935,Mal
7935,Mal
7935,Mal
7935,Mal
9875,Mal
9875,Mal
9875,Mal
9875,Mal
9320,2EtButMal
9320,2EtButMal
9320,2EtButMal
9320,2EtButMal
13945,MeMal
13945,MeMal
13945,MeMal
13945,MeMal
4676,Butyl
4676,Butyl
4676,Butyl
4676,Butyl
430,OH-ProMal
430,OH-ProMal
430,OH-ProMal
430,OH-ProMal
13945,MeMal
13945,MeMal
13945,MeMal
13945,MeMal
12269,EtMal
12269,EtMal
12269,EtMal
12269,EtMal
9875,Mal
9875,Mal
9875,Mal
9875,Mal
9875,Mal
9875,Mal
9875,Mal
9875,Mal
9573,Mal
9573,Mal
9573,Mal
9573,Mal
13946,Mal
13946,Mal
13946,Mal
13946,Mal
5834,Mal
5834,Mal
5834,Mal
5834,Mal
10727,2EtButMal
10727,2EtButMal
10727,2EtButMal
10727,2EtButMal
9573,Mal
9573,Mal
9573,Mal
9573,Mal
12450,isoButMal
12450,isoButMal
12450,isoButMal
12450,isoButMal
13944,MeMal
13944,MeMal
13944,MeMal
13944,MeMal
657,2Cl-Pyr-Mal
657,2Cl-Pyr-Mal
657,2Cl-Pyr-Mal
657,2Cl-Pyr-Mal
13624,EtMal
13624,EtMal
13624,EtMal
13624,EtMal
13944,MeMal
13944,MeMal
13944,MeMal
13944,MeMal
581,HexaMal
581,HexaMal
581,HexaMal
581,HexaMal
5043,OMeMal
5043,OMeMal
5043,OMeMal
5043,OMeMal
606,OH-ProMal
606,OH-ProMal
606,OH-ProMal
606,OH-ProMal
13624,EtMal
13624,EtMal
13624,EtMal
13624,EtMal
390,MeMal
390,MeMal
390,MeMal
390,MeMal
1206,isoButMal
1206,isoButMal
1206,isoButMal
1206,isoButMal
4543,MeMal
4543,MeMal
4543,MeMal
4543,MeMal
697,2Cl-Pyr-Mal
697,2Cl-Pyr-Mal
697,2Cl-Pyr-Mal
697,2Cl-Pyr-Mal
1961,EtMal
1961,EtMal
1961,EtMal
1961,EtMal
431,HexaMal
431,HexaMal
431,HexaMal
431,HexaMal
2754,OMeMal
2754,OMeMal
2754,OMeMal
2754,OMeMal
1368,Mal
1368,Mal
1368,Mal
1368,Mal
13943,Mal
13943,Mal
13943,Mal
13943,Mal
1733,2EtButMal
1733,2EtButMal
1733,2EtButMal
1733,2EtButMal
4543,MeMal
4543,MeMal
4543,MeMal
4543,MeMal
4396,Butyl
4396,Butyl
4396,Butyl
4396,Butyl
314,OH-ProMal
314,OH-ProMal
314,OH-ProMal
314,OH-ProMal
4543,MeMal
4543,MeMal
4543,MeMal
4543,MeMal
1961,EtMal
1961,EtMal
1961,EtMal
1961,EtMal
13943,Mal
13943,Mal
13943,Mal
13943,Mal
13943,Mal
13943,Mal
13943,Mal
13943,Mal
