unit_id,module_tag
2080,2-EtMal
13122,3-(3-Pyr)-L-alanine
1765,3-FASC
9404,3-HPA
12470,3-ICBA
9024,3NcpAla
12964,4-Acetamido-pyr-CA
6421,4-AOHMEBA
12438,4-MeHex-2-EA
2487,6-MSA
8207,6C4H3CA
10577,6OHisoquicarb
3464,Abu
4232,ACPC
13251,ADH
4663,Aeo
300,Ahp
11640,AHV
2604,Aib
9068,Ala
6599,pyruvate
3008,bAla
2727,lac
8278,MeAla
8272,N-OHAla
889,AMPA
10309,3-OH-AA
12643,Ana
4377,4-MHA
9056,DHAA
7594,HMAA
5093,APA
7478,Arg
4634,"4,5-dearg"
1340,Dha
12260,Cit
13497,Asn
12299,3-CyaAla
13249,OHAsn
13986,Asp
13985,OHAsp
13990,MeAsp
13994,y-Asp
2514,bMeAsp
7849,O-MeAsp
1328,benz
12663,bmt
1695,Cap
9774,Choi
8131,ClPhg
11367,CouA
8407,Cro
13233,Cys
2476,Dab
12704,Dab(OH)
13400,DABA
11225,"2,3-DABA"
6170,DADH
2160,Dap
5350,Dhb
5888,Dhl
13713,diClPIC
12546,Bh-L-End
978,End
8155,GaS
12710,Gln
10358,3HyG
6932,Glu
11702,FGln
10840,OH-Glu
12424,3-MeGlu
5181,Gly
401,N-MeGly
10849,GuaAc
13150,HClN
3175,His
3718,Hpg
12698,Dhpg
5429,4-HPGox
6463,3-Cl-4OHpheglyate
3006,MeHpg
13493,Dpg
9279,Ile
13372,2-HVC
6411,Leu
8939,N-MeLeu
7493,Nle
8479,3_OHLeu
1423,tcl
3997,D-Hleu
11501,5_OHLeu
6580,Acyl-Leu
4867,OH-3Pent
12429,1-HDecA
848,13-MeMyA
12487,hexnoic_acid
12161,Aoda
9340,DiMMyA
12903,2-NDoDecA
9332,bAMHDA
13319,C13B-A-FA
3076,Lys
1407,4-OHLys
7085,NHLys
12351,NANHLys
7754,bLys
6244,MecPGly
12104,Met
13979,N-Ac(D)MPT
13670,N-Ac-DMPT
13749,N-Me-bmt
12136,NCA
184,NPA
12118,OHQA
450,OH-Orn
3991,AMHO
5459,hfOrn
5104,NAc2hOrn
5255,5hfOrn
12490,Orn
10337,2-am-5-NOH-pentacid
4505,N-ac-fOHOrn
9122,Me-fOHOrn
11821,"4,5diOHOrn"
485,PABA
10256,Phe
7241,MePhe
8262,PAPS
3153,PhePyruvate
10621,PheAc
8460,OMePhe
12687,3-MePhe
12694,Pic
906,Pip
9676,Piz
4507,Cl-Pip
2167,PPCA
3362,Pro
9664,3-MePro
9277,DHPA
9423,EPL
303,MePro
4262,4HyP
5242,3HyP
13553,3OH4MePro
10730,4PP
13601,3-OH-3-MePro
11389,Py-2-Car
9964,QxCA
891,"2,3-DHB"
888,Sal
13052,Ser
13052,MeSer
9969,aMe-Ser
1083,N-OHSer
6054,acylSer
7237,Hse1
12990,Tam
12463,Thr
12167,N-Me-Thr
5813,Trans-2CroGly
6693,Trp
2659,Kyn
1656,Mtrp
13120,5-Cl-L-Trp
13709,6-Cl-Trp
7272,Trp-bOH-diMePropenyl
12876,N-diMeTrp
13803,Tyr
12890,4-O-DiMe-Tyr
9384,m-Tyr
13534,3h5mOmTyr
11178,Hppy
4728,hpla
6264,3hHyT
8040,"3,4diOHHomoTyr"
12929,bOHTyr
5007,3NTyr
12916,OHTyr
7746,ClN-MeTyr
124,OMeTyr
9489,N-MeTyr
12121,beta-Uda
1757,Val
8996,MeVal
13787,Moba
6233,hiv
6232,Mopa
12494,N-OHVal
1723,HDBA
7030,y-OH-Val
285,7-MeO-D-Trp
304,N-Me-B-OH-L-Phe
612,B-OH-L-Phe
284,AnThr
582,MeDeTyr
611,Ahpb
321,4-Cl-Kyn
312,AHIBA
9840,CysA
432,3-NH2-9-Me-DecA
1630,Butyl-KS
4396,Butyl-KR
4676,Butyl-ER
1630,Butyl
1630,Butyl-KS | TE
4396,Butyl-KR | TE
4676,Butyl-ER | TE
13941,EtMal-KS
1961,EtMal-KR
13624,EtMal-DH
12269,EtMal-ER
13941,EtMal
13941,EtMal-KS | TE
1961,EtMal-KR | TE
13624,EtMal-DH | TE
12269,EtMal-ER | TE
13942,Mal-KS
13943,Mal-KR
9573,Mal-DH
9875,Mal-ER
13946,Mal-B
13942,Mal
13942,Mal-KS | TE
13943,Mal-KR | TE
9573,Mal-DH | TE
9875,Mal-ER | TE
13946,Mal-B | TE
13940,MeMal-KS
4543,MeMal-KR
13944,MeMal-DH
13945,MeMal-ER
4542,MeMal
13940,MeMal-KS | TE
4543,MeMal-KR | TE
13944,MeMal-DH | TE
13945,MeMal-ER | TE
6236,OMeMal-KS
2754,OMeMal-KR
5043,OMeMal-DH
12016,OMeMal-ER
6236,OMeMal
6236,OMeMal-KS | TE
2754,OMeMal-KR | TE
5043,OMeMal-DH | TE
12016,OMeMal-ER | TE
374,HexaMal-KS
431,HexaMal-KR
581,HexaMal-DH
378,HexaMal-ER
374,HexaMal
374,HexaMal-KS | TE
431,HexaMal-KR | TE
581,HexaMal-DH | TE
378,HexaMal-ER | TE
583,OH-ProMal-KS
314,OH-ProMal-KR
606,OH-ProMal-DH
430,OH-ProMal-ER
583,OH-ProMal
583,OH-ProMal-KS | TE
314,OH-ProMal-KR | TE
606,OH-ProMal-DH | TE
430,OH-ProMal-ER | TE
13894,"3,5-AHBA"
2098,Isoval
4606,isoButMal-KS
1206,isoButMal-KR
12450,isoButMal-DH
1925,isoButMal-ER
4606,isoButMal
4606,isoButMal-KS | TE
1206,isoButMal-KR | TE
12450,isoButMal-DH | TE
1925,isoButMal-ER | TE
5465,2Cl-pyrrole
693,Py-indole
13939,2EtButMal-KS
1733,2EtButMal-KR
10727,2EtButMal-DH
9320,2EtButMal-ER
13939,2EtButMal
13939,2EtButMal-KS | TE
1733,2EtButMal-KR | TE
10727,2EtButMal-DH | TE
9320,2EtButMal-ER | TE
694,2Cl-Pyr-Mal-KS
697,2Cl-Pyr-Mal-KR
657,2Cl-Pyr-Mal-DH
651,2Cl-Pyr-Mal-ER
694,2Cl-Pyr-Mal
694,2Cl-Pyr-Mal-KS | TE
697,2Cl-Pyr-Mal-KR | TE
657,2Cl-Pyr-Mal-DH | TE
651,2Cl-Pyr-Mal-ER | TE
752,D-HIC
789,DiDTyr
724,Ind
809,NMeCys
13693,Hph
725,"1,3BPG"
13908,tCin
783,mDap
784,kLeu
785,Dda
13926,C3:0
787,oxoMal
788,3-ClTyr
723,OH13MePda
620,TrpOH
2356,bPhe
317,3S-B-BABA
