unit_id,substrate
4232,ACPC
10337,2-am-5-NOH-pentacid
2080,2-EtMal
12903,2-NDoDecA
5813,Trans-2CroGly
9969,Ser
13122,3-(3-Pyr)-L-alanine
12299,3-CyaAla
12470,3-ICBA
8040,"3,4diOHHomoTyr"
13493,Dpg
13534,3h5mOmTyr
6264,3hHyT
12424,3-MeGlu
9664,3-MePro
9024,3NcpAla
5007,3NTyr
13553,3OH4MePro
12704,Dab(OH)
8479,3_OHLeu
5242,3HyP
12916,OHTyr
7821,6C4H3CA
12890,4-O-DiMe-Tyr
4634,"4,5-dearg"
11821,"4,5diOHOrn"
8131,ClPhg
303,MePro
1407,4-OHLys
4262,4HyP
10730,4PP
13120,5-Cl-L-Trp
1423,tcl
5255,5hfOrn
3997,D-Hleu
5888,Dhl
13709,6-Cl-Trp
10577,6OHisoquicarb
3464,Abu
6580,Acyl-Leu
6054,acylSer
13251,ADH
4663,Aeo
300,Ahp
11640,AHV
4867,OH-3Pent
2604,Aib
9068,Ala
12282,Cys
3991,AMHO
889,AMPA
5093,APA
7478,Arg
7478,Arg
13497,Asn
13986,Asp
3008,bAla
9332,bAMHDA
12121,beta-Uda
12546,Bh-L-End
7754,bLys
3381,Cys
12663,bmt
10358,3HyG
12929,bOHTyr
7030,y-OH-Val
8460,OMePhe
2356,bPhe
12161,Aoda
13319,C13B-A-FA
1695,Cap
1695,Cap
9774,Choi
12260,Cit
4507,Cl-Pip
8104,Cys
7746,ClN-MeTyr
2514,bMeAsp
2476,Dab
13400,DABA
6170,DADH
11225,"2,3-DABA"
13723,Cys
1340,Dha
4381,Dhb
9277,DHPA
12698,Dhpg
13713,diClPIC
12876,N-diMeTrp
11501,5_OHLeu
2160,Dap
978,End
9423,EPL
11702,FGln
12710,Gln
6932,Glu
5181,Gly
2108,Trp
3175,His
3718,Hpg
13693,Hph
906,Pip
7237,Hse1
9279,Ile
2098,Isoval
2659,Kyn
6411,Leu
3076,Lys
9122,Me-fOHOrn
12687,3-MePhe
8278,MeAla
13990,MeAsp
6244,MecPGly
3006,MeHpg
7241,MePhe
12104,Met
8996,MeVal
9384,m-Tyr
13670,N-Ac-DMPT
4505,N-ac-fOHOrn
13979,N-Ac(D)MPT
13749,N-Me-bmt
12167,N-Me-Thr
401,N-MeGly
8939,N-MeLeu
8272,N-OHAla
1083,N-OHSer
12494,N-OHVal
5104,NAc2hOrn
12351,NANHLys
7085,NHLys
7493,Nle
12136,NCA
7849,O-MeAsp
13249,OHAsn
13985,OHAsp
10840,OH-Glu
450,OH-Orn
13601,3-OH-3-MePro
1656,Mtrp
124,OMeTyr
12490,Orn
11389,Py-2-Car
8262,PAPS
10256,Phe
9676,Piz
2167,PPCA
3362,Pro
9264,Ser
9264,Ser
13052,Ser
13233,Cys
9489,N-MeTyr
12990,Tam
6693,Trp
6693,Trp
7272,Trp-bOH-diMePropenyl
13803,Tyr
1757,Val
13994,y-Asp
317,3S-B-BABA
285,7-MeO-D-Trp
304,N-Me-B-OH-L-Phe
612,B-OH-L-Phe
284,AnThr
582,MeDeTyr
620,TrpOH
611,Ahpb
321,4-Cl-Kyn
693,Py-indole
789,DiDTyr
809,NMeCys
783,mDap
788,3-ClTyr
4232,ACPC
10337,2-am-5-NOH-pentacid
2080,2-EtMal
12903,2-NDoDecA
5813,Trans-2CroGly
9969,Ser
13122,3-(3-Pyr)-L-alanine
12299,3-CyaAla
12470,3-ICBA
8040,"3,4diOHHomoTyr"
13493,Dpg
13534,3h5mOmTyr
6264,3hHyT
12424,3-MeGlu
12424,3-MeGlu
12424,3-MeGlu
9664,3-MePro
9024,3NcpAla
5007,3NTyr
13553,3OH4MePro
12704,Dab(OH)
8479,3_OHLeu
5242,3HyP
12916,OHTyr
7821,6C4H3CA
12890,4-O-DiMe-Tyr
4634,"4,5-dearg"
11821,"4,5diOHOrn"
8131,ClPhg
303,MePro
1407,4-OHLys
4262,4HyP
10730,4PP
13120,5-Cl-L-Trp
1423,tcl
5255,5hfOrn
3997,D-Hleu
5888,Dhl
13709,6-Cl-Trp
10577,6OHisoquicarb
3464,Abu
6580,Acyl-Leu
6054,acylSer
13251,ADH
4663,Aeo
300,Ahp
11640,AHV
4867,OH-3Pent
2604,Aib
9068,Ala
12282,Cys
3991,AMHO
889,AMPA
5093,APA
7478,Arg
7478,Arg
13497,Asn
13986,Asp
13986,Asp
13986,Asp
3008,bAla
9332,bAMHDA
12121,beta-Uda
12546,Bh-L-End
7754,bLys
3381,Cys
12663,bmt
10358,3HyG
12929,bOHTyr
7030,y-OH-Val
8460,OMePhe
2356,bPhe
12161,Aoda
13319,C13B-A-FA
1695,Cap
1695,Cap
9774,Choi
12260,Cit
4507,Cl-Pip
8104,Cys
7746,ClN-MeTyr
2514,bMeAsp
2514,bMeAsp
2514,bMeAsp
2476,Dab
13400,DABA
6170,DADH
11225,"2,3-DABA"
13723,Cys
1340,Dha
4381,Dhb
9277,DHPA
12698,Dhpg
13713,diClPIC
12876,N-diMeTrp
11501,5_OHLeu
2160,Dap
978,End
9423,EPL
11702,FGln
12710,Gln
6932,Glu
6932,Glu
6932,Glu
5181,Gly
2108,Trp
3175,His
3718,Hpg
13693,Hph
906,Pip
7237,Hse1
9279,Ile
2098,Isoval
2659,Kyn
6411,Leu
3076,Lys
9122,Me-fOHOrn
12687,3-MePhe
8278,MeAla
13990,MeAsp
13990,MeAsp
13990,MeAsp
6244,MecPGly
3006,MeHpg
7241,MePhe
12104,Met
8996,MeVal
9384,m-Tyr
13670,N-Ac-DMPT
4505,N-ac-fOHOrn
13979,N-Ac(D)MPT
13979,N-Ac(D)MPT
13979,N-Ac(D)MPT
13749,N-Me-bmt
12167,N-Me-Thr
401,N-MeGly
8939,N-MeLeu
8272,N-OHAla
1083,N-OHSer
12494,N-OHVal
5104,NAc2hOrn
12351,NANHLys
7085,NHLys
7493,Nle
12136,NCA
7849,O-MeAsp
13249,OHAsn
13985,OHAsp
13985,OHAsp
13985,OHAsp
10840,OH-Glu
10840,OH-Glu
10840,OH-Glu
450,OH-Orn
13601,3-OH-3-MePro
1656,Mtrp
124,OMeTyr
12490,Orn
11389,Py-2-Car
8262,PAPS
10256,Phe
9676,Piz
2167,PPCA
3362,Pro
9264,Ser
9264,Ser
13052,Ser
13233,Cys
9489,N-MeTyr
12990,Tam
6693,Trp
6693,Trp
7272,Trp-bOH-diMePropenyl
13803,Tyr
1757,Val
13994,y-Asp
13994,y-Asp
13994,y-Asp
317,3S-B-BABA
285,7-MeO-D-Trp
304,N-Me-B-OH-L-Phe
612,B-OH-L-Phe
284,AnThr
582,MeDeTyr
611,Ahpb
321,4-Cl-Kyn
693,Py-indole
789,DiDTyr
809,NMeCys
788,3-ClTyr
4232,ACPC
10337,2-am-5-NOH-pentacid
12903,2-NDoDecA
5813,Trans-2CroGly
9969,Ser
13122,3-(3-Pyr)-L-alanine
12299,3-CyaAla
8040,"3,4diOHHomoTyr"
13493,Dpg
13534,3h5mOmTyr
6264,3hHyT
12424,3-MeGlu
9024,3NcpAla
5007,3NTyr
12704,Dab(OH)
8479,3_OHLeu
12916,OHTyr
12890,4-O-DiMe-Tyr
4634,"4,5-dearg"
11821,"4,5diOHOrn"
8131,ClPhg
1407,4-OHLys
13120,5-Cl-L-Trp
1423,tcl
5255,5hfOrn
3997,D-Hleu
5888,Dhl
13709,6-Cl-Trp
10331,Abu
13251,ADH
4663,Aeo
11640,AHV
4867,OH-3Pent
2604,Aib
9068,Ala
12282,Cys
3991,AMHO
5093,APA
7478,Arg
7478,Arg
13497,Asn
13986,Asp
12121,beta-Uda
12546,Bh-L-End
3381,Cys
12663,bmt
10358,3HyG
12929,bOHTyr
7030,y-OH-Val
8460,OMePhe
12161,Aoda
1695,Cap
1695,Cap
12260,Cit
8104,Cys
2514,bMeAsp
2476,Dab
6170,DADH
11225,"2,3-DABA"
13723,Cys
1340,Dha
12698,Dhpg
12876,N-diMeTrp
11501,5_OHLeu
2160,Dap
978,End
12710,Gln
6932,Glu
5181,Gly
3175,His
3718,Hpg
13693,Hph
7237,Hse1
9279,Ile
2098,Isoval
2659,Kyn
6411,Leu
3076,Lys
12687,3-MePhe
6244,MecPGly
12104,Met
9384,m-Tyr
12351,NANHLys
7085,NHLys
7493,Nle
12136,NCA
7849,O-MeAsp
13249,OHAsn
13985,OHAsp
10840,OH-Glu
450,OH-Orn
1656,Mtrp
124,OMeTyr
12490,Orn
8262,PAPS
10256,Phe
9264,Ser
13052,Ser
13233,Cys
12990,Tam
6693,Trp
6693,Trp
7272,Trp-bOH-diMePropenyl
13803,Tyr
1757,Val
13994,y-Asp
285,7-MeO-D-Trp
612,B-OH-L-Phe
284,AnThr
611,Ahpb
321,4-Cl-Kyn
789,DiDTyr
788,3-ClTyr
12424,3-MeGlu
13986,Asp
2514,bMeAsp
6932,Glu
7849,O-MeAsp
13985,OHAsp
10840,OH-Glu
13994,y-Asp
4232,ACPC
10337,2-am-5-NOH-pentacid
12903,2-NDoDecA
5813,Trans-2CroGly
9969,Ser
13122,3-(3-Pyr)-L-alanine
12299,3-CyaAla
8040,"3,4diOHHomoTyr"
13493,Dpg
13534,3h5mOmTyr
6264,3hHyT
12424,3-MeGlu
12424,3-MeGlu
9664,3-MePro
9024,3NcpAla
5007,3NTyr
13553,3OH4MePro
12704,Dab(OH)
8479,3_OHLeu
5242,3HyP
12916,OHTyr
12890,4-O-DiMe-Tyr
4634,"4,5-dearg"
11821,"4,5diOHOrn"
8131,ClPhg
303,MePro
1407,4-OHLys
4262,4HyP
10730,4PP
13120,5-Cl-L-Trp
1423,tcl
5255,5hfOrn
3997,D-Hleu
5888,Dhl
13709,6-Cl-Trp
10577,6OHisoquicarb
3464,Abu
6580,Acyl-Leu
6054,acylSer
13251,ADH
4663,Aeo
300,Ahp
11640,AHV
4867,OH-3Pent
2604,Aib
9068,Ala
12282,Cys
3991,AMHO
5093,APA
7478,Arg
7478,Arg
13497,Asn
13986,Asp
13986,Asp
12121,beta-Uda
12546,Bh-L-End
3381,Cys
12663,bmt
10358,3HyG
12929,bOHTyr
7030,y-OH-Val
8460,OMePhe
12161,Aoda
1695,Cap
1695,Cap
9774,Choi
12260,Cit
4507,Cl-Pip
8104,Cys
7746,ClN-MeTyr
2514,bMeAsp
2514,bMeAsp
2476,Dab
13400,DABA
6170,DADH
11225,"2,3-DABA"
13723,Cys
1340,Dha
9277,DHPA
12698,Dhpg
13713,diClPIC
12876,N-diMeTrp
11501,5_OHLeu
2160,Dap
978,End
9423,EPL
11702,FGln
12710,Gln
6932,Glu
6932,Glu
5181,Gly
2108,Trp
3175,His
3718,Hpg
13693,Hph
906,Pip
7237,Hse1
9279,Ile
2098,Isoval
2659,Kyn
6411,Leu
3076,Lys
9122,Me-fOHOrn
12687,3-MePhe
8278,MeAla
13990,MeAsp
13990,MeAsp
6244,MecPGly
3006,MeHpg
7241,MePhe
12104,Met
8996,MeVal
9384,m-Tyr
13670,N-Ac-DMPT
4505,N-ac-fOHOrn
13979,N-Ac(D)MPT
13979,N-Ac(D)MPT
13749,N-Me-bmt
12167,N-Me-Thr
401,N-MeGly
8939,N-MeLeu
8272,N-OHAla
1083,N-OHSer
12494,N-OHVal
5104,NAc2hOrn
12351,NANHLys
7085,NHLys
7493,Nle
12136,NCA
13249,OHAsn
13985,OHAsp
13985,OHAsp
10840,OH-Glu
10840,OH-Glu
450,OH-Orn
13601,3-OH-3-MePro
1656,Mtrp
124,OMeTyr
12490,Orn
8262,PAPS
10256,Phe
9676,Piz
2167,PPCA
3362,Pro
9264,Ser
9264,Ser
13052,Ser
13233,Cys
9489,N-MeTyr
12990,Tam
6693,Trp
6693,Trp
7272,Trp-bOH-diMePropenyl
13803,Tyr
1757,Val
13994,y-Asp
13994,y-Asp
285,7-MeO-D-Trp
304,N-Me-B-OH-L-Phe
612,B-OH-L-Phe
284,AnThr
582,MeDeTyr
611,Ahpb
321,4-Cl-Kyn
693,Py-indole
789,DiDTyr
809,NMeCys
788,3-ClTyr
4232,ACPC
10337,2-am-5-NOH-pentacid
12903,2-NDoDecA
5813,Trans-2CroGly
9969,Ser
13122,3-(3-Pyr)-L-alanine
12299,3-CyaAla
8040,"3,4diOHHomoTyr"
13493,Dpg
13534,3h5mOmTyr
6264,3hHyT
12424,3-MeGlu
9024,3NcpAla
5007,3NTyr
12704,Dab(OH)
8479,3_OHLeu
12916,OHTyr
12890,4-O-DiMe-Tyr
4634,"4,5-dearg"
11821,"4,5diOHOrn"
8131,ClPhg
1407,4-OHLys
13120,5-Cl-L-Trp
1423,tcl
5255,5hfOrn
3997,D-Hleu
5888,Dhl
13709,6-Cl-Trp
10331,Abu
13251,ADH
4663,Aeo
11640,AHV
4867,OH-3Pent
2604,Aib
9068,Ala
12282,Cys
3991,AMHO
5093,APA
7478,Arg
7478,Arg
13497,Asn
13986,Asp
12121,beta-Uda
12546,Bh-L-End
3381,Cys
12663,bmt
10358,3HyG
12929,bOHTyr
7030,y-OH-Val
8460,OMePhe
12161,Aoda
1695,Cap
1695,Cap
12260,Cit
8104,Cys
2514,bMeAsp
2476,Dab
6170,DADH
11225,"2,3-DABA"
13723,Cys
1340,Dha
12698,Dhpg
12876,N-diMeTrp
11501,5_OHLeu
2160,Dap
978,End
12710,Gln
6932,Glu
5181,Gly
3175,His
3718,Hpg
13693,Hph
7237,Hse1
9279,Ile
2098,Isoval
2659,Kyn
6411,Leu
3076,Lys
12687,3-MePhe
6244,MecPGly
12104,Met
9384,m-Tyr
12351,NANHLys
7085,NHLys
7493,Nle
12136,NCA
7849,O-MeAsp
13249,OHAsn
13985,OHAsp
10840,OH-Glu
450,OH-Orn
1656,Mtrp
124,OMeTyr
12490,Orn
8262,PAPS
10256,Phe
9264,Ser
13052,Ser
13233,Cys
12990,Tam
6693,Trp
6693,Trp
7272,Trp-bOH-diMePropenyl
13803,Tyr
1757,Val
13994,y-Asp
285,7-MeO-D-Trp
612,B-OH-L-Phe
284,AnThr
611,Ahpb
321,4-Cl-Kyn
789,DiDTyr
783,mDap
788,3-ClTyr
4232,ACPC
10337,2-am-5-NOH-pentacid
12903,2-NDoDecA
5813,Trans-2CroGly
9969,Ser
13122,3-(3-Pyr)-L-alanine
12299,3-CyaAla
8040,"3,4diOHHomoTyr"
13493,Dpg
13534,3h5mOmTyr
6264,3hHyT
12424,3-MeGlu
12424,3-MeGlu
9024,3NcpAla
5007,3NTyr
12704,Dab(OH)
8479,3_OHLeu
12916,OHTyr
12890,4-O-DiMe-Tyr
4634,"4,5-dearg"
11821,"4,5diOHOrn"
8131,ClPhg
1407,4-OHLys
13120,5-Cl-L-Trp
1423,tcl
5255,5hfOrn
3997,D-Hleu
5888,Dhl
13709,6-Cl-Trp
3464,Abu
13251,ADH
4663,Aeo
300,Ahp
11640,AHV
4867,OH-3Pent
2604,Aib
9068,Ala
12282,Cys
3991,AMHO
5093,APA
7478,Arg
7478,Arg
13497,Asn
13986,Asp
13986,Asp
12121,beta-Uda
12546,Bh-L-End
3381,Cys
12663,bmt
10358,3HyG
12929,bOHTyr
7030,y-OH-Val
8460,OMePhe
12161,Aoda
1695,Cap
1695,Cap
12260,Cit
8104,Cys
2514,bMeAsp
2514,bMeAsp
2476,Dab
6170,DADH
11225,"2,3-DABA"
13723,Cys
1340,Dha
12698,Dhpg
12876,N-diMeTrp
11501,5_OHLeu
2160,Dap
978,End
12710,Gln
6932,Glu
6932,Glu
5181,Gly
3175,His
3718,Hpg
13693,Hph
7237,Hse1
9279,Ile
2098,Isoval
2659,Kyn
6411,Leu
3076,Lys
12687,3-MePhe
6244,MecPGly
12104,Met
9384,m-Tyr
12351,NANHLys
7085,NHLys
7493,Nle
12136,NCA
7849,O-MeAsp
13249,OHAsn
13985,OHAsp
13985,OHAsp
10840,OH-Glu
10840,OH-Glu
450,OH-Orn
1656,Mtrp
124,OMeTyr
12490,Orn
8262,PAPS
10256,Phe
9264,Ser
13052,Ser
13233,Cys
12990,Tam
6693,Trp
6693,Trp
7272,Trp-bOH-diMePropenyl
13803,Tyr
1757,Val
13994,y-Asp
13994,y-Asp
285,7-MeO-D-Trp
612,B-OH-L-Phe
284,AnThr
611,Ahpb
321,4-Cl-Kyn
789,DiDTyr
788,3-ClTyr
300,Ahp
12704,Dab(OH)
4634,"4,5-dearg"
4634,"4,5-dearg"
11821,"4,5diOHOrn"
1407,4-OHLys
5888,Dhl
300,Ahp
7478,Arg
7478,Arg
7478,Arg
13497,Asn
12121,beta-Uda
12121,beta-Uda
12546,Bh-L-End
12546,Bh-L-End
7754,bLys
10358,3HyG
1695,Cap
1695,Cap
1695,Cap
1695,Cap
12260,Cit
12260,Cit
4507,Cl-Pip
2476,Dab
13400,DABA
6170,DADH
11225,"2,3-DABA"
1340,Dha
1340,Dha
9277,DHPA
13713,diClPIC
2160,Dap
978,End
978,End
11702,FGln
12710,Gln
2108,Trp
2659,Kyn
3076,Lys
9122,Me-fOHOrn
7085,NHLys
13249,OHAsn
450,OH-Orn
12490,Orn
8262,PAPS
9676,Piz
9264,Ser
12990,Tam
321,4-Cl-Kyn
693,Py-indole
12121,beta-Uda
1695,Cap
1695,Cap
12121,beta-Uda
1695,Cap
1695,Cap
10337,2-am-5-NOH-pentacid
12903,2-NDoDecA
5813,Trans-2CroGly
13122,3-(3-Pyr)-L-alanine
12299,3-CyaAla
8040,"3,4diOHHomoTyr"
13534,3h5mOmTyr
6264,3hHyT
12424,3-MeGlu
9664,3-MePro
9024,3NcpAla
5007,3NTyr
13553,3OH4MePro
12704,Dab(OH)
8479,3_OHLeu
5242,3HyP
12916,OHTyr
12890,4-O-DiMe-Tyr
4634,"4,5-dearg"
11821,"4,5diOHOrn"
303,MePro
1407,4-OHLys
4262,4HyP
10730,4PP
13120,5-Cl-L-Trp
1423,tcl
5255,5hfOrn
3997,D-Hleu
5888,Dhl
13709,6-Cl-Trp
3464,Abu
6580,Acyl-Leu
6054,acylSer
13251,ADH
4663,Aeo
300,Ahp
300,Ahp
11640,AHV
4867,OH-3Pent
9068,Ala
3991,AMHO
7478,Arg
7478,Arg
13497,Asn
13986,Asp
12121,beta-Uda
12546,Bh-L-End
3381,Cys
12663,bmt
10358,3HyG
12929,bOHTyr
8460,OMePhe
12161,Aoda
1695,Cap
1695,Cap
9774,Choi
12260,Cit
4507,Cl-Pip
8104,Cys
7746,ClN-MeTyr
2514,bMeAsp
2476,Dab
13400,DABA
6170,DADH
11225,"2,3-DABA"
9277,DHPA
13713,diClPIC
12876,N-diMeTrp
11501,5_OHLeu
2160,Dap
978,End
9423,EPL
11702,FGln
12710,Gln
6932,Glu
2108,Trp
3175,His
13693,Hph
906,Pip
7237,Hse1
9279,Ile
2659,Kyn
6411,Leu
3076,Lys
9122,Me-fOHOrn
12687,3-MePhe
8278,MeAla
13990,MeAsp
7241,MePhe
12104,Met
8996,MeVal
9384,m-Tyr
13670,N-Ac-DMPT
4505,N-ac-fOHOrn
13979,N-Ac(D)MPT
13749,N-Me-bmt
12167,N-Me-Thr
8939,N-MeLeu
8272,N-OHAla
1083,N-OHSer
12494,N-OHVal
5104,NAc2hOrn
12351,NANHLys
7085,NHLys
7493,Nle
7849,O-MeAsp
13249,OHAsn
13985,OHAsp
10840,OH-Glu
450,OH-Orn
1656,Mtrp
124,OMeTyr
12490,Orn
8262,PAPS
10256,Phe
9676,Piz
2167,PPCA
3362,Pro
9264,Ser
9264,Ser
13052,Ser
13233,Cys
9489,N-MeTyr
12990,Tam
6693,Trp
6693,Trp
7272,Trp-bOH-diMePropenyl
13803,Tyr
1757,Val
13994,y-Asp
285,7-MeO-D-Trp
304,N-Me-B-OH-L-Phe
612,B-OH-L-Phe
611,Ahpb
321,4-Cl-Kyn
693,Py-indole
809,NMeCys
783,mDap
788,3-ClTyr
10337,2-am-5-NOH-pentacid
12903,2-NDoDecA
5813,Trans-2CroGly
13122,3-(3-Pyr)-L-alanine
12299,3-CyaAla
8040,"3,4diOHHomoTyr"
13534,3h5mOmTyr
6264,3hHyT
12424,3-MeGlu
12424,3-MeGlu
12424,3-MeGlu
9664,3-MePro
9024,3NcpAla
5007,3NTyr
13553,3OH4MePro
12704,Dab(OH)
8479,3_OHLeu
5242,3HyP
12916,OHTyr
12890,4-O-DiMe-Tyr
4634,"4,5-dearg"
11821,"4,5diOHOrn"
303,MePro
1407,4-OHLys
4262,4HyP
10730,4PP
13120,5-Cl-L-Trp
1423,tcl
5255,5hfOrn
3997,D-Hleu
5888,Dhl
13709,6-Cl-Trp
3464,Abu
6580,Acyl-Leu
6054,acylSer
13251,ADH
4663,Aeo
300,Ahp
300,Ahp
11640,AHV
4867,OH-3Pent
9068,Ala
3991,AMHO
7478,Arg
7478,Arg
13497,Asn
13986,Asp
13986,Asp
13986,Asp
12121,beta-Uda
12546,Bh-L-End
3381,Cys
12663,bmt
10358,3HyG
12929,bOHTyr
8460,OMePhe
12161,Aoda
1695,Cap
1695,Cap
9774,Choi
12260,Cit
4507,Cl-Pip
8104,Cys
7746,ClN-MeTyr
2514,bMeAsp
2514,bMeAsp
2514,bMeAsp
2476,Dab
13400,DABA
6170,DADH
11225,"2,3-DABA"
9277,DHPA
13713,diClPIC
12876,N-diMeTrp
11501,5_OHLeu
2160,Dap
978,End
9423,EPL
11702,FGln
12710,Gln
6932,Glu
6932,Glu
6932,Glu
2108,Trp
3175,His
13693,Hph
906,Pip
7237,Hse1
9279,Ile
2659,Kyn
6411,Leu
3076,Lys
9122,Me-fOHOrn
12687,3-MePhe
8278,MeAla
13990,MeAsp
13990,MeAsp
13990,MeAsp
7241,MePhe
12104,Met
8996,MeVal
9384,m-Tyr
13670,N-Ac-DMPT
4505,N-ac-fOHOrn
13979,N-Ac(D)MPT
13979,N-Ac(D)MPT
13979,N-Ac(D)MPT
13749,N-Me-bmt
12167,N-Me-Thr
8939,N-MeLeu
8272,N-OHAla
1083,N-OHSer
12494,N-OHVal
5104,NAc2hOrn
12351,NANHLys
7085,NHLys
7493,Nle
7849,O-MeAsp
13249,OHAsn
13985,OHAsp
13985,OHAsp
13985,OHAsp
10840,OH-Glu
10840,OH-Glu
10840,OH-Glu
450,OH-Orn
1656,Mtrp
124,OMeTyr
12490,Orn
8262,PAPS
10256,Phe
9676,Piz
2167,PPCA
3362,Pro
9264,Ser
9264,Ser
13052,Ser
13233,Cys
9489,N-MeTyr
12990,Tam
6693,Trp
6693,Trp
7272,Trp-bOH-diMePropenyl
13803,Tyr
1757,Val
13994,y-Asp
13994,y-Asp
13994,y-Asp
285,7-MeO-D-Trp
304,N-Me-B-OH-L-Phe
612,B-OH-L-Phe
611,Ahpb
321,4-Cl-Kyn
693,Py-indole
809,NMeCys
788,3-ClTyr
300,Ahp
12704,Dab(OH)
4634,"4,5-dearg"
4634,"4,5-dearg"
11821,"4,5diOHOrn"
1407,4-OHLys
5888,Dhl
300,Ahp
300,Ahp
7478,Arg
7478,Arg
7478,Arg
13497,Asn
12121,beta-Uda
12121,beta-Uda
12546,Bh-L-End
12546,Bh-L-End
10358,3HyG
1695,Cap
1695,Cap
1695,Cap
1695,Cap
12260,Cit
12260,Cit
4507,Cl-Pip
2476,Dab
13400,DABA
6170,DADH
11225,"2,3-DABA"
9277,DHPA
13713,diClPIC
2160,Dap
978,End
978,End
11702,FGln
12710,Gln
2108,Trp
2659,Kyn
3076,Lys
9122,Me-fOHOrn
7085,NHLys
13249,OHAsn
450,OH-Orn
12490,Orn
8262,PAPS
9676,Piz
9264,Ser
12990,Tam
321,4-Cl-Kyn
693,Py-indole
10337,2-am-5-NOH-pentacid
12903,2-NDoDecA
5813,Trans-2CroGly
13122,3-(3-Pyr)-L-alanine
12299,3-CyaAla
8040,"3,4diOHHomoTyr"
13493,Dpg
13534,3h5mOmTyr
6264,3hHyT
12424,3-MeGlu
9024,3NcpAla
5007,3NTyr
12704,Dab(OH)
8479,3_OHLeu
12916,OHTyr
12890,4-O-DiMe-Tyr
4634,"4,5-dearg"
11821,"4,5diOHOrn"
8131,ClPhg
1407,4-OHLys
13120,5-Cl-L-Trp
1423,tcl
5255,5hfOrn
3997,D-Hleu
5888,Dhl
13709,6-Cl-Trp
3464,Abu
13251,ADH
4663,Aeo
300,Ahp
11640,AHV
4867,OH-3Pent
9068,Ala
3991,AMHO
7478,Arg
7478,Arg
13497,Asn
13986,Asp
12121,beta-Uda
12546,Bh-L-End
3381,Cys
12663,bmt
10358,3HyG
12929,bOHTyr
7030,y-OH-Val
8460,OMePhe
12161,Aoda
1695,Cap
1695,Cap
12260,Cit
8104,Cys
2514,bMeAsp
2476,Dab
6170,DADH
11225,"2,3-DABA"
12698,Dhpg
12876,N-diMeTrp
11501,5_OHLeu
2160,Dap
978,End
12710,Gln
6932,Glu
3175,His
3718,Hpg
13693,Hph
7237,Hse1
9279,Ile
2659,Kyn
6411,Leu
3076,Lys
12687,3-MePhe
6244,MecPGly
12104,Met
9384,m-Tyr
12351,NANHLys
7085,NHLys
7493,Nle
7849,O-MeAsp
13249,OHAsn
13985,OHAsp
10840,OH-Glu
450,OH-Orn
1656,Mtrp
124,OMeTyr
12490,Orn
8262,PAPS
10256,Phe
9264,Ser
13052,Ser
13233,Cys
12990,Tam
6693,Trp
6693,Trp
7272,Trp-bOH-diMePropenyl
13803,Tyr
1757,Val
13994,y-Asp
285,7-MeO-D-Trp
612,B-OH-L-Phe
611,Ahpb
321,4-Cl-Kyn
783,mDap
788,3-ClTyr
10337,2-am-5-NOH-pentacid
12903,2-NDoDecA
5813,Trans-2CroGly
13122,3-(3-Pyr)-L-alanine
12299,3-CyaAla
8040,"3,4diOHHomoTyr"
13493,Dpg
13534,3h5mOmTyr
6264,3hHyT
12424,3-MeGlu
12424,3-MeGlu
12424,3-MeGlu
9024,3NcpAla
5007,3NTyr
12704,Dab(OH)
8479,3_OHLeu
12916,OHTyr
12890,4-O-DiMe-Tyr
4634,"4,5-dearg"
11821,"4,5diOHOrn"
8131,ClPhg
1407,4-OHLys
13120,5-Cl-L-Trp
1423,tcl
5255,5hfOrn
3997,D-Hleu
5888,Dhl
13709,6-Cl-Trp
3464,Abu
13251,ADH
4663,Aeo
300,Ahp
11640,AHV
4867,OH-3Pent
9068,Ala
3991,AMHO
7478,Arg
7478,Arg
13497,Asn
13986,Asp
13986,Asp
13986,Asp
12121,beta-Uda
12546,Bh-L-End
3381,Cys
12663,bmt
10358,3HyG
12929,bOHTyr
7030,y-OH-Val
8460,OMePhe
12161,Aoda
1695,Cap
1695,Cap
12260,Cit
8104,Cys
2514,bMeAsp
2514,bMeAsp
2514,bMeAsp
2476,Dab
6170,DADH
11225,"2,3-DABA"
12698,Dhpg
12876,N-diMeTrp
11501,5_OHLeu
2160,Dap
978,End
12710,Gln
6932,Glu
6932,Glu
6932,Glu
3175,His
3718,Hpg
13693,Hph
7237,Hse1
9279,Ile
2659,Kyn
6411,Leu
3076,Lys
12687,3-MePhe
6244,MecPGly
12104,Met
9384,m-Tyr
12351,NANHLys
7085,NHLys
7493,Nle
7849,O-MeAsp
13249,OHAsn
13985,OHAsp
13985,OHAsp
13985,OHAsp
10840,OH-Glu
10840,OH-Glu
10840,OH-Glu
450,OH-Orn
1656,Mtrp
124,OMeTyr
12490,Orn
8262,PAPS
10256,Phe
9264,Ser
13052,Ser
13233,Cys
12990,Tam
6693,Trp
6693,Trp
7272,Trp-bOH-diMePropenyl
13803,Tyr
1757,Val
13994,y-Asp
13994,y-Asp
13994,y-Asp
285,7-MeO-D-Trp
612,B-OH-L-Phe
611,Ahpb
321,4-Cl-Kyn
788,3-ClTyr
300,Ahp
12704,Dab(OH)
4634,"4,5-dearg"
4634,"4,5-dearg"
11821,"4,5diOHOrn"
1407,4-OHLys
5888,Dhl
7478,Arg
7478,Arg
7478,Arg
13497,Asn
12121,beta-Uda
12121,beta-Uda
12546,Bh-L-End
12546,Bh-L-End
10358,3HyG
1695,Cap
1695,Cap
1695,Cap
1695,Cap
12260,Cit
12260,Cit
2476,Dab
6170,DADH
11225,"2,3-DABA"
2160,Dap
978,End
978,End
12710,Gln
2659,Kyn
3076,Lys
7085,NHLys
13249,OHAsn
450,OH-Orn
12490,Orn
8262,PAPS
12990,Tam
321,4-Cl-Kyn
300,Ahp
300,Ahp
12424,3-MeGlu
13986,Asp
2514,bMeAsp
6932,Glu
13985,OHAsp
10840,OH-Glu
4232,ACPC
10337,2-am-5-NOH-pentacid
12903,2-NDoDecA
5813,Trans-2CroGly
9969,Ser
13122,3-(3-Pyr)-L-alanine
12299,3-CyaAla
8040,"3,4diOHHomoTyr"
13493,Dpg
13534,3h5mOmTyr
6264,3hHyT
12424,3-MeGlu
9664,3-MePro
9024,3NcpAla
5007,3NTyr
13553,3OH4MePro
12704,Dab(OH)
8479,3_OHLeu
5242,3HyP
12916,OHTyr
12890,4-O-DiMe-Tyr
4634,"4,5-dearg"
11821,"4,5diOHOrn"
8131,ClPhg
303,MePro
1407,4-OHLys
4262,4HyP
10730,4PP
13120,5-Cl-L-Trp
1423,tcl
5255,5hfOrn
3997,D-Hleu
5888,Dhl
13709,6-Cl-Trp
10577,6OHisoquicarb
10331,Abu
6580,Acyl-Leu
6054,acylSer
13251,ADH
4663,Aeo
300,Ahp
11640,AHV
4867,OH-3Pent
2604,Aib
9068,Ala
12282,Cys
3991,AMHO
5093,APA
7478,Arg
7478,Arg
13497,Asn
13986,Asp
12121,beta-Uda
12546,Bh-L-End
3381,Cys
12663,bmt
10358,3HyG
12929,bOHTyr
7030,y-OH-Val
8460,OMePhe
12161,Aoda
1695,Cap
1695,Cap
9774,Choi
12260,Cit
4507,Cl-Pip
8104,Cys
7746,ClN-MeTyr
2514,bMeAsp
2476,Dab
13400,DABA
6170,DADH
11225,"2,3-DABA"
13723,Cys
1340,Dha
9277,DHPA
12698,Dhpg
13713,diClPIC
12876,N-diMeTrp
11501,5_OHLeu
2160,Dap
978,End
9423,EPL
11702,FGln
12710,Gln
6932,Glu
5181,Gly
2108,Trp
3175,His
3718,Hpg
13693,Hph
906,Pip
7237,Hse1
9279,Ile
2098,Isoval
2659,Kyn
6411,Leu
3076,Lys
9122,Me-fOHOrn
12687,3-MePhe
8278,MeAla
13990,MeAsp
6244,MecPGly
3006,MeHpg
7241,MePhe
12104,Met
8996,MeVal
9384,m-Tyr
13670,N-Ac-DMPT
4505,N-ac-fOHOrn
13979,N-Ac(D)MPT
13749,N-Me-bmt
12167,N-Me-Thr
401,N-MeGly
8939,N-MeLeu
8272,N-OHAla
1083,N-OHSer
12494,N-OHVal
5104,NAc2hOrn
12351,NANHLys
7085,NHLys
7493,Nle
12136,NCA
7849,O-MeAsp
13249,OHAsn
13985,OHAsp
10840,OH-Glu
450,OH-Orn
13601,3-OH-3-MePro
1656,Mtrp
124,OMeTyr
12490,Orn
8262,PAPS
10256,Phe
9676,Piz
2167,PPCA
3362,Pro
9264,Ser
9264,Ser
13052,Ser
13233,Cys
9489,N-MeTyr
12990,Tam
6693,Trp
6693,Trp
7272,Trp-bOH-diMePropenyl
13803,Tyr
1757,Val
13994,y-Asp
285,7-MeO-D-Trp
304,N-Me-B-OH-L-Phe
612,B-OH-L-Phe
284,AnThr
582,MeDeTyr
611,Ahpb
321,4-Cl-Kyn
693,Py-indole
789,DiDTyr
809,NMeCys
788,3-ClTyr
12424,3-MeGlu
13986,Asp
2514,bMeAsp
6932,Glu
13990,MeAsp
13979,N-Ac(D)MPT
7849,O-MeAsp
13985,OHAsp
10840,OH-Glu
13994,y-Asp
10337,2-am-5-NOH-pentacid
12903,2-NDoDecA
5813,Trans-2CroGly
13122,3-(3-Pyr)-L-alanine
12299,3-CyaAla
8040,"3,4diOHHomoTyr"
13534,3h5mOmTyr
6264,3hHyT
12424,3-MeGlu
9664,3-MePro
9024,3NcpAla
5007,3NTyr
13553,3OH4MePro
12704,Dab(OH)
8479,3_OHLeu
5242,3HyP
12916,OHTyr
12890,4-O-DiMe-Tyr
4634,"4,5-dearg"
11821,"4,5diOHOrn"
303,MePro
1407,4-OHLys
4262,4HyP
10730,4PP
13120,5-Cl-L-Trp
1423,tcl
5255,5hfOrn
3997,D-Hleu
5888,Dhl
13709,6-Cl-Trp
10331,Abu
6580,Acyl-Leu
6054,acylSer
13251,ADH
4663,Aeo
300,Ahp
300,Ahp
11640,AHV
4867,OH-3Pent
9068,Ala
3991,AMHO
7478,Arg
7478,Arg
13497,Asn
13986,Asp
12121,beta-Uda
12546,Bh-L-End
3381,Cys
12663,bmt
10358,3HyG
12929,bOHTyr
8460,OMePhe
12161,Aoda
1695,Cap
1695,Cap
9774,Choi
12260,Cit
4507,Cl-Pip
8104,Cys
7746,ClN-MeTyr
2514,bMeAsp
2476,Dab
13400,DABA
6170,DADH
11225,"2,3-DABA"
13713,diClPIC
12876,N-diMeTrp
11501,5_OHLeu
2160,Dap
978,End
9423,EPL
11702,FGln
12710,Gln
6932,Glu
2108,Trp
3175,His
13693,Hph
906,Pip
7237,Hse1
9279,Ile
2659,Kyn
6411,Leu
3076,Lys
9122,Me-fOHOrn
12687,3-MePhe
8278,MeAla
13990,MeAsp
7241,MePhe
12104,Met
8996,MeVal
9384,m-Tyr
13670,N-Ac-DMPT
4505,N-ac-fOHOrn
13979,N-Ac(D)MPT
13749,N-Me-bmt
12167,N-Me-Thr
8939,N-MeLeu
8272,N-OHAla
1083,N-OHSer
12494,N-OHVal
5104,NAc2hOrn
12351,NANHLys
7085,NHLys
7493,Nle
7849,O-MeAsp
13249,OHAsn
13985,OHAsp
10840,OH-Glu
450,OH-Orn
1656,Mtrp
124,OMeTyr
12490,Orn
8262,PAPS
10256,Phe
9676,Piz
3362,Pro
9264,Ser
9264,Ser
13052,Ser
13233,Cys
9489,N-MeTyr
12990,Tam
6693,Trp
6693,Trp
7272,Trp-bOH-diMePropenyl
13803,Tyr
1757,Val
13994,y-Asp
285,7-MeO-D-Trp
304,N-Me-B-OH-L-Phe
612,B-OH-L-Phe
611,Ahpb
321,4-Cl-Kyn
693,Py-indole
809,NMeCys
788,3-ClTyr
12424,3-MeGlu
13986,Asp
2514,bMeAsp
6932,Glu
13990,MeAsp
13979,N-Ac(D)MPT
7849,O-MeAsp
13985,OHAsp
10840,OH-Glu
13994,y-Asp
300,Ahp
300,Ahp
2080,2-EtMal
12470,3-ICBA
889,AMPA
13986,Asp
3008,bAla
9332,bAMHDA
12121,beta-Uda
7754,bLys
2356,bPhe
13319,C13B-A-FA
1695,Cap
1695,Cap
2514,bMeAsp
13400,DABA
11225,"2,3-DABA"
4381,Dhb
2160,Dap
13990,MeAsp
7849,O-MeAsp
13985,OHAsp
12990,Tam
13994,y-Asp
317,3S-B-BABA
13986,Asp
2514,bMeAsp
13990,MeAsp
13985,OHAsp
13994,y-Asp
13986,Asp
2514,bMeAsp
7849,O-MeAsp
13985,OHAsp
13994,y-Asp
13986,Asp
2514,bMeAsp
13990,MeAsp
13985,OHAsp
13994,y-Asp
12121,beta-Uda
1695,Cap
1695,Cap
11225,"2,3-DABA"
2160,Dap
12990,Tam
5093,APA
13723,Cys
1340,Dha
284,AnThr
582,MeDeTyr
789,DiDTyr
10337,2-am-5-NOH-pentacid
12903,2-NDoDecA
5813,Trans-2CroGly
13122,3-(3-Pyr)-L-alanine
12299,3-CyaAla
8040,"3,4diOHHomoTyr"
13534,3h5mOmTyr
6264,3hHyT
12424,3-MeGlu
9664,3-MePro
9024,3NcpAla
5007,3NTyr
13553,3OH4MePro
12704,Dab(OH)
8479,3_OHLeu
5242,3HyP
12916,OHTyr
12890,4-O-DiMe-Tyr
4634,"4,5-dearg"
11821,"4,5diOHOrn"
303,MePro
1407,4-OHLys
4262,4HyP
10730,4PP
13120,5-Cl-L-Trp
1423,tcl
5255,5hfOrn
3997,D-Hleu
5888,Dhl
13709,6-Cl-Trp
10331,Abu
6580,Acyl-Leu
6054,acylSer
13251,ADH
4663,Aeo
300,Ahp
11640,AHV
4867,OH-3Pent
9068,Ala
3991,AMHO
7478,Arg
7478,Arg
13497,Asn
13986,Asp
13986,Asp
12121,beta-Uda
12546,Bh-L-End
3381,Cys
12663,bmt
10358,3HyG
12929,bOHTyr
8460,OMePhe
12161,Aoda
1695,Cap
1695,Cap
9774,Choi
12260,Cit
4507,Cl-Pip
8104,Cys
7746,ClN-MeTyr
2514,bMeAsp
2514,bMeAsp
2476,Dab
13400,DABA
6170,DADH
11225,"2,3-DABA"
13713,diClPIC
12876,N-diMeTrp
11501,5_OHLeu
2160,Dap
978,End
9423,EPL
11702,FGln
12710,Gln
6932,Glu
2108,Trp
3175,His
13693,Hph
906,Pip
7237,Hse1
9279,Ile
2659,Kyn
6411,Leu
3076,Lys
9122,Me-fOHOrn
12687,3-MePhe
8278,MeAla
13990,MeAsp
13990,MeAsp
7241,MePhe
12104,Met
8996,MeVal
9384,m-Tyr
13670,N-Ac-DMPT
4505,N-ac-fOHOrn
13979,N-Ac(D)MPT
13749,N-Me-bmt
12167,N-Me-Thr
8939,N-MeLeu
8272,N-OHAla
1083,N-OHSer
12494,N-OHVal
5104,NAc2hOrn
12351,NANHLys
7085,NHLys
7493,Nle
7849,O-MeAsp
7849,O-MeAsp
13249,OHAsn
13985,OHAsp
13985,OHAsp
10840,OH-Glu
450,OH-Orn
1656,Mtrp
124,OMeTyr
12490,Orn
8262,PAPS
10256,Phe
9676,Piz
3362,Pro
9264,Ser
9264,Ser
13052,Ser
13233,Cys
9489,N-MeTyr
12990,Tam
6693,Trp
6693,Trp
7272,Trp-bOH-diMePropenyl
13803,Tyr
1757,Val
13994,y-Asp
13994,y-Asp
285,7-MeO-D-Trp
304,N-Me-B-OH-L-Phe
612,B-OH-L-Phe
611,Ahpb
321,4-Cl-Kyn
693,Py-indole
809,NMeCys
788,3-ClTyr
12424,3-MeGlu
13986,Asp
13986,Asp
2514,bMeAsp
2514,bMeAsp
6932,Glu
13990,MeAsp
13990,MeAsp
13979,N-Ac(D)MPT
7849,O-MeAsp
13985,OHAsp
13985,OHAsp
10840,OH-Glu
13994,y-Asp
13994,y-Asp
300,Ahp
4232,ACPC
10337,2-am-5-NOH-pentacid
12903,2-NDoDecA
5813,Trans-2CroGly
9969,Ser
13122,3-(3-Pyr)-L-alanine
12299,3-CyaAla
8040,"3,4diOHHomoTyr"
13493,Dpg
13534,3h5mOmTyr
6264,3hHyT
12424,3-MeGlu
9664,3-MePro
9024,3NcpAla
5007,3NTyr
13553,3OH4MePro
12704,Dab(OH)
8479,3_OHLeu
5242,3HyP
12916,OHTyr
12890,4-O-DiMe-Tyr
4634,"4,5-dearg"
11821,"4,5diOHOrn"
8131,ClPhg
303,MePro
1407,4-OHLys
4262,4HyP
10730,4PP
13120,5-Cl-L-Trp
1423,tcl
5255,5hfOrn
3997,D-Hleu
5888,Dhl
13709,6-Cl-Trp
10577,6OHisoquicarb
10331,Abu
6580,Acyl-Leu
6054,acylSer
13251,ADH
4663,Aeo
300,Ahp
11640,AHV
4867,OH-3Pent
2604,Aib
9068,Ala
12282,Cys
3991,AMHO
5093,APA
7478,Arg
7478,Arg
13497,Asn
13986,Asp
12121,beta-Uda
12546,Bh-L-End
3381,Cys
12663,bmt
10358,3HyG
12929,bOHTyr
7030,y-OH-Val
8460,OMePhe
12161,Aoda
1695,Cap
1695,Cap
9774,Choi
12260,Cit
4507,Cl-Pip
8104,Cys
7746,ClN-MeTyr
2514,bMeAsp
2476,Dab
13400,DABA
6170,DADH
11225,"2,3-DABA"
13723,Cys
1340,Dha
9277,DHPA
12698,Dhpg
13713,diClPIC
12876,N-diMeTrp
11501,5_OHLeu
2160,Dap
978,End
9423,EPL
11702,FGln
12710,Gln
6932,Glu
5181,Gly
2108,Trp
3175,His
3718,Hpg
13693,Hph
906,Pip
7237,Hse1
9279,Ile
2098,Isoval
2659,Kyn
6411,Leu
3076,Lys
9122,Me-fOHOrn
12687,3-MePhe
8278,MeAla
13990,MeAsp
6244,MecPGly
3006,MeHpg
7241,MePhe
12104,Met
8996,MeVal
9384,m-Tyr
13670,N-Ac-DMPT
4505,N-ac-fOHOrn
13979,N-Ac(D)MPT
13749,N-Me-bmt
12167,N-Me-Thr
401,N-MeGly
8939,N-MeLeu
8272,N-OHAla
1083,N-OHSer
12494,N-OHVal
5104,NAc2hOrn
12351,NANHLys
7085,NHLys
7493,Nle
12136,NCA
7849,O-MeAsp
13249,OHAsn
13985,OHAsp
10840,OH-Glu
450,OH-Orn
13601,3-OH-3-MePro
1656,Mtrp
124,OMeTyr
12490,Orn
8262,PAPS
10256,Phe
9676,Piz
2167,PPCA
3362,Pro
9264,Ser
9264,Ser
13052,Ser
13233,Cys
9489,N-MeTyr
12990,Tam
6693,Trp
6693,Trp
7272,Trp-bOH-diMePropenyl
13803,Tyr
1757,Val
13994,y-Asp
285,7-MeO-D-Trp
304,N-Me-B-OH-L-Phe
612,B-OH-L-Phe
284,AnThr
582,MeDeTyr
611,Ahpb
321,4-Cl-Kyn
693,Py-indole
789,DiDTyr
809,NMeCys
788,3-ClTyr
12424,3-MeGlu
13986,Asp
2514,bMeAsp
6932,Glu
13990,MeAsp
13979,N-Ac(D)MPT
7849,O-MeAsp
13985,OHAsp
10840,OH-Glu
13994,y-Asp
10337,2-am-5-NOH-pentacid
12903,2-NDoDecA
5813,Trans-2CroGly
13122,3-(3-Pyr)-L-alanine
12299,3-CyaAla
8040,"3,4diOHHomoTyr"
13534,3h5mOmTyr
6264,3hHyT
12424,3-MeGlu
9664,3-MePro
9024,3NcpAla
5007,3NTyr
13553,3OH4MePro
12704,Dab(OH)
8479,3_OHLeu
5242,3HyP
12916,OHTyr
12890,4-O-DiMe-Tyr
4634,"4,5-dearg"
11821,"4,5diOHOrn"
303,MePro
1407,4-OHLys
4262,4HyP
10730,4PP
13120,5-Cl-L-Trp
1423,tcl
5255,5hfOrn
3997,D-Hleu
5888,Dhl
13709,6-Cl-Trp
10331,Abu
6580,Acyl-Leu
6054,acylSer
13251,ADH
4663,Aeo
300,Ahp
300,Ahp
11640,AHV
4867,OH-3Pent
9068,Ala
3991,AMHO
7478,Arg
7478,Arg
13497,Asn
13986,Asp
12121,beta-Uda
12546,Bh-L-End
3381,Cys
12663,bmt
10358,3HyG
12929,bOHTyr
8460,OMePhe
12161,Aoda
1695,Cap
1695,Cap
9774,Choi
12260,Cit
4507,Cl-Pip
8104,Cys
7746,ClN-MeTyr
2514,bMeAsp
2476,Dab
13400,DABA
6170,DADH
11225,"2,3-DABA"
13713,diClPIC
12876,N-diMeTrp
11501,5_OHLeu
2160,Dap
978,End
9423,EPL
11702,FGln
12710,Gln
6932,Glu
2108,Trp
3175,His
13693,Hph
906,Pip
7237,Hse1
9279,Ile
2659,Kyn
6411,Leu
3076,Lys
9122,Me-fOHOrn
12687,3-MePhe
8278,MeAla
13990,MeAsp
7241,MePhe
12104,Met
8996,MeVal
9384,m-Tyr
13670,N-Ac-DMPT
4505,N-ac-fOHOrn
13979,N-Ac(D)MPT
13749,N-Me-bmt
12167,N-Me-Thr
8939,N-MeLeu
8272,N-OHAla
1083,N-OHSer
12494,N-OHVal
5104,NAc2hOrn
12351,NANHLys
7085,NHLys
7493,Nle
7849,O-MeAsp
13249,OHAsn
13985,OHAsp
10840,OH-Glu
450,OH-Orn
1656,Mtrp
124,OMeTyr
12490,Orn
8262,PAPS
10256,Phe
9676,Piz
3362,Pro
9264,Ser
9264,Ser
13052,Ser
13233,Cys
9489,N-MeTyr
12990,Tam
6693,Trp
6693,Trp
7272,Trp-bOH-diMePropenyl
13803,Tyr
1757,Val
13994,y-Asp
285,7-MeO-D-Trp
304,N-Me-B-OH-L-Phe
612,B-OH-L-Phe
611,Ahpb
321,4-Cl-Kyn
693,Py-indole
809,NMeCys
788,3-ClTyr
12424,3-MeGlu
13986,Asp
2514,bMeAsp
6932,Glu
13990,MeAsp
13979,N-Ac(D)MPT
7849,O-MeAsp
13985,OHAsp
10840,OH-Glu
13994,y-Asp
300,Ahp
300,Ahp
2080,2-EtMal
12470,3-ICBA
889,AMPA
13986,Asp
3008,bAla
9332,bAMHDA
12121,beta-Uda
7754,bLys
2356,bPhe
13319,C13B-A-FA
1695,Cap
1695,Cap
2514,bMeAsp
13400,DABA
11225,"2,3-DABA"
4381,Dhb
2160,Dap
13990,MeAsp
7849,O-MeAsp
13985,OHAsp
12990,Tam
13994,y-Asp
317,3S-B-BABA
13986,Asp
2514,bMeAsp
13990,MeAsp
13985,OHAsp
13994,y-Asp
13986,Asp
2514,bMeAsp
7849,O-MeAsp
13985,OHAsp
13994,y-Asp
13986,Asp
2514,bMeAsp
13990,MeAsp
13985,OHAsp
13994,y-Asp
12121,beta-Uda
1695,Cap
1695,Cap
11225,"2,3-DABA"
2160,Dap
12990,Tam
5093,APA
13723,Cys
1340,Dha
284,AnThr
582,MeDeTyr
789,DiDTyr
10337,2-am-5-NOH-pentacid
12903,2-NDoDecA
5813,Trans-2CroGly
13122,3-(3-Pyr)-L-alanine
12299,3-CyaAla
8040,"3,4diOHHomoTyr"
13534,3h5mOmTyr
6264,3hHyT
12424,3-MeGlu
9664,3-MePro
9024,3NcpAla
5007,3NTyr
13553,3OH4MePro
12704,Dab(OH)
8479,3_OHLeu
5242,3HyP
12916,OHTyr
12890,4-O-DiMe-Tyr
4634,"4,5-dearg"
11821,"4,5diOHOrn"
303,MePro
1407,4-OHLys
4262,4HyP
10730,4PP
13120,5-Cl-L-Trp
1423,tcl
5255,5hfOrn
3997,D-Hleu
5888,Dhl
13709,6-Cl-Trp
10331,Abu
6580,Acyl-Leu
6054,acylSer
13251,ADH
4663,Aeo
300,Ahp
11640,AHV
4867,OH-3Pent
9068,Ala
3991,AMHO
7478,Arg
7478,Arg
13497,Asn
13986,Asp
13986,Asp
12121,beta-Uda
12546,Bh-L-End
3381,Cys
12663,bmt
10358,3HyG
12929,bOHTyr
8460,OMePhe
12161,Aoda
1695,Cap
1695,Cap
9774,Choi
12260,Cit
4507,Cl-Pip
8104,Cys
7746,ClN-MeTyr
2514,bMeAsp
2514,bMeAsp
2476,Dab
13400,DABA
6170,DADH
11225,"2,3-DABA"
13713,diClPIC
12876,N-diMeTrp
11501,5_OHLeu
2160,Dap
978,End
9423,EPL
11702,FGln
12710,Gln
6932,Glu
2108,Trp
3175,His
13693,Hph
906,Pip
7237,Hse1
9279,Ile
2659,Kyn
6411,Leu
3076,Lys
9122,Me-fOHOrn
12687,3-MePhe
8278,MeAla
13990,MeAsp
13990,MeAsp
7241,MePhe
12104,Met
8996,MeVal
9384,m-Tyr
13670,N-Ac-DMPT
4505,N-ac-fOHOrn
13979,N-Ac(D)MPT
13749,N-Me-bmt
12167,N-Me-Thr
8939,N-MeLeu
8272,N-OHAla
1083,N-OHSer
12494,N-OHVal
5104,NAc2hOrn
12351,NANHLys
7085,NHLys
7493,Nle
7849,O-MeAsp
7849,O-MeAsp
13249,OHAsn
13985,OHAsp
13985,OHAsp
10840,OH-Glu
450,OH-Orn
1656,Mtrp
124,OMeTyr
12490,Orn
8262,PAPS
10256,Phe
9676,Piz
3362,Pro
9264,Ser
9264,Ser
13052,Ser
13233,Cys
9489,N-MeTyr
12990,Tam
6693,Trp
6693,Trp
7272,Trp-bOH-diMePropenyl
13803,Tyr
1757,Val
13994,y-Asp
13994,y-Asp
285,7-MeO-D-Trp
304,N-Me-B-OH-L-Phe
612,B-OH-L-Phe
611,Ahpb
321,4-Cl-Kyn
693,Py-indole
809,NMeCys
788,3-ClTyr
12424,3-MeGlu
13986,Asp
13986,Asp
2514,bMeAsp
2514,bMeAsp
6932,Glu
13990,MeAsp
13990,MeAsp
13979,N-Ac(D)MPT
7849,O-MeAsp
13985,OHAsp
13985,OHAsp
10840,OH-Glu
13994,y-Asp
13994,y-Asp
300,Ahp
4232,ACPC
10337,2-am-5-NOH-pentacid
12903,2-NDoDecA
5813,Trans-2CroGly
9969,Ser
13122,3-(3-Pyr)-L-alanine
12299,3-CyaAla
8040,"3,4diOHHomoTyr"
13493,Dpg
13534,3h5mOmTyr
6264,3hHyT
12424,3-MeGlu
9664,3-MePro
9024,3NcpAla
5007,3NTyr
13553,3OH4MePro
12704,Dab(OH)
8479,3_OHLeu
5242,3HyP
12916,OHTyr
12890,4-O-DiMe-Tyr
4634,"4,5-dearg"
11821,"4,5diOHOrn"
8131,ClPhg
303,MePro
1407,4-OHLys
4262,4HyP
10730,4PP
13120,5-Cl-L-Trp
1423,tcl
5255,5hfOrn
3997,D-Hleu
5888,Dhl
13709,6-Cl-Trp
10577,6OHisoquicarb
10331,Abu
6580,Acyl-Leu
6054,acylSer
13251,ADH
4663,Aeo
300,Ahp
11640,AHV
4867,OH-3Pent
2604,Aib
9068,Ala
12282,Cys
3991,AMHO
5093,APA
7478,Arg
7478,Arg
13497,Asn
13986,Asp
12121,beta-Uda
12546,Bh-L-End
3381,Cys
12663,bmt
10358,3HyG
12929,bOHTyr
7030,y-OH-Val
8460,OMePhe
12161,Aoda
1695,Cap
1695,Cap
9774,Choi
12260,Cit
4507,Cl-Pip
8104,Cys
7746,ClN-MeTyr
2514,bMeAsp
2476,Dab
13400,DABA
6170,DADH
11225,"2,3-DABA"
13723,Cys
1340,Dha
9277,DHPA
12698,Dhpg
13713,diClPIC
12876,N-diMeTrp
11501,5_OHLeu
2160,Dap
978,End
9423,EPL
11702,FGln
12710,Gln
6932,Glu
5181,Gly
2108,Trp
3175,His
3718,Hpg
13693,Hph
906,Pip
7237,Hse1
9279,Ile
2098,Isoval
2659,Kyn
6411,Leu
3076,Lys
9122,Me-fOHOrn
12687,3-MePhe
8278,MeAla
13990,MeAsp
6244,MecPGly
3006,MeHpg
7241,MePhe
12104,Met
8996,MeVal
9384,m-Tyr
13670,N-Ac-DMPT
4505,N-ac-fOHOrn
13979,N-Ac(D)MPT
13749,N-Me-bmt
12167,N-Me-Thr
401,N-MeGly
8939,N-MeLeu
8272,N-OHAla
1083,N-OHSer
12494,N-OHVal
5104,NAc2hOrn
12351,NANHLys
7085,NHLys
7493,Nle
12136,NCA
7849,O-MeAsp
13249,OHAsn
13985,OHAsp
10840,OH-Glu
450,OH-Orn
13601,3-OH-3-MePro
1656,Mtrp
124,OMeTyr
12490,Orn
8262,PAPS
10256,Phe
9676,Piz
2167,PPCA
3362,Pro
9264,Ser
9264,Ser
13052,Ser
13233,Cys
9489,N-MeTyr
12990,Tam
6693,Trp
6693,Trp
7272,Trp-bOH-diMePropenyl
13803,Tyr
1757,Val
13994,y-Asp
285,7-MeO-D-Trp
304,N-Me-B-OH-L-Phe
612,B-OH-L-Phe
284,AnThr
582,MeDeTyr
611,Ahpb
321,4-Cl-Kyn
693,Py-indole
789,DiDTyr
809,NMeCys
788,3-ClTyr
12424,3-MeGlu
13986,Asp
2514,bMeAsp
6932,Glu
13990,MeAsp
13979,N-Ac(D)MPT
7849,O-MeAsp
13985,OHAsp
10840,OH-Glu
13994,y-Asp
10337,2-am-5-NOH-pentacid
12903,2-NDoDecA
5813,Trans-2CroGly
13122,3-(3-Pyr)-L-alanine
12299,3-CyaAla
8040,"3,4diOHHomoTyr"
13534,3h5mOmTyr
6264,3hHyT
12424,3-MeGlu
9664,3-MePro
9024,3NcpAla
5007,3NTyr
13553,3OH4MePro
12704,Dab(OH)
8479,3_OHLeu
5242,3HyP
12916,OHTyr
12890,4-O-DiMe-Tyr
4634,"4,5-dearg"
11821,"4,5diOHOrn"
303,MePro
1407,4-OHLys
4262,4HyP
10730,4PP
13120,5-Cl-L-Trp
1423,tcl
5255,5hfOrn
3997,D-Hleu
5888,Dhl
13709,6-Cl-Trp
10331,Abu
6580,Acyl-Leu
6054,acylSer
13251,ADH
4663,Aeo
300,Ahp
300,Ahp
11640,AHV
4867,OH-3Pent
9068,Ala
3991,AMHO
7478,Arg
7478,Arg
13497,Asn
13986,Asp
12121,beta-Uda
12546,Bh-L-End
3381,Cys
12663,bmt
10358,3HyG
12929,bOHTyr
8460,OMePhe
12161,Aoda
1695,Cap
1695,Cap
9774,Choi
12260,Cit
4507,Cl-Pip
8104,Cys
7746,ClN-MeTyr
2514,bMeAsp
2476,Dab
13400,DABA
6170,DADH
11225,"2,3-DABA"
13713,diClPIC
12876,N-diMeTrp
11501,5_OHLeu
2160,Dap
978,End
9423,EPL
11702,FGln
12710,Gln
6932,Glu
2108,Trp
3175,His
13693,Hph
906,Pip
7237,Hse1
9279,Ile
2659,Kyn
6411,Leu
3076,Lys
9122,Me-fOHOrn
12687,3-MePhe
8278,MeAla
13990,MeAsp
7241,MePhe
12104,Met
8996,MeVal
9384,m-Tyr
13670,N-Ac-DMPT
4505,N-ac-fOHOrn
13979,N-Ac(D)MPT
13749,N-Me-bmt
12167,N-Me-Thr
8939,N-MeLeu
8272,N-OHAla
1083,N-OHSer
12494,N-OHVal
5104,NAc2hOrn
12351,NANHLys
7085,NHLys
7493,Nle
7849,O-MeAsp
13249,OHAsn
13985,OHAsp
10840,OH-Glu
450,OH-Orn
1656,Mtrp
124,OMeTyr
12490,Orn
8262,PAPS
10256,Phe
9676,Piz
3362,Pro
9264,Ser
9264,Ser
13052,Ser
13233,Cys
9489,N-MeTyr
12990,Tam
6693,Trp
6693,Trp
7272,Trp-bOH-diMePropenyl
13803,Tyr
1757,Val
13994,y-Asp
285,7-MeO-D-Trp
304,N-Me-B-OH-L-Phe
612,B-OH-L-Phe
611,Ahpb
321,4-Cl-Kyn
693,Py-indole
809,NMeCys
788,3-ClTyr
12424,3-MeGlu
13986,Asp
2514,bMeAsp
6932,Glu
13990,MeAsp
13979,N-Ac(D)MPT
7849,O-MeAsp
13985,OHAsp
10840,OH-Glu
13994,y-Asp
300,Ahp
300,Ahp
2080,2-EtMal
12470,3-ICBA
889,AMPA
13986,Asp
3008,bAla
9332,bAMHDA
12121,beta-Uda
7754,bLys
2356,bPhe
13319,C13B-A-FA
1695,Cap
1695,Cap
2514,bMeAsp
13400,DABA
11225,"2,3-DABA"
4381,Dhb
2160,Dap
13990,MeAsp
7849,O-MeAsp
13985,OHAsp
12990,Tam
13994,y-Asp
317,3S-B-BABA
13986,Asp
2514,bMeAsp
13990,MeAsp
13985,OHAsp
13994,y-Asp
13986,Asp
2514,bMeAsp
7849,O-MeAsp
13985,OHAsp
13994,y-Asp
13986,Asp
2514,bMeAsp
13990,MeAsp
13985,OHAsp
13994,y-Asp
12121,beta-Uda
1695,Cap
1695,Cap
11225,"2,3-DABA"
2160,Dap
12990,Tam
5093,APA
13723,Cys
1340,Dha
284,AnThr
582,MeDeTyr
789,DiDTyr
10337,2-am-5-NOH-pentacid
12903,2-NDoDecA
5813,Trans-2CroGly
13122,3-(3-Pyr)-L-alanine
12299,3-CyaAla
8040,"3,4diOHHomoTyr"
13534,3h5mOmTyr
6264,3hHyT
12424,3-MeGlu
9664,3-MePro
9024,3NcpAla
5007,3NTyr
13553,3OH4MePro
12704,Dab(OH)
8479,3_OHLeu
5242,3HyP
12916,OHTyr
12890,4-O-DiMe-Tyr
4634,"4,5-dearg"
11821,"4,5diOHOrn"
303,MePro
1407,4-OHLys
4262,4HyP
10730,4PP
13120,5-Cl-L-Trp
1423,tcl
5255,5hfOrn
3997,D-Hleu
5888,Dhl
13709,6-Cl-Trp
10331,Abu
6580,Acyl-Leu
6054,acylSer
13251,ADH
4663,Aeo
300,Ahp
11640,AHV
4867,OH-3Pent
9068,Ala
3991,AMHO
7478,Arg
7478,Arg
13497,Asn
13986,Asp
13986,Asp
12121,beta-Uda
12546,Bh-L-End
3381,Cys
12663,bmt
10358,3HyG
12929,bOHTyr
8460,OMePhe
12161,Aoda
1695,Cap
1695,Cap
9774,Choi
12260,Cit
4507,Cl-Pip
8104,Cys
7746,ClN-MeTyr
2514,bMeAsp
2514,bMeAsp
2476,Dab
13400,DABA
6170,DADH
11225,"2,3-DABA"
13713,diClPIC
12876,N-diMeTrp
11501,5_OHLeu
2160,Dap
978,End
9423,EPL
11702,FGln
12710,Gln
6932,Glu
2108,Trp
3175,His
13693,Hph
906,Pip
7237,Hse1
9279,Ile
2659,Kyn
6411,Leu
3076,Lys
9122,Me-fOHOrn
12687,3-MePhe
8278,MeAla
13990,MeAsp
13990,MeAsp
7241,MePhe
12104,Met
8996,MeVal
9384,m-Tyr
13670,N-Ac-DMPT
4505,N-ac-fOHOrn
13979,N-Ac(D)MPT
13749,N-Me-bmt
12167,N-Me-Thr
8939,N-MeLeu
8272,N-OHAla
1083,N-OHSer
12494,N-OHVal
5104,NAc2hOrn
12351,NANHLys
7085,NHLys
7493,Nle
7849,O-MeAsp
7849,O-MeAsp
13249,OHAsn
13985,OHAsp
13985,OHAsp
10840,OH-Glu
450,OH-Orn
1656,Mtrp
124,OMeTyr
12490,Orn
8262,PAPS
10256,Phe
9676,Piz
3362,Pro
9264,Ser
9264,Ser
13052,Ser
13233,Cys
9489,N-MeTyr
12990,Tam
6693,Trp
6693,Trp
7272,Trp-bOH-diMePropenyl
13803,Tyr
1757,Val
13994,y-Asp
13994,y-Asp
285,7-MeO-D-Trp
304,N-Me-B-OH-L-Phe
612,B-OH-L-Phe
611,Ahpb
321,4-Cl-Kyn
693,Py-indole
809,NMeCys
788,3-ClTyr
12424,3-MeGlu
13986,Asp
13986,Asp
2514,bMeAsp
2514,bMeAsp
6932,Glu
13990,MeAsp
13990,MeAsp
13979,N-Ac(D)MPT
7849,O-MeAsp
13985,OHAsp
13985,OHAsp
10840,OH-Glu
13994,y-Asp
13994,y-Asp
300,Ahp
4232,ACPC
10337,2-am-5-NOH-pentacid
12903,2-NDoDecA
5813,Trans-2CroGly
9969,Ser
13122,3-(3-Pyr)-L-alanine
12299,3-CyaAla
8040,"3,4diOHHomoTyr"
13493,Dpg
13534,3h5mOmTyr
6264,3hHyT
12424,3-MeGlu
9664,3-MePro
9024,3NcpAla
5007,3NTyr
13553,3OH4MePro
12704,Dab(OH)
8479,3_OHLeu
5242,3HyP
12916,OHTyr
12890,4-O-DiMe-Tyr
4634,"4,5-dearg"
11821,"4,5diOHOrn"
8131,ClPhg
303,MePro
1407,4-OHLys
4262,4HyP
10730,4PP
13120,5-Cl-L-Trp
1423,tcl
5255,5hfOrn
3997,D-Hleu
5888,Dhl
13709,6-Cl-Trp
10577,6OHisoquicarb
10331,Abu
6580,Acyl-Leu
6054,acylSer
13251,ADH
4663,Aeo
300,Ahp
11640,AHV
4867,OH-3Pent
2604,Aib
9068,Ala
12282,Cys
3991,AMHO
5093,APA
7478,Arg
7478,Arg
13497,Asn
13986,Asp
12121,beta-Uda
12546,Bh-L-End
3381,Cys
12663,bmt
10358,3HyG
12929,bOHTyr
7030,y-OH-Val
8460,OMePhe
12161,Aoda
1695,Cap
1695,Cap
9774,Choi
12260,Cit
4507,Cl-Pip
8104,Cys
7746,ClN-MeTyr
2514,bMeAsp
2476,Dab
13400,DABA
6170,DADH
11225,"2,3-DABA"
13723,Cys
1340,Dha
9277,DHPA
12698,Dhpg
13713,diClPIC
12876,N-diMeTrp
11501,5_OHLeu
2160,Dap
978,End
9423,EPL
11702,FGln
12710,Gln
6932,Glu
5181,Gly
2108,Trp
3175,His
3718,Hpg
13693,Hph
906,Pip
7237,Hse1
9279,Ile
2098,Isoval
2659,Kyn
6411,Leu
3076,Lys
9122,Me-fOHOrn
12687,3-MePhe
8278,MeAla
13990,MeAsp
6244,MecPGly
3006,MeHpg
7241,MePhe
12104,Met
8996,MeVal
9384,m-Tyr
13670,N-Ac-DMPT
4505,N-ac-fOHOrn
13979,N-Ac(D)MPT
13749,N-Me-bmt
12167,N-Me-Thr
401,N-MeGly
8939,N-MeLeu
8272,N-OHAla
1083,N-OHSer
12494,N-OHVal
5104,NAc2hOrn
12351,NANHLys
7085,NHLys
7493,Nle
12136,NCA
7849,O-MeAsp
13249,OHAsn
13985,OHAsp
10840,OH-Glu
450,OH-Orn
13601,3-OH-3-MePro
1656,Mtrp
124,OMeTyr
12490,Orn
8262,PAPS
10256,Phe
9676,Piz
2167,PPCA
3362,Pro
9264,Ser
9264,Ser
13052,Ser
13233,Cys
9489,N-MeTyr
12990,Tam
6693,Trp
6693,Trp
7272,Trp-bOH-diMePropenyl
13803,Tyr
1757,Val
13994,y-Asp
285,7-MeO-D-Trp
304,N-Me-B-OH-L-Phe
612,B-OH-L-Phe
284,AnThr
582,MeDeTyr
611,Ahpb
321,4-Cl-Kyn
693,Py-indole
789,DiDTyr
809,NMeCys
788,3-ClTyr
12424,3-MeGlu
13986,Asp
2514,bMeAsp
6932,Glu
13990,MeAsp
13979,N-Ac(D)MPT
7849,O-MeAsp
13985,OHAsp
10840,OH-Glu
13994,y-Asp
10337,2-am-5-NOH-pentacid
12903,2-NDoDecA
5813,Trans-2CroGly
13122,3-(3-Pyr)-L-alanine
12299,3-CyaAla
8040,"3,4diOHHomoTyr"
13534,3h5mOmTyr
6264,3hHyT
12424,3-MeGlu
9664,3-MePro
9024,3NcpAla
5007,3NTyr
13553,3OH4MePro
12704,Dab(OH)
8479,3_OHLeu
5242,3HyP
12916,OHTyr
12890,4-O-DiMe-Tyr
4634,"4,5-dearg"
11821,"4,5diOHOrn"
303,MePro
1407,4-OHLys
4262,4HyP
10730,4PP
13120,5-Cl-L-Trp
1423,tcl
5255,5hfOrn
3997,D-Hleu
5888,Dhl
13709,6-Cl-Trp
10331,Abu
6580,Acyl-Leu
6054,acylSer
13251,ADH
4663,Aeo
300,Ahp
300,Ahp
11640,AHV
4867,OH-3Pent
9068,Ala
3991,AMHO
7478,Arg
7478,Arg
13497,Asn
13986,Asp
12121,beta-Uda
12546,Bh-L-End
3381,Cys
12663,bmt
10358,3HyG
12929,bOHTyr
8460,OMePhe
12161,Aoda
1695,Cap
1695,Cap
9774,Choi
12260,Cit
4507,Cl-Pip
8104,Cys
7746,ClN-MeTyr
2514,bMeAsp
2476,Dab
13400,DABA
6170,DADH
11225,"2,3-DABA"
13713,diClPIC
12876,N-diMeTrp
11501,5_OHLeu
2160,Dap
978,End
9423,EPL
11702,FGln
12710,Gln
6932,Glu
2108,Trp
3175,His
13693,Hph
906,Pip
7237,Hse1
9279,Ile
2659,Kyn
6411,Leu
3076,Lys
9122,Me-fOHOrn
12687,3-MePhe
8278,MeAla
13990,MeAsp
7241,MePhe
12104,Met
8996,MeVal
9384,m-Tyr
13670,N-Ac-DMPT
4505,N-ac-fOHOrn
13979,N-Ac(D)MPT
13749,N-Me-bmt
12167,N-Me-Thr
8939,N-MeLeu
8272,N-OHAla
1083,N-OHSer
12494,N-OHVal
5104,NAc2hOrn
12351,NANHLys
7085,NHLys
7493,Nle
7849,O-MeAsp
13249,OHAsn
13985,OHAsp
10840,OH-Glu
450,OH-Orn
1656,Mtrp
124,OMeTyr
12490,Orn
8262,PAPS
10256,Phe
9676,Piz
3362,Pro
9264,Ser
9264,Ser
13052,Ser
13233,Cys
9489,N-MeTyr
12990,Tam
6693,Trp
6693,Trp
7272,Trp-bOH-diMePropenyl
13803,Tyr
1757,Val
13994,y-Asp
285,7-MeO-D-Trp
304,N-Me-B-OH-L-Phe
612,B-OH-L-Phe
611,Ahpb
321,4-Cl-Kyn
693,Py-indole
809,NMeCys
788,3-ClTyr
12424,3-MeGlu
13986,Asp
2514,bMeAsp
6932,Glu
13990,MeAsp
13979,N-Ac(D)MPT
7849,O-MeAsp
13985,OHAsp
10840,OH-Glu
13994,y-Asp
300,Ahp
300,Ahp
2080,2-EtMal
12470,3-ICBA
889,AMPA
13986,Asp
3008,bAla
9332,bAMHDA
12121,beta-Uda
7754,bLys
2356,bPhe
13319,C13B-A-FA
1695,Cap
1695,Cap
2514,bMeAsp
13400,DABA
11225,"2,3-DABA"
4381,Dhb
2160,Dap
13990,MeAsp
7849,O-MeAsp
13985,OHAsp
12990,Tam
13994,y-Asp
317,3S-B-BABA
13986,Asp
2514,bMeAsp
13990,MeAsp
13985,OHAsp
13994,y-Asp
13986,Asp
2514,bMeAsp
7849,O-MeAsp
13985,OHAsp
13994,y-Asp
13986,Asp
2514,bMeAsp
13990,MeAsp
13985,OHAsp
13994,y-Asp
12121,beta-Uda
1695,Cap
1695,Cap
11225,"2,3-DABA"
2160,Dap
12990,Tam
5093,APA
13723,Cys
1340,Dha
284,AnThr
582,MeDeTyr
789,DiDTyr
10337,2-am-5-NOH-pentacid
12903,2-NDoDecA
5813,Trans-2CroGly
13122,3-(3-Pyr)-L-alanine
12299,3-CyaAla
8040,"3,4diOHHomoTyr"
13534,3h5mOmTyr
6264,3hHyT
12424,3-MeGlu
9664,3-MePro
9024,3NcpAla
5007,3NTyr
13553,3OH4MePro
12704,Dab(OH)
8479,3_OHLeu
5242,3HyP
12916,OHTyr
12890,4-O-DiMe-Tyr
4634,"4,5-dearg"
11821,"4,5diOHOrn"
303,MePro
1407,4-OHLys
4262,4HyP
10730,4PP
13120,5-Cl-L-Trp
1423,tcl
5255,5hfOrn
3997,D-Hleu
5888,Dhl
13709,6-Cl-Trp
10331,Abu
6580,Acyl-Leu
6054,acylSer
13251,ADH
4663,Aeo
300,Ahp
11640,AHV
4867,OH-3Pent
9068,Ala
3991,AMHO
7478,Arg
7478,Arg
13497,Asn
13986,Asp
13986,Asp
12121,beta-Uda
12546,Bh-L-End
3381,Cys
12663,bmt
10358,3HyG
12929,bOHTyr
8460,OMePhe
12161,Aoda
1695,Cap
1695,Cap
9774,Choi
12260,Cit
4507,Cl-Pip
8104,Cys
7746,ClN-MeTyr
2514,bMeAsp
2514,bMeAsp
2476,Dab
13400,DABA
6170,DADH
11225,"2,3-DABA"
13713,diClPIC
12876,N-diMeTrp
11501,5_OHLeu
2160,Dap
978,End
9423,EPL
11702,FGln
12710,Gln
6932,Glu
2108,Trp
3175,His
13693,Hph
906,Pip
7237,Hse1
9279,Ile
2659,Kyn
6411,Leu
3076,Lys
9122,Me-fOHOrn
12687,3-MePhe
8278,MeAla
13990,MeAsp
13990,MeAsp
7241,MePhe
12104,Met
8996,MeVal
9384,m-Tyr
13670,N-Ac-DMPT
4505,N-ac-fOHOrn
13979,N-Ac(D)MPT
13749,N-Me-bmt
12167,N-Me-Thr
8939,N-MeLeu
8272,N-OHAla
1083,N-OHSer
12494,N-OHVal
5104,NAc2hOrn
12351,NANHLys
7085,NHLys
7493,Nle
7849,O-MeAsp
7849,O-MeAsp
13249,OHAsn
13985,OHAsp
13985,OHAsp
10840,OH-Glu
450,OH-Orn
1656,Mtrp
124,OMeTyr
12490,Orn
8262,PAPS
10256,Phe
9676,Piz
3362,Pro
9264,Ser
9264,Ser
13052,Ser
13233,Cys
9489,N-MeTyr
12990,Tam
6693,Trp
6693,Trp
7272,Trp-bOH-diMePropenyl
13803,Tyr
1757,Val
13994,y-Asp
13994,y-Asp
285,7-MeO-D-Trp
304,N-Me-B-OH-L-Phe
612,B-OH-L-Phe
611,Ahpb
321,4-Cl-Kyn
693,Py-indole
809,NMeCys
788,3-ClTyr
12424,3-MeGlu
13986,Asp
13986,Asp
2514,bMeAsp
2514,bMeAsp
6932,Glu
13990,MeAsp
13990,MeAsp
13979,N-Ac(D)MPT
7849,O-MeAsp
13985,OHAsp
13985,OHAsp
10840,OH-Glu
13994,y-Asp
13994,y-Asp
300,Ahp
4232,ACPC
10337,2-am-5-NOH-pentacid
12903,2-NDoDecA
5813,Trans-2CroGly
9969,Ser
13122,3-(3-Pyr)-L-alanine
12299,3-CyaAla
8040,"3,4diOHHomoTyr"
13493,Dpg
13534,3h5mOmTyr
6264,3hHyT
12424,3-MeGlu
9664,3-MePro
9024,3NcpAla
5007,3NTyr
13553,3OH4MePro
12704,Dab(OH)
8479,3_OHLeu
5242,3HyP
12916,OHTyr
12890,4-O-DiMe-Tyr
4634,"4,5-dearg"
11821,"4,5diOHOrn"
8131,ClPhg
303,MePro
1407,4-OHLys
4262,4HyP
10730,4PP
13120,5-Cl-L-Trp
1423,tcl
5255,5hfOrn
3997,D-Hleu
5888,Dhl
13709,6-Cl-Trp
10577,6OHisoquicarb
10331,Abu
6580,Acyl-Leu
6054,acylSer
13251,ADH
4663,Aeo
300,Ahp
11640,AHV
4867,OH-3Pent
2604,Aib
9068,Ala
12282,Cys
3991,AMHO
5093,APA
7478,Arg
7478,Arg
13497,Asn
13986,Asp
12121,beta-Uda
12546,Bh-L-End
3381,Cys
12663,bmt
10358,3HyG
12929,bOHTyr
7030,y-OH-Val
8460,OMePhe
12161,Aoda
1695,Cap
1695,Cap
9774,Choi
12260,Cit
4507,Cl-Pip
8104,Cys
7746,ClN-MeTyr
2514,bMeAsp
2476,Dab
13400,DABA
6170,DADH
11225,"2,3-DABA"
13723,Cys
1340,Dha
9277,DHPA
12698,Dhpg
13713,diClPIC
12876,N-diMeTrp
11501,5_OHLeu
2160,Dap
978,End
9423,EPL
11702,FGln
12710,Gln
6932,Glu
5181,Gly
2108,Trp
3175,His
3718,Hpg
13693,Hph
906,Pip
7237,Hse1
9279,Ile
2098,Isoval
2659,Kyn
6411,Leu
3076,Lys
9122,Me-fOHOrn
12687,3-MePhe
8278,MeAla
13990,MeAsp
6244,MecPGly
3006,MeHpg
7241,MePhe
12104,Met
8996,MeVal
9384,m-Tyr
13670,N-Ac-DMPT
4505,N-ac-fOHOrn
13979,N-Ac(D)MPT
13749,N-Me-bmt
12167,N-Me-Thr
401,N-MeGly
8939,N-MeLeu
8272,N-OHAla
1083,N-OHSer
12494,N-OHVal
5104,NAc2hOrn
12351,NANHLys
7085,NHLys
7493,Nle
12136,NCA
7849,O-MeAsp
13249,OHAsn
13985,OHAsp
10840,OH-Glu
450,OH-Orn
13601,3-OH-3-MePro
1656,Mtrp
124,OMeTyr
12490,Orn
8262,PAPS
10256,Phe
9676,Piz
2167,PPCA
3362,Pro
9264,Ser
9264,Ser
13052,Ser
13233,Cys
9489,N-MeTyr
12990,Tam
6693,Trp
6693,Trp
7272,Trp-bOH-diMePropenyl
13803,Tyr
1757,Val
13994,y-Asp
285,7-MeO-D-Trp
304,N-Me-B-OH-L-Phe
612,B-OH-L-Phe
284,AnThr
582,MeDeTyr
611,Ahpb
321,4-Cl-Kyn
693,Py-indole
789,DiDTyr
809,NMeCys
788,3-ClTyr
12424,3-MeGlu
13986,Asp
2514,bMeAsp
6932,Glu
13990,MeAsp
13979,N-Ac(D)MPT
7849,O-MeAsp
13985,OHAsp
10840,OH-Glu
13994,y-Asp
10337,2-am-5-NOH-pentacid
12903,2-NDoDecA
5813,Trans-2CroGly
13122,3-(3-Pyr)-L-alanine
12299,3-CyaAla
8040,"3,4diOHHomoTyr"
13534,3h5mOmTyr
6264,3hHyT
12424,3-MeGlu
9664,3-MePro
9024,3NcpAla
5007,3NTyr
13553,3OH4MePro
12704,Dab(OH)
8479,3_OHLeu
5242,3HyP
12916,OHTyr
12890,4-O-DiMe-Tyr
4634,"4,5-dearg"
11821,"4,5diOHOrn"
303,MePro
1407,4-OHLys
4262,4HyP
10730,4PP
13120,5-Cl-L-Trp
1423,tcl
5255,5hfOrn
3997,D-Hleu
5888,Dhl
13709,6-Cl-Trp
10331,Abu
6580,Acyl-Leu
6054,acylSer
13251,ADH
4663,Aeo
300,Ahp
300,Ahp
11640,AHV
4867,OH-3Pent
9068,Ala
3991,AMHO
7478,Arg
7478,Arg
13497,Asn
13986,Asp
12121,beta-Uda
12546,Bh-L-End
3381,Cys
12663,bmt
10358,3HyG
12929,bOHTyr
8460,OMePhe
12161,Aoda
1695,Cap
1695,Cap
9774,Choi
12260,Cit
4507,Cl-Pip
8104,Cys
7746,ClN-MeTyr
2514,bMeAsp
2476,Dab
13400,DABA
6170,DADH
11225,"2,3-DABA"
13713,diClPIC
12876,N-diMeTrp
11501,5_OHLeu
2160,Dap
978,End
9423,EPL
11702,FGln
12710,Gln
6932,Glu
2108,Trp
3175,His
13693,Hph
906,Pip
7237,Hse1
9279,Ile
2659,Kyn
6411,Leu
3076,Lys
9122,Me-fOHOrn
12687,3-MePhe
8278,MeAla
13990,MeAsp
7241,MePhe
12104,Met
8996,MeVal
9384,m-Tyr
13670,N-Ac-DMPT
4505,N-ac-fOHOrn
13979,N-Ac(D)MPT
13749,N-Me-bmt
12167,N-Me-Thr
8939,N-MeLeu
8272,N-OHAla
1083,N-OHSer
12494,N-OHVal
5104,NAc2hOrn
12351,NANHLys
7085,NHLys
7493,Nle
7849,O-MeAsp
13249,OHAsn
13985,OHAsp
10840,OH-Glu
450,OH-Orn
1656,Mtrp
124,OMeTyr
12490,Orn
8262,PAPS
10256,Phe
9676,Piz
3362,Pro
9264,Ser
9264,Ser
13052,Ser
13233,Cys
9489,N-MeTyr
12990,Tam
6693,Trp
6693,Trp
7272,Trp-bOH-diMePropenyl
13803,Tyr
1757,Val
13994,y-Asp
285,7-MeO-D-Trp
304,N-Me-B-OH-L-Phe
612,B-OH-L-Phe
611,Ahpb
321,4-Cl-Kyn
693,Py-indole
809,NMeCys
788,3-ClTyr
12424,3-MeGlu
13986,Asp
2514,bMeAsp
6932,Glu
13990,MeAsp
13979,N-Ac(D)MPT
7849,O-MeAsp
13985,OHAsp
10840,OH-Glu
13994,y-Asp
300,Ahp
300,Ahp
2080,2-EtMal
12470,3-ICBA
889,AMPA
13986,Asp
3008,bAla
9332,bAMHDA
12121,beta-Uda
7754,bLys
2356,bPhe
13319,C13B-A-FA
1695,Cap
1695,Cap
2514,bMeAsp
13400,DABA
11225,"2,3-DABA"
4381,Dhb
2160,Dap
13990,MeAsp
7849,O-MeAsp
13985,OHAsp
12990,Tam
13994,y-Asp
317,3S-B-BABA
13986,Asp
2514,bMeAsp
13990,MeAsp
13985,OHAsp
13994,y-Asp
13986,Asp
2514,bMeAsp
7849,O-MeAsp
13985,OHAsp
13994,y-Asp
13986,Asp
2514,bMeAsp
13990,MeAsp
13985,OHAsp
13994,y-Asp
12121,beta-Uda
1695,Cap
1695,Cap
11225,"2,3-DABA"
2160,Dap
12990,Tam
5093,APA
13723,Cys
1340,Dha
284,AnThr
582,MeDeTyr
789,DiDTyr
10337,2-am-5-NOH-pentacid
12903,2-NDoDecA
5813,Trans-2CroGly
13122,3-(3-Pyr)-L-alanine
12299,3-CyaAla
8040,"3,4diOHHomoTyr"
13534,3h5mOmTyr
6264,3hHyT
12424,3-MeGlu
9664,3-MePro
9024,3NcpAla
5007,3NTyr
13553,3OH4MePro
12704,Dab(OH)
8479,3_OHLeu
5242,3HyP
12916,OHTyr
12890,4-O-DiMe-Tyr
4634,"4,5-dearg"
11821,"4,5diOHOrn"
303,MePro
1407,4-OHLys
4262,4HyP
10730,4PP
13120,5-Cl-L-Trp
1423,tcl
5255,5hfOrn
3997,D-Hleu
5888,Dhl
13709,6-Cl-Trp
10331,Abu
6580,Acyl-Leu
6054,acylSer
13251,ADH
4663,Aeo
300,Ahp
11640,AHV
4867,OH-3Pent
9068,Ala
3991,AMHO
7478,Arg
7478,Arg
13497,Asn
13986,Asp
13986,Asp
12121,beta-Uda
12546,Bh-L-End
3381,Cys
12663,bmt
10358,3HyG
12929,bOHTyr
8460,OMePhe
12161,Aoda
1695,Cap
1695,Cap
9774,Choi
12260,Cit
4507,Cl-Pip
8104,Cys
7746,ClN-MeTyr
2514,bMeAsp
2514,bMeAsp
2476,Dab
13400,DABA
6170,DADH
11225,"2,3-DABA"
13713,diClPIC
12876,N-diMeTrp
11501,5_OHLeu
2160,Dap
978,End
9423,EPL
11702,FGln
12710,Gln
6932,Glu
2108,Trp
3175,His
13693,Hph
906,Pip
7237,Hse1
9279,Ile
2659,Kyn
6411,Leu
3076,Lys
9122,Me-fOHOrn
12687,3-MePhe
8278,MeAla
13990,MeAsp
13990,MeAsp
7241,MePhe
12104,Met
8996,MeVal
9384,m-Tyr
13670,N-Ac-DMPT
4505,N-ac-fOHOrn
13979,N-Ac(D)MPT
13749,N-Me-bmt
12167,N-Me-Thr
8939,N-MeLeu
8272,N-OHAla
1083,N-OHSer
12494,N-OHVal
5104,NAc2hOrn
12351,NANHLys
7085,NHLys
7493,Nle
7849,O-MeAsp
7849,O-MeAsp
13249,OHAsn
13985,OHAsp
13985,OHAsp
10840,OH-Glu
450,OH-Orn
1656,Mtrp
124,OMeTyr
12490,Orn
8262,PAPS
10256,Phe
9676,Piz
3362,Pro
9264,Ser
9264,Ser
13052,Ser
13233,Cys
9489,N-MeTyr
12990,Tam
6693,Trp
6693,Trp
7272,Trp-bOH-diMePropenyl
13803,Tyr
1757,Val
13994,y-Asp
13994,y-Asp
285,7-MeO-D-Trp
304,N-Me-B-OH-L-Phe
612,B-OH-L-Phe
611,Ahpb
321,4-Cl-Kyn
693,Py-indole
809,NMeCys
788,3-ClTyr
12424,3-MeGlu
13986,Asp
13986,Asp
2514,bMeAsp
2514,bMeAsp
6932,Glu
13990,MeAsp
13990,MeAsp
13979,N-Ac(D)MPT
7849,O-MeAsp
13985,OHAsp
13985,OHAsp
10840,OH-Glu
13994,y-Asp
13994,y-Asp
300,Ahp
4232,ACPC
10337,2-am-5-NOH-pentacid
12903,2-NDoDecA
5813,Trans-2CroGly
9969,Ser
13122,3-(3-Pyr)-L-alanine
12299,3-CyaAla
8040,"3,4diOHHomoTyr"
13493,Dpg
13534,3h5mOmTyr
6264,3hHyT
12424,3-MeGlu
9664,3-MePro
9024,3NcpAla
5007,3NTyr
13553,3OH4MePro
12704,Dab(OH)
8479,3_OHLeu
5242,3HyP
12916,OHTyr
12890,4-O-DiMe-Tyr
4634,"4,5-dearg"
11821,"4,5diOHOrn"
8131,ClPhg
303,MePro
1407,4-OHLys
4262,4HyP
10730,4PP
13120,5-Cl-L-Trp
1423,tcl
5255,5hfOrn
3997,D-Hleu
5888,Dhl
13709,6-Cl-Trp
10577,6OHisoquicarb
10331,Abu
6580,Acyl-Leu
6054,acylSer
13251,ADH
4663,Aeo
300,Ahp
11640,AHV
4867,OH-3Pent
2604,Aib
9068,Ala
12282,Cys
3991,AMHO
5093,APA
7478,Arg
7478,Arg
13497,Asn
13986,Asp
12121,beta-Uda
12546,Bh-L-End
3381,Cys
12663,bmt
10358,3HyG
12929,bOHTyr
7030,y-OH-Val
8460,OMePhe
12161,Aoda
1695,Cap
1695,Cap
9774,Choi
12260,Cit
4507,Cl-Pip
8104,Cys
7746,ClN-MeTyr
2514,bMeAsp
2476,Dab
13400,DABA
6170,DADH
11225,"2,3-DABA"
13723,Cys
1340,Dha
9277,DHPA
12698,Dhpg
13713,diClPIC
12876,N-diMeTrp
11501,5_OHLeu
2160,Dap
978,End
9423,EPL
11702,FGln
12710,Gln
6932,Glu
5181,Gly
2108,Trp
3175,His
3718,Hpg
13693,Hph
906,Pip
7237,Hse1
9279,Ile
2098,Isoval
2659,Kyn
6411,Leu
3076,Lys
9122,Me-fOHOrn
12687,3-MePhe
8278,MeAla
13990,MeAsp
6244,MecPGly
3006,MeHpg
7241,MePhe
12104,Met
8996,MeVal
9384,m-Tyr
13670,N-Ac-DMPT
4505,N-ac-fOHOrn
13979,N-Ac(D)MPT
13749,N-Me-bmt
12167,N-Me-Thr
401,N-MeGly
8939,N-MeLeu
8272,N-OHAla
1083,N-OHSer
12494,N-OHVal
5104,NAc2hOrn
12351,NANHLys
7085,NHLys
7493,Nle
12136,NCA
7849,O-MeAsp
13249,OHAsn
13985,OHAsp
10840,OH-Glu
450,OH-Orn
13601,3-OH-3-MePro
1656,Mtrp
124,OMeTyr
12490,Orn
8262,PAPS
10256,Phe
9676,Piz
2167,PPCA
3362,Pro
9264,Ser
9264,Ser
13052,Ser
13233,Cys
9489,N-MeTyr
12990,Tam
6693,Trp
6693,Trp
7272,Trp-bOH-diMePropenyl
13803,Tyr
1757,Val
13994,y-Asp
285,7-MeO-D-Trp
304,N-Me-B-OH-L-Phe
612,B-OH-L-Phe
284,AnThr
582,MeDeTyr
611,Ahpb
321,4-Cl-Kyn
693,Py-indole
789,DiDTyr
809,NMeCys
788,3-ClTyr
12424,3-MeGlu
13986,Asp
2514,bMeAsp
6932,Glu
13990,MeAsp
13979,N-Ac(D)MPT
7849,O-MeAsp
13985,OHAsp
10840,OH-Glu
13994,y-Asp
10337,2-am-5-NOH-pentacid
12903,2-NDoDecA
5813,Trans-2CroGly
13122,3-(3-Pyr)-L-alanine
12299,3-CyaAla
8040,"3,4diOHHomoTyr"
13534,3h5mOmTyr
6264,3hHyT
12424,3-MeGlu
9664,3-MePro
9024,3NcpAla
5007,3NTyr
13553,3OH4MePro
12704,Dab(OH)
8479,3_OHLeu
5242,3HyP
12916,OHTyr
12890,4-O-DiMe-Tyr
4634,"4,5-dearg"
11821,"4,5diOHOrn"
303,MePro
1407,4-OHLys
4262,4HyP
10730,4PP
13120,5-Cl-L-Trp
1423,tcl
5255,5hfOrn
3997,D-Hleu
5888,Dhl
13709,6-Cl-Trp
10331,Abu
6580,Acyl-Leu
6054,acylSer
13251,ADH
4663,Aeo
300,Ahp
300,Ahp
11640,AHV
4867,OH-3Pent
9068,Ala
3991,AMHO
7478,Arg
7478,Arg
13497,Asn
13986,Asp
12121,beta-Uda
12546,Bh-L-End
3381,Cys
12663,bmt
10358,3HyG
12929,bOHTyr
8460,OMePhe
12161,Aoda
1695,Cap
1695,Cap
9774,Choi
12260,Cit
4507,Cl-Pip
8104,Cys
7746,ClN-MeTyr
2514,bMeAsp
2476,Dab
13400,DABA
6170,DADH
11225,"2,3-DABA"
13713,diClPIC
12876,N-diMeTrp
11501,5_OHLeu
2160,Dap
978,End
9423,EPL
11702,FGln
12710,Gln
6932,Glu
2108,Trp
3175,His
13693,Hph
906,Pip
7237,Hse1
9279,Ile
2659,Kyn
6411,Leu
3076,Lys
9122,Me-fOHOrn
12687,3-MePhe
8278,MeAla
13990,MeAsp
7241,MePhe
12104,Met
8996,MeVal
9384,m-Tyr
13670,N-Ac-DMPT
4505,N-ac-fOHOrn
13979,N-Ac(D)MPT
13749,N-Me-bmt
12167,N-Me-Thr
8939,N-MeLeu
8272,N-OHAla
1083,N-OHSer
12494,N-OHVal
5104,NAc2hOrn
12351,NANHLys
7085,NHLys
7493,Nle
7849,O-MeAsp
13249,OHAsn
13985,OHAsp
10840,OH-Glu
450,OH-Orn
1656,Mtrp
124,OMeTyr
12490,Orn
8262,PAPS
10256,Phe
9676,Piz
3362,Pro
9264,Ser
9264,Ser
13052,Ser
13233,Cys
9489,N-MeTyr
12990,Tam
6693,Trp
6693,Trp
7272,Trp-bOH-diMePropenyl
13803,Tyr
1757,Val
13994,y-Asp
285,7-MeO-D-Trp
304,N-Me-B-OH-L-Phe
612,B-OH-L-Phe
611,Ahpb
321,4-Cl-Kyn
693,Py-indole
809,NMeCys
788,3-ClTyr
12424,3-MeGlu
13986,Asp
2514,bMeAsp
6932,Glu
13990,MeAsp
13979,N-Ac(D)MPT
7849,O-MeAsp
13985,OHAsp
10840,OH-Glu
13994,y-Asp
300,Ahp
300,Ahp
2080,2-EtMal
12470,3-ICBA
889,AMPA
13986,Asp
3008,bAla
9332,bAMHDA
12121,beta-Uda
7754,bLys
2356,bPhe
13319,C13B-A-FA
1695,Cap
1695,Cap
2514,bMeAsp
13400,DABA
11225,"2,3-DABA"
4381,Dhb
2160,Dap
13990,MeAsp
7849,O-MeAsp
13985,OHAsp
12990,Tam
13994,y-Asp
317,3S-B-BABA
13986,Asp
2514,bMeAsp
13990,MeAsp
13985,OHAsp
13994,y-Asp
13986,Asp
2514,bMeAsp
7849,O-MeAsp
13985,OHAsp
13994,y-Asp
13986,Asp
2514,bMeAsp
13990,MeAsp
13985,OHAsp
13994,y-Asp
12121,beta-Uda
1695,Cap
1695,Cap
11225,"2,3-DABA"
2160,Dap
12990,Tam
5093,APA
13723,Cys
1340,Dha
284,AnThr
582,MeDeTyr
789,DiDTyr
10337,2-am-5-NOH-pentacid
12903,2-NDoDecA
5813,Trans-2CroGly
13122,3-(3-Pyr)-L-alanine
12299,3-CyaAla
8040,"3,4diOHHomoTyr"
13534,3h5mOmTyr
6264,3hHyT
12424,3-MeGlu
9664,3-MePro
9024,3NcpAla
5007,3NTyr
13553,3OH4MePro
12704,Dab(OH)
8479,3_OHLeu
5242,3HyP
12916,OHTyr
12890,4-O-DiMe-Tyr
4634,"4,5-dearg"
11821,"4,5diOHOrn"
303,MePro
1407,4-OHLys
4262,4HyP
10730,4PP
13120,5-Cl-L-Trp
1423,tcl
5255,5hfOrn
3997,D-Hleu
5888,Dhl
13709,6-Cl-Trp
10331,Abu
6580,Acyl-Leu
6054,acylSer
13251,ADH
4663,Aeo
300,Ahp
11640,AHV
4867,OH-3Pent
9068,Ala
3991,AMHO
7478,Arg
7478,Arg
13497,Asn
13986,Asp
13986,Asp
12121,beta-Uda
12546,Bh-L-End
3381,Cys
12663,bmt
10358,3HyG
12929,bOHTyr
8460,OMePhe
12161,Aoda
1695,Cap
1695,Cap
9774,Choi
12260,Cit
4507,Cl-Pip
8104,Cys
7746,ClN-MeTyr
2514,bMeAsp
2514,bMeAsp
2476,Dab
13400,DABA
6170,DADH
11225,"2,3-DABA"
13713,diClPIC
12876,N-diMeTrp
11501,5_OHLeu
2160,Dap
978,End
9423,EPL
11702,FGln
12710,Gln
6932,Glu
2108,Trp
3175,His
13693,Hph
906,Pip
7237,Hse1
9279,Ile
2659,Kyn
6411,Leu
3076,Lys
9122,Me-fOHOrn
12687,3-MePhe
8278,MeAla
13990,MeAsp
13990,MeAsp
7241,MePhe
12104,Met
8996,MeVal
9384,m-Tyr
13670,N-Ac-DMPT
4505,N-ac-fOHOrn
13979,N-Ac(D)MPT
13749,N-Me-bmt
12167,N-Me-Thr
8939,N-MeLeu
8272,N-OHAla
1083,N-OHSer
12494,N-OHVal
5104,NAc2hOrn
12351,NANHLys
7085,NHLys
7493,Nle
7849,O-MeAsp
7849,O-MeAsp
13249,OHAsn
13985,OHAsp
13985,OHAsp
10840,OH-Glu
450,OH-Orn
1656,Mtrp
124,OMeTyr
12490,Orn
8262,PAPS
10256,Phe
9676,Piz
3362,Pro
9264,Ser
9264,Ser
13052,Ser
13233,Cys
9489,N-MeTyr
12990,Tam
6693,Trp
6693,Trp
7272,Trp-bOH-diMePropenyl
13803,Tyr
1757,Val
13994,y-Asp
13994,y-Asp
285,7-MeO-D-Trp
304,N-Me-B-OH-L-Phe
612,B-OH-L-Phe
611,Ahpb
321,4-Cl-Kyn
693,Py-indole
809,NMeCys
788,3-ClTyr
12424,3-MeGlu
13986,Asp
13986,Asp
2514,bMeAsp
2514,bMeAsp
6932,Glu
13990,MeAsp
13990,MeAsp
13979,N-Ac(D)MPT
7849,O-MeAsp
13985,OHAsp
13985,OHAsp
10840,OH-Glu
13994,y-Asp
13994,y-Asp
300,Ahp
4232,ACPC
10337,2-am-5-NOH-pentacid
12903,2-NDoDecA
5813,Trans-2CroGly
9969,Ser
13122,3-(3-Pyr)-L-alanine
12299,3-CyaAla
8040,"3,4diOHHomoTyr"
13493,Dpg
13534,3h5mOmTyr
6264,3hHyT
12424,3-MeGlu
9664,3-MePro
9024,3NcpAla
5007,3NTyr
13553,3OH4MePro
12704,Dab(OH)
8479,3_OHLeu
5242,3HyP
12916,OHTyr
12890,4-O-DiMe-Tyr
4634,"4,5-dearg"
11821,"4,5diOHOrn"
8131,ClPhg
303,MePro
1407,4-OHLys
4262,4HyP
10730,4PP
13120,5-Cl-L-Trp
1423,tcl
5255,5hfOrn
3997,D-Hleu
5888,Dhl
13709,6-Cl-Trp
10577,6OHisoquicarb
10331,Abu
6580,Acyl-Leu
6054,acylSer
13251,ADH
4663,Aeo
300,Ahp
11640,AHV
4867,OH-3Pent
2604,Aib
9068,Ala
12282,Cys
3991,AMHO
5093,APA
7478,Arg
7478,Arg
13497,Asn
13986,Asp
12121,beta-Uda
12546,Bh-L-End
3381,Cys
12663,bmt
10358,3HyG
12929,bOHTyr
7030,y-OH-Val
8460,OMePhe
12161,Aoda
1695,Cap
1695,Cap
9774,Choi
12260,Cit
4507,Cl-Pip
8104,Cys
7746,ClN-MeTyr
2514,bMeAsp
2476,Dab
13400,DABA
6170,DADH
11225,"2,3-DABA"
13723,Cys
1340,Dha
9277,DHPA
12698,Dhpg
13713,diClPIC
12876,N-diMeTrp
11501,5_OHLeu
2160,Dap
978,End
9423,EPL
11702,FGln
12710,Gln
6932,Glu
5181,Gly
2108,Trp
3175,His
3718,Hpg
13693,Hph
906,Pip
7237,Hse1
9279,Ile
2098,Isoval
2659,Kyn
6411,Leu
3076,Lys
9122,Me-fOHOrn
12687,3-MePhe
8278,MeAla
13990,MeAsp
6244,MecPGly
3006,MeHpg
7241,MePhe
12104,Met
8996,MeVal
9384,m-Tyr
13670,N-Ac-DMPT
4505,N-ac-fOHOrn
13979,N-Ac(D)MPT
13749,N-Me-bmt
12167,N-Me-Thr
401,N-MeGly
8939,N-MeLeu
8272,N-OHAla
1083,N-OHSer
12494,N-OHVal
5104,NAc2hOrn
12351,NANHLys
7085,NHLys
7493,Nle
12136,NCA
7849,O-MeAsp
13249,OHAsn
13985,OHAsp
10840,OH-Glu
450,OH-Orn
13601,3-OH-3-MePro
1656,Mtrp
124,OMeTyr
12490,Orn
8262,PAPS
10256,Phe
9676,Piz
2167,PPCA
3362,Pro
9264,Ser
9264,Ser
13052,Ser
13233,Cys
9489,N-MeTyr
12990,Tam
6693,Trp
6693,Trp
7272,Trp-bOH-diMePropenyl
13803,Tyr
1757,Val
13994,y-Asp
285,7-MeO-D-Trp
304,N-Me-B-OH-L-Phe
612,B-OH-L-Phe
284,AnThr
582,MeDeTyr
611,Ahpb
321,4-Cl-Kyn
693,Py-indole
789,DiDTyr
809,NMeCys
788,3-ClTyr
12424,3-MeGlu
13986,Asp
2514,bMeAsp
6932,Glu
13990,MeAsp
13979,N-Ac(D)MPT
7849,O-MeAsp
13985,OHAsp
10840,OH-Glu
13994,y-Asp
10337,2-am-5-NOH-pentacid
12903,2-NDoDecA
5813,Trans-2CroGly
13122,3-(3-Pyr)-L-alanine
12299,3-CyaAla
8040,"3,4diOHHomoTyr"
13534,3h5mOmTyr
6264,3hHyT
12424,3-MeGlu
9664,3-MePro
9024,3NcpAla
5007,3NTyr
13553,3OH4MePro
12704,Dab(OH)
8479,3_OHLeu
5242,3HyP
12916,OHTyr
12890,4-O-DiMe-Tyr
4634,"4,5-dearg"
11821,"4,5diOHOrn"
303,MePro
1407,4-OHLys
4262,4HyP
10730,4PP
13120,5-Cl-L-Trp
1423,tcl
5255,5hfOrn
3997,D-Hleu
5888,Dhl
13709,6-Cl-Trp
10331,Abu
6580,Acyl-Leu
6054,acylSer
13251,ADH
4663,Aeo
300,Ahp
300,Ahp
11640,AHV
4867,OH-3Pent
9068,Ala
3991,AMHO
7478,Arg
7478,Arg
13497,Asn
13986,Asp
12121,beta-Uda
12546,Bh-L-End
3381,Cys
12663,bmt
10358,3HyG
12929,bOHTyr
8460,OMePhe
12161,Aoda
1695,Cap
1695,Cap
9774,Choi
12260,Cit
4507,Cl-Pip
8104,Cys
7746,ClN-MeTyr
2514,bMeAsp
2476,Dab
13400,DABA
6170,DADH
11225,"2,3-DABA"
13713,diClPIC
12876,N-diMeTrp
11501,5_OHLeu
2160,Dap
978,End
9423,EPL
11702,FGln
12710,Gln
6932,Glu
2108,Trp
3175,His
13693,Hph
906,Pip
7237,Hse1
9279,Ile
2659,Kyn
6411,Leu
3076,Lys
9122,Me-fOHOrn
12687,3-MePhe
8278,MeAla
13990,MeAsp
7241,MePhe
12104,Met
8996,MeVal
9384,m-Tyr
13670,N-Ac-DMPT
4505,N-ac-fOHOrn
13979,N-Ac(D)MPT
13749,N-Me-bmt
12167,N-Me-Thr
8939,N-MeLeu
8272,N-OHAla
1083,N-OHSer
12494,N-OHVal
5104,NAc2hOrn
12351,NANHLys
7085,NHLys
7493,Nle
7849,O-MeAsp
13249,OHAsn
13985,OHAsp
10840,OH-Glu
450,OH-Orn
1656,Mtrp
124,OMeTyr
12490,Orn
8262,PAPS
10256,Phe
9676,Piz
3362,Pro
9264,Ser
9264,Ser
13052,Ser
13233,Cys
9489,N-MeTyr
12990,Tam
6693,Trp
6693,Trp
7272,Trp-bOH-diMePropenyl
13803,Tyr
1757,Val
13994,y-Asp
285,7-MeO-D-Trp
304,N-Me-B-OH-L-Phe
612,B-OH-L-Phe
611,Ahpb
321,4-Cl-Kyn
693,Py-indole
809,NMeCys
788,3-ClTyr
12424,3-MeGlu
13986,Asp
2514,bMeAsp
6932,Glu
13990,MeAsp
13979,N-Ac(D)MPT
7849,O-MeAsp
13985,OHAsp
10840,OH-Glu
13994,y-Asp
300,Ahp
300,Ahp
2080,2-EtMal
12470,3-ICBA
889,AMPA
13986,Asp
3008,bAla
9332,bAMHDA
12121,beta-Uda
7754,bLys
2356,bPhe
13319,C13B-A-FA
1695,Cap
1695,Cap
2514,bMeAsp
13400,DABA
11225,"2,3-DABA"
4381,Dhb
2160,Dap
13990,MeAsp
7849,O-MeAsp
13985,OHAsp
12990,Tam
13994,y-Asp
317,3S-B-BABA
13986,Asp
2514,bMeAsp
13990,MeAsp
13985,OHAsp
13994,y-Asp
13986,Asp
2514,bMeAsp
7849,O-MeAsp
13985,OHAsp
13994,y-Asp
13986,Asp
2514,bMeAsp
13990,MeAsp
13985,OHAsp
13994,y-Asp
12121,beta-Uda
1695,Cap
1695,Cap
11225,"2,3-DABA"
2160,Dap
12990,Tam
5093,APA
13723,Cys
1340,Dha
284,AnThr
582,MeDeTyr
789,DiDTyr
10337,2-am-5-NOH-pentacid
12903,2-NDoDecA
5813,Trans-2CroGly
13122,3-(3-Pyr)-L-alanine
12299,3-CyaAla
8040,"3,4diOHHomoTyr"
13534,3h5mOmTyr
6264,3hHyT
12424,3-MeGlu
9664,3-MePro
9024,3NcpAla
5007,3NTyr
13553,3OH4MePro
12704,Dab(OH)
8479,3_OHLeu
5242,3HyP
12916,OHTyr
12890,4-O-DiMe-Tyr
4634,"4,5-dearg"
11821,"4,5diOHOrn"
303,MePro
1407,4-OHLys
4262,4HyP
10730,4PP
13120,5-Cl-L-Trp
1423,tcl
5255,5hfOrn
3997,D-Hleu
5888,Dhl
13709,6-Cl-Trp
10331,Abu
6580,Acyl-Leu
6054,acylSer
13251,ADH
4663,Aeo
300,Ahp
11640,AHV
4867,OH-3Pent
9068,Ala
3991,AMHO
7478,Arg
7478,Arg
13497,Asn
13986,Asp
13986,Asp
12121,beta-Uda
12546,Bh-L-End
3381,Cys
12663,bmt
10358,3HyG
12929,bOHTyr
8460,OMePhe
12161,Aoda
1695,Cap
1695,Cap
9774,Choi
12260,Cit
4507,Cl-Pip
8104,Cys
7746,ClN-MeTyr
2514,bMeAsp
2514,bMeAsp
2476,Dab
13400,DABA
6170,DADH
11225,"2,3-DABA"
13713,diClPIC
12876,N-diMeTrp
11501,5_OHLeu
2160,Dap
978,End
9423,EPL
11702,FGln
12710,Gln
6932,Glu
2108,Trp
3175,His
13693,Hph
906,Pip
7237,Hse1
9279,Ile
2659,Kyn
6411,Leu
3076,Lys
9122,Me-fOHOrn
12687,3-MePhe
8278,MeAla
13990,MeAsp
13990,MeAsp
7241,MePhe
12104,Met
8996,MeVal
9384,m-Tyr
13670,N-Ac-DMPT
4505,N-ac-fOHOrn
13979,N-Ac(D)MPT
13749,N-Me-bmt
12167,N-Me-Thr
8939,N-MeLeu
8272,N-OHAla
1083,N-OHSer
12494,N-OHVal
5104,NAc2hOrn
12351,NANHLys
7085,NHLys
7493,Nle
7849,O-MeAsp
7849,O-MeAsp
13249,OHAsn
13985,OHAsp
13985,OHAsp
10840,OH-Glu
450,OH-Orn
1656,Mtrp
124,OMeTyr
12490,Orn
8262,PAPS
10256,Phe
9676,Piz
3362,Pro
9264,Ser
9264,Ser
13052,Ser
13233,Cys
9489,N-MeTyr
12990,Tam
6693,Trp
6693,Trp
7272,Trp-bOH-diMePropenyl
13803,Tyr
1757,Val
13994,y-Asp
13994,y-Asp
285,7-MeO-D-Trp
304,N-Me-B-OH-L-Phe
612,B-OH-L-Phe
611,Ahpb
321,4-Cl-Kyn
693,Py-indole
809,NMeCys
788,3-ClTyr
12424,3-MeGlu
13986,Asp
13986,Asp
2514,bMeAsp
2514,bMeAsp
6932,Glu
13990,MeAsp
13990,MeAsp
13979,N-Ac(D)MPT
7849,O-MeAsp
13985,OHAsp
13985,OHAsp
10840,OH-Glu
13994,y-Asp
13994,y-Asp
300,Ahp
13493,Dpg
13493,Dpg
12698,Dhpg
12698,Dhpg
12698,Dhpg
12698,Dhpg
3718,Hpg
3718,Hpg
3006,MeHpg
3006,MeHpg
13493,Dpg
13493,Dpg
12698,Dhpg
12698,Dhpg
12698,Dhpg
12698,Dhpg
3718,Hpg
3718,Hpg
3006,MeHpg
3006,MeHpg
13493,Dpg
13493,Dpg
12698,Dhpg
12698,Dhpg
12698,Dhpg
12698,Dhpg
3718,Hpg
3718,Hpg
13493,Dpg
13493,Dpg
12698,Dhpg
12698,Dhpg
12698,Dhpg
12698,Dhpg
3718,Hpg
3718,Hpg
3006,MeHpg
3006,MeHpg
13493,Dpg
13493,Dpg
12698,Dhpg
12698,Dhpg
12698,Dhpg
12698,Dhpg
3718,Hpg
3718,Hpg
13493,Dpg
13493,Dpg
12698,Dhpg
12698,Dhpg
12698,Dhpg
12698,Dhpg
3718,Hpg
3718,Hpg
13493,Dpg
13493,Dpg
12698,Dhpg
12698,Dhpg
12698,Dhpg
12698,Dhpg
3718,Hpg
3718,Hpg
13493,Dpg
13493,Dpg
12698,Dhpg
12698,Dhpg
12698,Dhpg
12698,Dhpg
3718,Hpg
3718,Hpg
4232,ACPC
10337,2-am-5-NOH-pentacid
12903,2-NDoDecA
5813,Trans-2CroGly
9969,Ser
13122,3-(3-Pyr)-L-alanine
12299,3-CyaAla
8040,"3,4diOHHomoTyr"
13493,Dpg
13534,3h5mOmTyr
6264,3hHyT
12424,3-MeGlu
9664,3-MePro
9024,3NcpAla
5007,3NTyr
13553,3OH4MePro
12704,Dab(OH)
8479,3_OHLeu
5242,3HyP
12916,OHTyr
12890,4-O-DiMe-Tyr
4634,"4,5-dearg"
11821,"4,5diOHOrn"
8131,ClPhg
303,MePro
1407,4-OHLys
4262,4HyP
10730,4PP
13120,5-Cl-L-Trp
1423,tcl
5255,5hfOrn
3997,D-Hleu
5888,Dhl
13709,6-Cl-Trp
10577,6OHisoquicarb
10331,Abu
6580,Acyl-Leu
6054,acylSer
13251,ADH
4663,Aeo
300,Ahp
11640,AHV
4867,OH-3Pent
2604,Aib
9068,Ala
12282,Cys
3991,AMHO
5093,APA
7478,Arg
7478,Arg
13497,Asn
13986,Asp
12121,beta-Uda
12546,Bh-L-End
3381,Cys
12663,bmt
10358,3HyG
12929,bOHTyr
7030,y-OH-Val
8460,OMePhe
12161,Aoda
1695,Cap
1695,Cap
9774,Choi
12260,Cit
4507,Cl-Pip
8104,Cys
7746,ClN-MeTyr
2514,bMeAsp
2476,Dab
13400,DABA
6170,DADH
11225,"2,3-DABA"
13723,Cys
1340,Dha
9277,DHPA
12698,Dhpg
13713,diClPIC
12876,N-diMeTrp
11501,5_OHLeu
2160,Dap
978,End
9423,EPL
11702,FGln
12710,Gln
6932,Glu
5181,Gly
2108,Trp
3175,His
3718,Hpg
13693,Hph
906,Pip
7237,Hse1
9279,Ile
2098,Isoval
2659,Kyn
6411,Leu
3076,Lys
9122,Me-fOHOrn
12687,3-MePhe
8278,MeAla
13990,MeAsp
6244,MecPGly
3006,MeHpg
7241,MePhe
12104,Met
8996,MeVal
9384,m-Tyr
13670,N-Ac-DMPT
4505,N-ac-fOHOrn
13979,N-Ac(D)MPT
13749,N-Me-bmt
12167,N-Me-Thr
401,N-MeGly
8939,N-MeLeu
8272,N-OHAla
1083,N-OHSer
12494,N-OHVal
5104,NAc2hOrn
12351,NANHLys
7085,NHLys
7493,Nle
12136,NCA
7849,O-MeAsp
13249,OHAsn
13985,OHAsp
10840,OH-Glu
450,OH-Orn
13601,3-OH-3-MePro
1656,Mtrp
124,OMeTyr
12490,Orn
8262,PAPS
10256,Phe
9676,Piz
2167,PPCA
3362,Pro
9264,Ser
9264,Ser
13052,Ser
13233,Cys
9489,N-MeTyr
12990,Tam
6693,Trp
6693,Trp
7272,Trp-bOH-diMePropenyl
13803,Tyr
1757,Val
13994,y-Asp
285,7-MeO-D-Trp
304,N-Me-B-OH-L-Phe
612,B-OH-L-Phe
284,AnThr
582,MeDeTyr
611,Ahpb
321,4-Cl-Kyn
693,Py-indole
789,DiDTyr
809,NMeCys
788,3-ClTyr
12424,3-MeGlu
13986,Asp
2514,bMeAsp
6932,Glu
13990,MeAsp
13979,N-Ac(D)MPT
7849,O-MeAsp
13985,OHAsp
10840,OH-Glu
13994,y-Asp
10337,2-am-5-NOH-pentacid
12903,2-NDoDecA
5813,Trans-2CroGly
13122,3-(3-Pyr)-L-alanine
12299,3-CyaAla
8040,"3,4diOHHomoTyr"
13534,3h5mOmTyr
6264,3hHyT
12424,3-MeGlu
9664,3-MePro
9024,3NcpAla
5007,3NTyr
13553,3OH4MePro
12704,Dab(OH)
8479,3_OHLeu
5242,3HyP
12916,OHTyr
12890,4-O-DiMe-Tyr
4634,"4,5-dearg"
11821,"4,5diOHOrn"
303,MePro
1407,4-OHLys
4262,4HyP
10730,4PP
13120,5-Cl-L-Trp
1423,tcl
5255,5hfOrn
3997,D-Hleu
5888,Dhl
13709,6-Cl-Trp
10331,Abu
6580,Acyl-Leu
6054,acylSer
13251,ADH
4663,Aeo
300,Ahp
300,Ahp
11640,AHV
4867,OH-3Pent
9068,Ala
3991,AMHO
7478,Arg
7478,Arg
13497,Asn
13986,Asp
12121,beta-Uda
12546,Bh-L-End
3381,Cys
12663,bmt
10358,3HyG
12929,bOHTyr
8460,OMePhe
12161,Aoda
1695,Cap
1695,Cap
9774,Choi
12260,Cit
4507,Cl-Pip
8104,Cys
7746,ClN-MeTyr
2514,bMeAsp
2476,Dab
13400,DABA
6170,DADH
11225,"2,3-DABA"
13713,diClPIC
12876,N-diMeTrp
11501,5_OHLeu
2160,Dap
978,End
9423,EPL
11702,FGln
12710,Gln
6932,Glu
2108,Trp
3175,His
13693,Hph
906,Pip
7237,Hse1
9279,Ile
2659,Kyn
6411,Leu
3076,Lys
9122,Me-fOHOrn
12687,3-MePhe
8278,MeAla
13990,MeAsp
7241,MePhe
12104,Met
8996,MeVal
9384,m-Tyr
13670,N-Ac-DMPT
4505,N-ac-fOHOrn
13979,N-Ac(D)MPT
13749,N-Me-bmt
12167,N-Me-Thr
8939,N-MeLeu
8272,N-OHAla
1083,N-OHSer
12494,N-OHVal
5104,NAc2hOrn
12351,NANHLys
7085,NHLys
7493,Nle
7849,O-MeAsp
13249,OHAsn
13985,OHAsp
10840,OH-Glu
450,OH-Orn
1656,Mtrp
124,OMeTyr
12490,Orn
8262,PAPS
10256,Phe
9676,Piz
3362,Pro
9264,Ser
9264,Ser
13052,Ser
13233,Cys
9489,N-MeTyr
12990,Tam
6693,Trp
6693,Trp
7272,Trp-bOH-diMePropenyl
13803,Tyr
1757,Val
13994,y-Asp
285,7-MeO-D-Trp
304,N-Me-B-OH-L-Phe
612,B-OH-L-Phe
611,Ahpb
321,4-Cl-Kyn
693,Py-indole
809,NMeCys
788,3-ClTyr
12424,3-MeGlu
13986,Asp
2514,bMeAsp
6932,Glu
13990,MeAsp
13979,N-Ac(D)MPT
7849,O-MeAsp
13985,OHAsp
10840,OH-Glu
13994,y-Asp
300,Ahp
300,Ahp
13986,Asp
2514,bMeAsp
13990,MeAsp
7849,O-MeAsp
13985,OHAsp
13994,y-Asp
13986,Asp
2514,bMeAsp
13990,MeAsp
7849,O-MeAsp
13985,OHAsp
13994,y-Asp
13986,Asp
2514,bMeAsp
13990,MeAsp
7849,O-MeAsp
13985,OHAsp
13994,y-Asp
13986,Asp
2514,bMeAsp
13990,MeAsp
7849,O-MeAsp
13985,OHAsp
13994,y-Asp
13986,Asp
2514,bMeAsp
13990,MeAsp
7849,O-MeAsp
13985,OHAsp
13994,y-Asp
13986,Asp
2514,bMeAsp
13990,MeAsp
7849,O-MeAsp
13985,OHAsp
13994,y-Asp
13986,Asp
2514,bMeAsp
13990,MeAsp
7849,O-MeAsp
13985,OHAsp
13994,y-Asp
13986,Asp
2514,bMeAsp
13990,MeAsp
7849,O-MeAsp
13985,OHAsp
13994,y-Asp
13986,Asp
2514,bMeAsp
13990,MeAsp
7849,O-MeAsp
13985,OHAsp
13994,y-Asp
13986,Asp
2514,bMeAsp
13990,MeAsp
7849,O-MeAsp
13985,OHAsp
13994,y-Asp
13986,Asp
2514,bMeAsp
13990,MeAsp
7849,O-MeAsp
13985,OHAsp
13994,y-Asp
13986,Asp
2514,bMeAsp
13990,MeAsp
7849,O-MeAsp
13985,OHAsp
13994,y-Asp
13986,Asp
2514,bMeAsp
13990,MeAsp
7849,O-MeAsp
13985,OHAsp
13994,y-Asp
13986,Asp
2514,bMeAsp
13990,MeAsp
7849,O-MeAsp
13985,OHAsp
13994,y-Asp
13493,Dpg
12698,Dhpg
3718,Hpg
3006,MeHpg
12429,1-HDecA
848,13-MeMyA
13877,"2,3-DHB"
6463,3-Cl-4OHpheglyate
1765,3-FASC
9404,3-HPA
10309,3-OH-AA
12694,Pic
12118,OHQA
12964,4-Acetamido-pyr-CA
6421,4-AOHMEBA
5429,4-HPGox
12438,4-MeHex-2-EA
4377,4-MHA
2487,6-MSA
8207,6C4H3CA
12643,Ana
1328,benz
888,Sal
11367,CouA
8407,Cro
9056,DHAA
9340,DiMMyA
10849,GuaAc
8155,GaS
13150,HClN
1723,HDBA
12487,hexnoic_acid
5459,hfOrn
6233,hiv
7594,HMAA
13372,2-HVC
4728,hpla
11178,Hppy
2727,lac
5350,Dhb
13787,Moba
6232,Mopa
184,NPA
10621,PheAc
485,PABA
3153,PhePyruvate
6599,pyruvate
9964,QxCA
312,AHIBA
9840,CysA
432,3-NH2-9-Me-DecA
752,D-HIC
724,Ind
784,kLeu
12282,Cys
3381,Cys
8104,Cys
13723,Cys
13233,Cys
12282,Cys
3381,Cys
8104,Cys
13723,Cys
13233,Cys
9840,CysA
9969,Ser
6054,acylSer
1083,N-OHSer
9264,Ser
9969,Ser
6054,acylSer
1083,N-OHSer
9264,Ser
284,AnThr
284,AnThr
5181,Gly
4232,ACPC
10337,2-am-5-NOH-pentacid
12903,2-NDoDecA
5813,Trans-2CroGly
9969,Ser
13122,3-(3-Pyr)-L-alanine
12299,3-CyaAla
8040,"3,4diOHHomoTyr"
13493,Dpg
13534,3h5mOmTyr
6264,3hHyT
12424,3-MeGlu
9024,3NcpAla
5007,3NTyr
12704,Dab(OH)
8479,3_OHLeu
12916,OHTyr
12890,4-O-DiMe-Tyr
4634,"4,5-dearg"
11821,"4,5diOHOrn"
8131,ClPhg
1407,4-OHLys
13120,5-Cl-L-Trp
1423,tcl
5255,5hfOrn
3997,D-Hleu
5888,Dhl
13709,6-Cl-Trp
3464,Abu
13251,ADH
4663,Aeo
11640,AHV
4867,OH-3Pent
2604,Aib
9068,Ala
12282,Cys
3991,AMHO
5093,APA
7478,Arg
7478,Arg
13497,Asn
13986,Asp
12121,beta-Uda
12546,Bh-L-End
3381,Cys
12663,bmt
10358,3HyG
12929,bOHTyr
7030,y-OH-Val
8460,OMePhe
12161,Aoda
1695,Cap
1695,Cap
12260,Cit
8104,Cys
2514,bMeAsp
2476,Dab
6170,DADH
11225,"2,3-DABA"
13723,Cys
1340,Dha
12698,Dhpg
12876,N-diMeTrp
11501,5_OHLeu
2160,Dap
978,End
12710,Gln
6932,Glu
5181,Gly
3175,His
3718,Hpg
13693,Hph
7237,Hse1
9279,Ile
2098,Isoval
2659,Kyn
6411,Leu
3076,Lys
12687,3-MePhe
6244,MecPGly
12104,Met
9384,m-Tyr
12351,NANHLys
7085,NHLys
7493,Nle
12136,NCA
13249,OHAsn
13985,OHAsp
10840,OH-Glu
450,OH-Orn
1656,Mtrp
124,OMeTyr
12490,Orn
8262,PAPS
10256,Phe
9264,Ser
13052,Ser
13233,Cys
12990,Tam
6693,Trp
6693,Trp
7272,Trp-bOH-diMePropenyl
13803,Tyr
1757,Val
13994,y-Asp
285,7-MeO-D-Trp
612,B-OH-L-Phe
284,AnThr
611,Ahpb
321,4-Cl-Kyn
789,DiDTyr
788,3-ClTyr
12429,1-HDecA
848,13-MeMyA
13877,"2,3-DHB"
6463,3-Cl-4OHpheglyate
1765,3-FASC
9404,3-HPA
10309,3-OH-AA
12694,Pic
12118,OHQA
12964,4-Acetamido-pyr-CA
6421,4-AOHMEBA
5429,4-HPGox
12438,4-MeHex-2-EA
4377,4-MHA
2487,6-MSA
8207,6C4H3CA
12643,Ana
1328,benz
888,Sal
11367,CouA
8407,Cro
9056,DHAA
9340,DiMMyA
10849,GuaAc
8155,GaS
13150,HClN
1723,HDBA
12487,hexnoic_acid
6233,hiv
7594,HMAA
13372,2-HVC
4728,hpla
11178,Hppy
2727,lac
5350,Dhb
13787,Moba
6232,Mopa
184,NPA
10621,PheAc
485,PABA
3153,PhePyruvate
6599,pyruvate
9964,QxCA
312,AHIBA
9840,CysA
432,3-NH2-9-Me-DecA
752,D-HIC
724,Ind
784,kLeu
8104,Cys
9264,Ser
8104,Cys
9264,Ser
8104,Cys
9264,Ser
13894,"3,5-AHBA"
13901,4Hba
13908,tCin
13926,C3:0
5465,2Cl-pyrrole
725,"1,3BPG"
834,3OHPic
790,BamSt
785,Dda
786,AMTDA
810,EtMalAm
787,oxoMal
723,OH13MePda
758,6MHpA
4606,isoButMal
13940,MeMal
694,2Cl-Pyr-Mal
13941,EtMal
374,HexaMal
6236,OMeMal
11873,Mal
13942,Mal
13939,2EtButMal
13940,MeMal
1630,Butyl
583,OH-ProMal
13940,MeMal
13941,EtMal
13942,Mal
13942,Mal
1206,isoButMal
4543,MeMal
697,2Cl-Pyr-Mal
1961,EtMal
431,HexaMal
2754,OMeMal
1368,Mal
13943,Mal
1733,2EtButMal
4543,MeMal
4396,Butyl
314,OH-ProMal
4543,MeMal
1961,EtMal
13943,Mal
13943,Mal
13463,isoButMal
3795,MeMal
702,2Cl-Pyr-Mal
855,EtMal
289,HexaMal
3424,OMeMal
7793,Mal
12184,Mal
13331,2EtButMal
3795,MeMal
658,Butyl
650,OH-ProMal
3795,MeMal
855,EtMal
12184,Mal
12184,Mal
5834,Mal
10727,2EtButMal
9573,Mal
12450,isoButMal
13944,MeMal
657,2Cl-Pyr-Mal
13624,EtMal
13944,MeMal
581,HexaMal
5043,OMeMal
606,OH-ProMal
13624,EtMal
9573,Mal
1925,isoButMal
13945,MeMal
651,2Cl-Pyr-Mal
12269,EtMal
378,HexaMal
12016,OMeMal
7935,Mal
9875,Mal
9320,2EtButMal
13945,MeMal
4676,Butyl
430,OH-ProMal
13945,MeMal
12269,EtMal
9875,Mal
9875,Mal
7659,Mal
12226,2EtButMal
2238,Mal
13772,isoButMal
7671,MeMal
721,2Cl-Pyr-Mal
10110,EtMal
7671,MeMal
584,HexaMal
4593,OMeMal
429,OH-ProMal
10110,EtMal
2238,Mal
7671,MeMal
2238,Mal
8598,MeMal
11815,Mal
390,MeMal
13946,Mal
390,MeMal
13946,Mal
390,MeMal
13946,Mal
390,MeMal
13946,Mal
390,MeMal
13946,Mal
390,MeMal
13946,Mal
390,MeMal
13946,Mal
13894,"3,5-AHBA"
13908,tCin
13926,C3:0
5465,2Cl-pyrrole
725,"1,3BPG"
834,3OHPic
790,BamSt
13901,4Hba
785,Dda
786,AMTDA
810,EtMalAm
787,oxoMal
723,OH13MePda
758,6MHpA
4606,isoButMal
13940,MeMal
694,2Cl-Pyr-Mal
13941,EtMal
374,HexaMal
6236,OMeMal
11873,Mal
13942,Mal
13939,2EtButMal
13940,MeMal
1630,Butyl
583,OH-ProMal
13940,MeMal
13941,EtMal
13942,Mal
13942,Mal
1206,isoButMal
4543,MeMal
697,2Cl-Pyr-Mal
1961,EtMal
431,HexaMal
2754,OMeMal
1368,Mal
13943,Mal
1733,2EtButMal
4543,MeMal
4396,Butyl
314,OH-ProMal
4543,MeMal
1961,EtMal
13943,Mal
13943,Mal
13463,isoButMal
3795,MeMal
702,2Cl-Pyr-Mal
855,EtMal
289,HexaMal
3424,OMeMal
7793,Mal
12184,Mal
13331,2EtButMal
3795,MeMal
658,Butyl
650,OH-ProMal
3795,MeMal
855,EtMal
12184,Mal
12184,Mal
5834,Mal
10727,2EtButMal
9573,Mal
12450,isoButMal
13944,MeMal
657,2Cl-Pyr-Mal
13624,EtMal
13944,MeMal
581,HexaMal
5043,OMeMal
606,OH-ProMal
13624,EtMal
9573,Mal
1925,isoButMal
13945,MeMal
651,2Cl-Pyr-Mal
12269,EtMal
378,HexaMal
12016,OMeMal
7935,Mal
9875,Mal
9320,2EtButMal
13945,MeMal
4676,Butyl
430,OH-ProMal
13945,MeMal
12269,EtMal
9875,Mal
9875,Mal
7659,Mal
12226,2EtButMal
2238,Mal
13772,isoButMal
7671,MeMal
721,2Cl-Pyr-Mal
10110,EtMal
7671,MeMal
584,HexaMal
4593,OMeMal
429,OH-ProMal
10110,EtMal
2238,Mal
7671,MeMal
2238,Mal
8598,MeMal
11815,Mal
390,MeMal
13946,Mal
390,MeMal
13946,Mal
390,MeMal
13946,Mal
390,MeMal
13946,Mal
390,MeMal
13946,Mal
390,MeMal
13946,Mal
390,MeMal
13946,Mal
4606,isoButMal
4606,isoButMal
4606,isoButMal
4606,isoButMal
13940,MeMal
13940,MeMal
13940,MeMal
13940,MeMal
694,2Cl-Pyr-Mal
694,2Cl-Pyr-Mal
694,2Cl-Pyr-Mal
694,2Cl-Pyr-Mal
13941,EtMal
13941,EtMal
13941,EtMal
13941,EtMal
374,HexaMal
374,HexaMal
374,HexaMal
374,HexaMal
6236,OMeMal
6236,OMeMal
6236,OMeMal
6236,OMeMal
11873,Mal
11873,Mal
11873,Mal
11873,Mal
13942,Mal
13942,Mal
13942,Mal
13942,Mal
13939,2EtButMal
13939,2EtButMal
13939,2EtButMal
13939,2EtButMal
13940,MeMal
13940,MeMal
13940,MeMal
13940,MeMal
1630,Butyl
1630,Butyl
1630,Butyl
1630,Butyl
583,OH-ProMal
583,OH-ProMal
583,OH-ProMal
583,OH-ProMal
13940,MeMal
13940,MeMal
13940,MeMal
13940,MeMal
13941,EtMal
13941,EtMal
13941,EtMal
13941,EtMal
13942,Mal
13942,Mal
13942,Mal
13942,Mal
13942,Mal
13942,Mal
13942,Mal
13942,Mal
1206,isoButMal
1206,isoButMal
1206,isoButMal
1206,isoButMal
4543,MeMal
4543,MeMal
4543,MeMal
4543,MeMal
697,2Cl-Pyr-Mal
697,2Cl-Pyr-Mal
697,2Cl-Pyr-Mal
697,2Cl-Pyr-Mal
1961,EtMal
1961,EtMal
1961,EtMal
1961,EtMal
431,HexaMal
431,HexaMal
431,HexaMal
431,HexaMal
2754,OMeMal
2754,OMeMal
2754,OMeMal
2754,OMeMal
1368,Mal
1368,Mal
1368,Mal
1368,Mal
13943,Mal
13943,Mal
13943,Mal
13943,Mal
1733,2EtButMal
1733,2EtButMal
1733,2EtButMal
1733,2EtButMal
4543,MeMal
4543,MeMal
4543,MeMal
4543,MeMal
4396,Butyl
4396,Butyl
4396,Butyl
4396,Butyl
314,OH-ProMal
314,OH-ProMal
314,OH-ProMal
314,OH-ProMal
4543,MeMal
4543,MeMal
4543,MeMal
4543,MeMal
1961,EtMal
1961,EtMal
1961,EtMal
1961,EtMal
13943,Mal
13943,Mal
13943,Mal
13943,Mal
13943,Mal
13943,Mal
13943,Mal
13943,Mal
13463,isoButMal
13463,isoButMal
13463,isoButMal
13463,isoButMal
3795,MeMal
3795,MeMal
3795,MeMal
3795,MeMal
702,2Cl-Pyr-Mal
702,2Cl-Pyr-Mal
702,2Cl-Pyr-Mal
702,2Cl-Pyr-Mal
855,EtMal
855,EtMal
855,EtMal
855,EtMal
289,HexaMal
289,HexaMal
289,HexaMal
289,HexaMal
3424,OMeMal
3424,OMeMal
3424,OMeMal
3424,OMeMal
7793,Mal
7793,Mal
7793,Mal
7793,Mal
12184,Mal
12184,Mal
12184,Mal
12184,Mal
13331,2EtButMal
13331,2EtButMal
13331,2EtButMal
13331,2EtButMal
3795,MeMal
3795,MeMal
3795,MeMal
3795,MeMal
658,Butyl
658,Butyl
658,Butyl
658,Butyl
650,OH-ProMal
650,OH-ProMal
650,OH-ProMal
650,OH-ProMal
3795,MeMal
3795,MeMal
3795,MeMal
3795,MeMal
855,EtMal
855,EtMal
855,EtMal
855,EtMal
12184,Mal
12184,Mal
12184,Mal
12184,Mal
12184,Mal
12184,Mal
12184,Mal
12184,Mal
5834,Mal
5834,Mal
5834,Mal
5834,Mal
10727,2EtButMal
10727,2EtButMal
10727,2EtButMal
10727,2EtButMal
9573,Mal
9573,Mal
9573,Mal
9573,Mal
12450,isoButMal
12450,isoButMal
12450,isoButMal
12450,isoButMal
13944,MeMal
13944,MeMal
13944,MeMal
13944,MeMal
657,2Cl-Pyr-Mal
657,2Cl-Pyr-Mal
657,2Cl-Pyr-Mal
657,2Cl-Pyr-Mal
13624,EtMal
13624,EtMal
13624,EtMal
13624,EtMal
13944,MeMal
13944,MeMal
13944,MeMal
13944,MeMal
581,HexaMal
581,HexaMal
581,HexaMal
581,HexaMal
5043,OMeMal
5043,OMeMal
5043,OMeMal
5043,OMeMal
606,OH-ProMal
606,OH-ProMal
606,OH-ProMal
606,OH-ProMal
13624,EtMal
13624,EtMal
13624,EtMal
13624,EtMal
9573,Mal
9573,Mal
9573,Mal
9573,Mal
1925,isoButMal
1925,isoButMal
1925,isoButMal
1925,isoButMal
13945,MeMal
13945,MeMal
13945,MeMal
13945,MeMal
651,2Cl-Pyr-Mal
651,2Cl-Pyr-Mal
651,2Cl-Pyr-Mal
651,2Cl-Pyr-Mal
12269,EtMal
12269,EtMal
12269,EtMal
12269,EtMal
378,HexaMal
378,HexaMal
378,HexaMal
378,HexaMal
12016,OMeMal
12016,OMeMal
12016,OMeMal
12016,OMeMal
7935,Mal
7935,Mal
7935,Mal
7935,Mal
9875,Mal
9875,Mal
9875,Mal
9875,Mal
9320,2EtButMal
9320,2EtButMal
9320,2EtButMal
9320,2EtButMal
13945,MeMal
13945,MeMal
13945,MeMal
13945,MeMal
4676,Butyl
4676,Butyl
4676,Butyl
4676,Butyl
430,OH-ProMal
430,OH-ProMal
430,OH-ProMal
430,OH-ProMal
13945,MeMal
13945,MeMal
13945,MeMal
13945,MeMal
12269,EtMal
12269,EtMal
12269,EtMal
12269,EtMal
9875,Mal
9875,Mal
9875,Mal
9875,Mal
9875,Mal
9875,Mal
9875,Mal
9875,Mal
7659,Mal
7659,Mal
7659,Mal
7659,Mal
12226,2EtButMal
12226,2EtButMal
12226,2EtButMal
12226,2EtButMal
2238,Mal
2238,Mal
2238,Mal
2238,Mal
13772,isoButMal
13772,isoButMal
13772,isoButMal
13772,isoButMal
7671,MeMal
7671,MeMal
7671,MeMal
7671,MeMal
721,2Cl-Pyr-Mal
721,2Cl-Pyr-Mal
721,2Cl-Pyr-Mal
721,2Cl-Pyr-Mal
10110,EtMal
10110,EtMal
10110,EtMal
10110,EtMal
7671,MeMal
7671,MeMal
7671,MeMal
7671,MeMal
584,HexaMal
584,HexaMal
584,HexaMal
584,HexaMal
4593,OMeMal
4593,OMeMal
4593,OMeMal
4593,OMeMal
429,OH-ProMal
429,OH-ProMal
429,OH-ProMal
429,OH-ProMal
10110,EtMal
10110,EtMal
10110,EtMal
10110,EtMal
2238,Mal
2238,Mal
2238,Mal
2238,Mal
7671,MeMal
7671,MeMal
7671,MeMal
7671,MeMal
2238,Mal
2238,Mal
2238,Mal
2238,Mal
8598,MeMal
8598,MeMal
8598,MeMal
8598,MeMal
11815,Mal
11815,Mal
11815,Mal
11815,Mal
390,MeMal
390,MeMal
390,MeMal
390,MeMal
13946,Mal
13946,Mal
13946,Mal
13946,Mal
390,MeMal
390,MeMal
390,MeMal
390,MeMal
13946,Mal
13946,Mal
13946,Mal
13946,Mal
390,MeMal
390,MeMal
390,MeMal
390,MeMal
13946,Mal
13946,Mal
13946,Mal
13946,Mal
390,MeMal
390,MeMal
390,MeMal
390,MeMal
13946,Mal
13946,Mal
13946,Mal
13946,Mal
390,MeMal
390,MeMal
390,MeMal
390,MeMal
13946,Mal
13946,Mal
13946,Mal
13946,Mal
390,MeMal
390,MeMal
390,MeMal
390,MeMal
13946,Mal
13946,Mal
13946,Mal
13946,Mal
390,MeMal
390,MeMal
390,MeMal
390,MeMal
13946,Mal
13946,Mal
13946,Mal
13946,Mal
4606,isoButMal
13940,MeMal
694,2Cl-Pyr-Mal
13941,EtMal
374,HexaMal
6236,OMeMal
11873,Mal
13942,Mal
13939,2EtButMal
13940,MeMal
1630,Butyl
583,OH-ProMal
13940,MeMal
13941,EtMal
13942,Mal
13942,Mal
7659,Mal
12226,2EtButMal
2238,Mal
13772,isoButMal
7671,MeMal
721,2Cl-Pyr-Mal
10110,EtMal
7671,MeMal
584,HexaMal
4593,OMeMal
429,OH-ProMal
10110,EtMal
2238,Mal
7659,Mal
12226,2EtButMal
2238,Mal
13772,isoButMal
7671,MeMal
721,2Cl-Pyr-Mal
10110,EtMal
7671,MeMal
584,HexaMal
4593,OMeMal
429,OH-ProMal
10110,EtMal
2238,Mal
1206,isoButMal
4543,MeMal
697,2Cl-Pyr-Mal
1961,EtMal
431,HexaMal
2754,OMeMal
1368,Mal
13943,Mal
1733,2EtButMal
4543,MeMal
4396,Butyl
314,OH-ProMal
4543,MeMal
1961,EtMal
13943,Mal
13943,Mal
9573,Mal
5834,Mal
10727,2EtButMal
9573,Mal
12450,isoButMal
13944,MeMal
657,2Cl-Pyr-Mal
13624,EtMal
13944,MeMal
581,HexaMal
5043,OMeMal
606,OH-ProMal
13624,EtMal
11873,Mal
1368,Mal
7793,Mal
5834,Mal
7935,Mal
7659,Mal
4606,isoButMal
13940,MeMal
694,2Cl-Pyr-Mal
13941,EtMal
374,HexaMal
6236,OMeMal
11873,Mal
13942,Mal
13939,2EtButMal
13940,MeMal
1630,Butyl
583,OH-ProMal
13940,MeMal
13941,EtMal
13942,Mal
13942,Mal
13942,Mal
4606,isoButMal
13940,MeMal
694,2Cl-Pyr-Mal
13941,EtMal
374,HexaMal
6236,OMeMal
11873,Mal
13942,Mal
13939,2EtButMal
13940,MeMal
583,OH-ProMal
13941,EtMal
13943,Mal
1206,isoButMal
4543,MeMal
697,2Cl-Pyr-Mal
1961,EtMal
431,HexaMal
2754,OMeMal
1368,Mal
13943,Mal
1733,2EtButMal
4543,MeMal
314,OH-ProMal
1961,EtMal
13942,Mal
13943,Mal
1206,isoButMal
4543,MeMal
697,2Cl-Pyr-Mal
1961,EtMal
431,HexaMal
2754,OMeMal
1368,Mal
13943,Mal
1733,2EtButMal
4543,MeMal
314,OH-ProMal
1961,EtMal
13942,Mal
4606,isoButMal
13940,MeMal
694,2Cl-Pyr-Mal
13941,EtMal
374,HexaMal
6236,OMeMal
11873,Mal
13942,Mal
13939,2EtButMal
13940,MeMal
583,OH-ProMal
13941,EtMal
13942,Mal
13943,Mal
1206,isoButMal
4543,MeMal
697,2Cl-Pyr-Mal
1961,EtMal
431,HexaMal
2754,OMeMal
1368,Mal
13943,Mal
1733,2EtButMal
4543,MeMal
314,OH-ProMal
1961,EtMal
13942,Mal
4606,isoButMal
13940,MeMal
694,2Cl-Pyr-Mal
13941,EtMal
374,HexaMal
6236,OMeMal
11873,Mal
13942,Mal
13939,2EtButMal
13940,MeMal
583,OH-ProMal
13941,EtMal
5834,Mal
10727,2EtButMal
9573,Mal
12450,isoButMal
13944,MeMal
657,2Cl-Pyr-Mal
13624,EtMal
13944,MeMal
581,HexaMal
5043,OMeMal
606,OH-ProMal
13624,EtMal
9573,Mal
390,MeMal
13946,Mal
1925,isoButMal
13945,MeMal
651,2Cl-Pyr-Mal
12269,EtMal
378,HexaMal
12016,OMeMal
7935,Mal
9875,Mal
9320,2EtButMal
13945,MeMal
4676,Butyl
430,OH-ProMal
13945,MeMal
12269,EtMal
9875,Mal
9875,Mal
13942,Mal
4606,isoButMal
13940,MeMal
694,2Cl-Pyr-Mal
13941,EtMal
374,HexaMal
6236,OMeMal
11873,Mal
13942,Mal
13939,2EtButMal
13940,MeMal
583,OH-ProMal
13941,EtMal
5834,Mal
10727,2EtButMal
9573,Mal
12450,isoButMal
13944,MeMal
657,2Cl-Pyr-Mal
13624,EtMal
13944,MeMal
581,HexaMal
5043,OMeMal
606,OH-ProMal
13624,EtMal
9573,Mal
390,MeMal
13946,Mal
13942,Mal
13943,Mal
9875,Mal
4606,isoButMal
13940,MeMal
694,2Cl-Pyr-Mal
13941,EtMal
374,HexaMal
6236,OMeMal
11873,Mal
13942,Mal
13939,2EtButMal
13940,MeMal
583,OH-ProMal
13941,EtMal
1206,isoButMal
4543,MeMal
697,2Cl-Pyr-Mal
1961,EtMal
431,HexaMal
2754,OMeMal
1368,Mal
13943,Mal
1733,2EtButMal
4543,MeMal
314,OH-ProMal
1961,EtMal
1925,isoButMal
13945,MeMal
651,2Cl-Pyr-Mal
12269,EtMal
378,HexaMal
12016,OMeMal
7935,Mal
9875,Mal
9320,2EtButMal
13945,MeMal
430,OH-ProMal
12269,EtMal
9573,Mal
13946,Mal
5834,Mal
10727,2EtButMal
9573,Mal
12450,isoButMal
13944,MeMal
657,2Cl-Pyr-Mal
13624,EtMal
13944,MeMal
581,HexaMal
5043,OMeMal
606,OH-ProMal
13624,EtMal
390,MeMal
5834,Mal
10727,2EtButMal
9573,Mal
12450,isoButMal
13944,MeMal
657,2Cl-Pyr-Mal
13624,EtMal
13944,MeMal
581,HexaMal
5043,OMeMal
606,OH-ProMal
13624,EtMal
9573,Mal
390,MeMal
13946,Mal
1206,isoButMal
4543,MeMal
697,2Cl-Pyr-Mal
1961,EtMal
431,HexaMal
2754,OMeMal
1368,Mal
13943,Mal
1733,2EtButMal
4543,MeMal
4396,Butyl
314,OH-ProMal
4543,MeMal
1961,EtMal
13943,Mal
13943,Mal
13944,MeMal
13942,Mal
4606,isoButMal
13940,MeMal
694,2Cl-Pyr-Mal
13941,EtMal
374,HexaMal
6236,OMeMal
11873,Mal
13942,Mal
13939,2EtButMal
13940,MeMal
583,OH-ProMal
13941,EtMal
13943,Mal
1206,isoButMal
4543,MeMal
697,2Cl-Pyr-Mal
1961,EtMal
431,HexaMal
2754,OMeMal
1368,Mal
13943,Mal
1733,2EtButMal
4543,MeMal
314,OH-ProMal
1961,EtMal
4606,isoButMal
13940,MeMal
694,2Cl-Pyr-Mal
13941,EtMal
374,HexaMal
6236,OMeMal
11873,Mal
13942,Mal
13939,2EtButMal
13940,MeMal
1630,Butyl
583,OH-ProMal
13940,MeMal
13941,EtMal
13942,Mal
13942,Mal
4606,isoButMal
13940,MeMal
694,2Cl-Pyr-Mal
13941,EtMal
374,HexaMal
6236,OMeMal
11873,Mal
13942,Mal
13939,2EtButMal
13940,MeMal
1630,Butyl
583,OH-ProMal
13940,MeMal
13941,EtMal
13942,Mal
13942,Mal
5834,Mal
10727,2EtButMal
9573,Mal
12450,isoButMal
13944,MeMal
657,2Cl-Pyr-Mal
13624,EtMal
13944,MeMal
581,HexaMal
5043,OMeMal
606,OH-ProMal
13624,EtMal
9573,Mal
5834,Mal
10727,2EtButMal
9573,Mal
12450,isoButMal
13944,MeMal
657,2Cl-Pyr-Mal
13624,EtMal
13944,MeMal
581,HexaMal
5043,OMeMal
606,OH-ProMal
13624,EtMal
9573,Mal
5834,Mal
10727,2EtButMal
9573,Mal
12450,isoButMal
13944,MeMal
657,2Cl-Pyr-Mal
13624,EtMal
13944,MeMal
581,HexaMal
5043,OMeMal
606,OH-ProMal
13624,EtMal
9573,Mal
13942,Mal
4606,isoButMal
13940,MeMal
694,2Cl-Pyr-Mal
13941,EtMal
374,HexaMal
6236,OMeMal
11873,Mal
13942,Mal
13939,2EtButMal
13940,MeMal
583,OH-ProMal
13941,EtMal
5834,Mal
10727,2EtButMal
9573,Mal
12450,isoButMal
13944,MeMal
657,2Cl-Pyr-Mal
13624,EtMal
13944,MeMal
581,HexaMal
5043,OMeMal
606,OH-ProMal
13624,EtMal
9573,Mal
4606,isoButMal
4606,isoButMal
4606,isoButMal
4606,isoButMal
13940,MeMal
13940,MeMal
13940,MeMal
13940,MeMal
694,2Cl-Pyr-Mal
694,2Cl-Pyr-Mal
694,2Cl-Pyr-Mal
694,2Cl-Pyr-Mal
13941,EtMal
13941,EtMal
13941,EtMal
13941,EtMal
374,HexaMal
374,HexaMal
374,HexaMal
374,HexaMal
6236,OMeMal
6236,OMeMal
6236,OMeMal
6236,OMeMal
11873,Mal
11873,Mal
11873,Mal
11873,Mal
13942,Mal
13942,Mal
13942,Mal
13942,Mal
13939,2EtButMal
13939,2EtButMal
13939,2EtButMal
13939,2EtButMal
13940,MeMal
13940,MeMal
13940,MeMal
13940,MeMal
1630,Butyl
1630,Butyl
1630,Butyl
1630,Butyl
583,OH-ProMal
583,OH-ProMal
583,OH-ProMal
583,OH-ProMal
13940,MeMal
13940,MeMal
13940,MeMal
13940,MeMal
13941,EtMal
13941,EtMal
13941,EtMal
13941,EtMal
13942,Mal
13942,Mal
13942,Mal
13942,Mal
13942,Mal
13942,Mal
13942,Mal
13942,Mal
9573,Mal
9573,Mal
9573,Mal
9573,Mal
5834,Mal
5834,Mal
5834,Mal
5834,Mal
10727,2EtButMal
10727,2EtButMal
10727,2EtButMal
10727,2EtButMal
9573,Mal
9573,Mal
9573,Mal
9573,Mal
12450,isoButMal
12450,isoButMal
12450,isoButMal
12450,isoButMal
13944,MeMal
13944,MeMal
13944,MeMal
13944,MeMal
657,2Cl-Pyr-Mal
657,2Cl-Pyr-Mal
657,2Cl-Pyr-Mal
657,2Cl-Pyr-Mal
13624,EtMal
13624,EtMal
13624,EtMal
13624,EtMal
13944,MeMal
13944,MeMal
13944,MeMal
13944,MeMal
581,HexaMal
581,HexaMal
581,HexaMal
581,HexaMal
5043,OMeMal
5043,OMeMal
5043,OMeMal
5043,OMeMal
606,OH-ProMal
606,OH-ProMal
606,OH-ProMal
606,OH-ProMal
13624,EtMal
13624,EtMal
13624,EtMal
13624,EtMal
13942,Mal
13942,Mal
13942,Mal
13942,Mal
1925,isoButMal
1925,isoButMal
1925,isoButMal
1925,isoButMal
13945,MeMal
13945,MeMal
13945,MeMal
13945,MeMal
651,2Cl-Pyr-Mal
651,2Cl-Pyr-Mal
651,2Cl-Pyr-Mal
651,2Cl-Pyr-Mal
12269,EtMal
12269,EtMal
12269,EtMal
12269,EtMal
378,HexaMal
378,HexaMal
378,HexaMal
378,HexaMal
12016,OMeMal
12016,OMeMal
12016,OMeMal
12016,OMeMal
7935,Mal
7935,Mal
7935,Mal
7935,Mal
9875,Mal
9875,Mal
9875,Mal
9875,Mal
9320,2EtButMal
9320,2EtButMal
9320,2EtButMal
9320,2EtButMal
13945,MeMal
13945,MeMal
13945,MeMal
13945,MeMal
4676,Butyl
4676,Butyl
4676,Butyl
4676,Butyl
430,OH-ProMal
430,OH-ProMal
430,OH-ProMal
430,OH-ProMal
13945,MeMal
13945,MeMal
13945,MeMal
13945,MeMal
12269,EtMal
12269,EtMal
12269,EtMal
12269,EtMal
9875,Mal
9875,Mal
9875,Mal
9875,Mal
9875,Mal
9875,Mal
9875,Mal
9875,Mal
9573,Mal
9573,Mal
9573,Mal
9573,Mal
13946,Mal
13946,Mal
13946,Mal
13946,Mal
5834,Mal
5834,Mal
5834,Mal
5834,Mal
10727,2EtButMal
10727,2EtButMal
10727,2EtButMal
10727,2EtButMal
9573,Mal
9573,Mal
9573,Mal
9573,Mal
12450,isoButMal
12450,isoButMal
12450,isoButMal
12450,isoButMal
13944,MeMal
13944,MeMal
13944,MeMal
13944,MeMal
657,2Cl-Pyr-Mal
657,2Cl-Pyr-Mal
657,2Cl-Pyr-Mal
657,2Cl-Pyr-Mal
13624,EtMal
13624,EtMal
13624,EtMal
13624,EtMal
13944,MeMal
13944,MeMal
13944,MeMal
13944,MeMal
581,HexaMal
581,HexaMal
581,HexaMal
581,HexaMal
5043,OMeMal
5043,OMeMal
5043,OMeMal
5043,OMeMal
606,OH-ProMal
606,OH-ProMal
606,OH-ProMal
606,OH-ProMal
13624,EtMal
13624,EtMal
13624,EtMal
13624,EtMal
390,MeMal
390,MeMal
390,MeMal
390,MeMal
1206,isoButMal
1206,isoButMal
1206,isoButMal
1206,isoButMal
4543,MeMal
4543,MeMal
4543,MeMal
4543,MeMal
697,2Cl-Pyr-Mal
697,2Cl-Pyr-Mal
697,2Cl-Pyr-Mal
697,2Cl-Pyr-Mal
1961,EtMal
1961,EtMal
1961,EtMal
1961,EtMal
431,HexaMal
431,HexaMal
431,HexaMal
431,HexaMal
2754,OMeMal
2754,OMeMal
2754,OMeMal
2754,OMeMal
1368,Mal
1368,Mal
1368,Mal
1368,Mal
13943,Mal
13943,Mal
13943,Mal
13943,Mal
1733,2EtButMal
1733,2EtButMal
1733,2EtButMal
1733,2EtButMal
4543,MeMal
4543,MeMal
4543,MeMal
4543,MeMal
4396,Butyl
4396,Butyl
4396,Butyl
4396,Butyl
314,OH-ProMal
314,OH-ProMal
314,OH-ProMal
314,OH-ProMal
4543,MeMal
4543,MeMal
4543,MeMal
4543,MeMal
1961,EtMal
1961,EtMal
1961,EtMal
1961,EtMal
13943,Mal
13943,Mal
13943,Mal
13943,Mal
13943,Mal
13943,Mal
13943,Mal
13943,Mal
