notation,description,smiles
C8:2(5.7)-Me(6)-OH(4)-NH2(3)-brPh(8),"3-amino-4-hydroxy-6-methyl-8-(p-bromophenyl)-5,7-octadienoic acid",*C(=O)CC(N)C(O)C=C(C)C=Cc1ccc(Br)cc1
aC11:2(4.6)-Me(2.6)-OH(2.3),"2,3-dihydroxy-2,6,8-trimethyldeca-(4Z,6E)-dienoic acid",*C(=O)C(C)(O)C(O)C=CC(C)=CC(C)CC
C14:2(t4.t6)-OH(2.3),"2,3-dihydroxy-trans4,trans6-tetradecenoic acid",*C(=O)C(O)C(O)C=CC=CCCCCCCC
C8:1(7)-Me(2.2)-OH(3),"2,2-dimethyl-3-hydroxy-7-octenoic acid",*C(=O)C(C)(C)C(O)CCCC=C
iC5:0-OH(2.4),"2,4-dihydroxy-3-methyl-butanoic acid",*C(=O)C(O)C(C)CO
C9:1(4)-Me(2.4.6)-OH(8),"8-hydroxy-2,4,6-trimethyl-4-nonenoic acid",*C(=O)C(C)CC(C)=CC(C)CC(C)O
C12:1(5)-OH(3),3-hydroxy-5-dodecenoic acid,*C(=O)CC(O)CC=CCCCCCC
C16:1(9)-OH(3),3-hydroxy-9-hexadecenoic acid,*C(=O)CC(O)CCCCCC=CCCCCCC
C18:1(9)-OH(3),3-hydroxy-9-octadecenoic acid,*C(=O)CC(O)CCCCCC=CCCCCCCCC
aC13:0-OH(3),3-hydroxy-10-methyl-dodecanoic acid,*C(=O)CC(O)CCCCCCC(C)CC
iC16:0-OH(3),3-hydroxy-14-methyl-pentadecanoic acid,*C(=O)CC(O)CCCCCCCCCCC(C)C
Tig,tiglic acid,*C(=O)/C(C)=C/C
C8:0:1(7)-Me(2)-NH2(3),3-amino-2-methyloct-7-ynoic acid,*C(=O)C(C)C(N)CCCC#C
C8:0:1(7)-Me(2.2)-OH(3),"2,2-dimethyl-3-hydroxy-7-octynoic acid",*C(=O)C(C)(C)C(O)CCCC#C
C8:0:1(7)-Me(2)-OH(3),2-methyl-3-hydroxy-7-octynoic acid,*C(=O)C(C)C(O)CCCC#C
C8:0:1(7)-Me(2),2-methylact-7-ynoic acid,*C(=O)C(C)CCCCC#C
C10:0:1(9)-Me(2.4),"2,4-dimethyl-dec-9-ynoic acid",*C(=O)C(C)CC(C)CCCCC#C
C8:0:1(7),oct-7-ynoic acid,*C(=O)CCCCCC#C
C4:1(3)-OH(2),2-hydroxy-3-butenoic acid,*C(=O)C(O)C=C
C4:0-OH(2.3),"2,3-dihydroxy-butanoic acid",*C(=O)C(O)C(C)O
iC5:0-OH(2.3),"2,3-dihydroxy-3-methyl-butanoic acid",*C(=O)C(O)C(C)(C)O
C6:0-Me(5.5)-oxo(2),"5,5-dimethyl-2-oxo-hexanoic acid",*C(=O)C(=O)CCC(C)(C)C
iC9:2(2.t4),"2,trans4-7-methyl-octenoic acid",*C(=O)/C=C/C=C/CC(C)C
iC8:0-Me(2.4)-OH(3),"2,4,6-trimethyl-3-hydroxy-heptanoic acid",*C(=O)C(C)C(O)C(C)CC(C)C
iC10:2(2.t4),"2,trans4-8-methyl-noneoic acid",*C(=O)/C=C/C=C/CCC(C)C
iC12:2(2.t4),"10-methyl-2,trans4-undecanoic acid",*C(=O)/C=C/C=C/CCCCC(C)C
iC13:1(3),11-methyl-3-dodecenoic acid,*C(=O)C/C=C/CCCCCCC(C)C
iC14:1(3),12-methyl-3-tridecenoic acid,*C(=O)C/C=C/CCCCCCCC(C)C
iC13:0-OH(3),3-hydroxy-11-methyl-dodecanoic acid,*C(=O)CC(O)CCCCCCCC(C)C
iC14:0-OH(3),3-hydroxy-12-methyl-tridecanoic acid,*C(=O)CC(O)CCCCCCCCC(C)C
iC15:0-OH(3),3-hydroxy-13-methyl-tetradecanoic acid,*C(=O)CC(O)CCCCCCCCCC(C)C
iC15:0-NH2(3),3-amino-13-methyl-tetradecanoic acid,*C(=O)CC(N)CCCCCCCCCC(C)C
iC16:0-NH2(3),3-amino-14-methyl-pentadecanoic acid,*C(=O)CC(N)CCCCCCCCCCC(C)C
iC17:0-NH2(3),3-amino-15-methyl-hexadecanoic acid,*C(=O)CC(N)CCCCCCCCCCCC(C)C
C12:3(7.9.11)-Me(6)-OH(2.4.5)-NH2(3)-Ph(12),"3-amino-6-methyl-12-phenyl-2,4,5-trihydroxydodeca-7,9,11-trienoic acid",*C(=O)C(O)C(N)C(O)C(O)C(C)C=CC=CC=Cc1ccccc1
C8:2(5.7)-Me(6)-OH(4)-NH2(3)-Ph(8),"3-amino-4-hydroxy-6-methyl-8-phenyl-5,7-octadienoic acid",*C(=O)CC(N)C(O)C=C(C)C=Cc1ccccc1
C12:3(7.9.11)-Me(6.10)-OH(2.4.5)-NH2(3)-Ph(12),"3-amino-6,10-dimethyl-12-phenyl-2,4,5-trihydroxydodeca-7,9,11-trienoic acid",*C(=O)C(O)C(N)C(O)C(O)C(C)C=CC=C(C)C=Cc1ccccc1
C9:1(8)-Me(2),2-methyl-8-noneic acid,*C(=O)C(C)CCCCCC=C
C4:0-OH(3),3-hydroxybutanoic acid,*C(=O)CC(C)O
iC9:0-OH(3),3-hydroxy-7-methyl-octanoic acid,*C(=O)CC(O)CCCC(C)C
iC7:0,5-methyl-hexanoic acid,*C(=O)CCCC(C)C
C10:0-Me(2.4)-oxo(9),"9-oxo-2,4-dimethyldecanoic acid",*C(=O)C(C)CC(C)CCCCC(C)=O
iC8:0,6-methylheptanoic acid,*C(=O)CCCCC(C)C
iC11:0-OH(3),3-hydroxy-9-methyl-decanoic acid,*C(=O)CC(O)CCCCCC(C)C
iC9:0,7-methyloctanoic acid,*C(=O)CCCCCC(C)C
iC12:0-OH(3),3-hydroxy-10-methyl-undecanoic acid,*C(=O)CC(O)CCCCCCC(C)C
iC10:0,8-methylnonanoic acid,*C(=O)CCCCCCC(C)C
iC11:0,9-methyldecanoic acid,*C(=O)CCCCCCCC(C)C
iC14:0-NH2(3),3-amino-12-methyl-tridecanoic acid,*C(=O)CC(N)CCCCCCCCC(C)C
iC12:0,10-methylundecanoic acid,*C(=O)CCCCCCCCC(C)C
iC13:0,11-methyldodecanoic acid,*C(=O)CCCCCCCCCC(C)C
iC14:0,12-methyl-tridecanoic acid,*C(=O)CCCCCCCCCCC(C)C
iC17:0-OH(3),3-hydroxy-15-methyl-hexadecanoic acid,*C(=O)CC(O)CCCCCCCCCCCC(C)C
C6:0-OH(3.5)-NH2(4),3.5-hydroxy-4-amino-hexadecanoic acid,*C(=O)CC(O)C(N)C(C)O
C9:1(Me4)-Me(2.4.6)-OH(8)-Oxo(5),"5-oxo-8-hydroxy-2,4,6-trimethyl-4-nonaneic acid",*C(=O)C(C)CC(=C)C(=O)C(C)CC(C)O
aC6:0-OH(2.3),"2,3-dihydroxy-3-methylpentanoic acid",*C(=O)C(O)C(C)(O)CC
aC9:0-OH(3),3-hydroxy-6-methyloctanoic acid,*C(=O)CC(O)CCC(C)CC
aC9:0-OH(2)-NH2(3),alpha-hydroxy-6-methyl-3-aminooctanoic acid,*C(=O)C(O)C(N)CCC(C)CC
aC13:2(2.t4),"10-methyl-2,trans4-dodecenoic acid",*C(=O)/C=C/C=C/CCCCC(C)CC
aC13:1(3),10-methyl-3-dodecenoic acid,*C(=O)C/C=C/CCCCCC(C)CC
aC15:1(3),12-methyl-3-tetradecenoic acid,*C(=O)C/C=C/CCCCCCCC(C)CC
aC15:0-NH2(3),3-amino-12-methyl-tetradecanoic acid,*C(=O)CC(N)CCCCCCCCC(C)CC
aC15:0-OH(3),3-hydroxy-12-methyl-tetradecanoic acid,*C(=O)CC(O)CCCCCCCCC(C)CC
aC17:0-NH2(3),3-amino-14-methyl-hexadecanoic acid,*C(=O)CC(N)CCCCCCCCCCC(C)CC
aC17:0-OH(3),3-hydroxy-14-methyl-hexadecanoic acid,*C(=O)CC(O)CCCCCCCCCCC(C)CC
C4:0-Me(2),2-methyl-butanoic acid,*C(=O)C(C)CC
aC9:0,6-methyloctanoic acid,*C(=O)CCCCC(C)CC
aC10:0,7-methylnonanoic acid,*C(=O)CCCCCC(C)CC
aC11:0,8-methyldecanoic acid,*C(=O)CCCCCCC(C)CC
aC13:0,10-methyldodecanoic acid,*C(=O)CCCCCCCCC(C)CC
aC15:0,12-methyltetradecanoic acid,*C(=O)CCCCCCCCCCC(C)CC
C5:0-NH2(3),3-amino-pentanoic acid,*C(=O)CC(N)CC
C8:2(2.t4),"2,trans4-octenoic acid",*C(=O)/C=C/C=C/CCC
C6:0-OH(3),3-hydroxy-hexanoic acid,*C(=O)CC(O)CCC
C6:0-Me(2)-NH2(3),2-methyl-3-aminohexadecanoic acid,*C(=O)C(C)C(N)CCC
C6:0-Me(2.2)-OH(3),"2,2-dimethyl-3-hydroxyhexanoic acid",*C(=O)C(C)(C)C(O)CCC
C6:0-OMe(3),3-methoxy-hexanoic acid,*C(=O)CC(CCC)OC
C4:0,butanoic acid,*C(=O)CCC
C6:0-Ep(2),2-epoxy-hexanoic acid,*C(=O)C1OC1CCC
C8:0-Me(4)-OH(3),4-methyl-3-hydroxy-octanoic acid,*C(=O)CC(O)C(C)CCCC
C7:0-OH(3),3-hydroxy-heptanoic acid,*C(=O)CC(O)CCCC
C7:0-Me(2)-OH(3),3-hydroxy-2-methyl-heptanoic acid,*C(=O)C(C)C(O)CCCC
C8:0-OH(3),3-hydroxy-octanoic acid,*C(=O)CC(O)CCCCC
C11:2(t2.t8)-Me(2.6.8)-OH(5.7),"2,6,8-trimethyl-5,7-dihydroxy-trans2,trans8-undecenoic acid",*C(=O)CC(O)CCCCC
C8:0-Me(2.2)-OH(3),"2,2-dimethyl-3-hydroxy-octanoic acid",*C(=O)C(C)(C)C(O)CCCCC
C12:1(5),2-methyl-5-dodecenoic acid,*C(=O)CCC/C=C/CCCCCC
C14:1(7),7-tetradecenoic acid,*C(=O)CCCCC/C=C/CCCCCC
C16:1(9),9-hexadecenoic acid,*C(=O)CCCCCCC/C=C/CCCCCC
C6:0,hexanoic acid,*C(=O)CCCCC
C10:0-Me(4)-OH(3),3-hydroxy-4-methyl-decanoic acid,*C(=O)CC(O)C(C)CCCCCC
C9:0-OH(3),3-hydroxy-nonanoic acid,*C(=O)CC(O)CCCCCC
C9:0-Me(2)-OH(3),3-hydroxy-2-methyl-nonanoic acid,*C(=O)C(C)C(O)CCCCCC
C13:2(t4.t6)-OH(2.3),"2,3-dihydroxy-trans4,trans6-tridecenoic acid",*C(=O)C(O)C(O)C=CC=CCCCCCC
C7:0,heptanoic acid,*C(=O)CCCCCC
C10:0-OH(3),3-hydroxy-decanoic acid,*C(=O)CC(O)CCCCCCC
C10:0-Me(2)-OH(3),3-hydroxy-2-methyl-decanoic acid,*C(=O)C(C)C(O)CCCCCCC
C15:2(t4.t6)-OH(2.3),"2,3-dihydroxy-trans4,trans6-pentadecenoic acid",*C(=O)C(O)C(O)/C=C/C=C/CCCCCCCC
C16:1(7),7-hexadecenoic acid,*C(=O)CCCCC/C=C/CCCCCCCC
C18:1(9),9-octadecenoic acid,*C(=O)CCCCCCC/C=C/CCCCCCCC
C8:0,octanoic acid,*C(=O)CCCCCCC
C11:0-Me(2)-OH(3),3-hydroxy-2-methyl-undecanoic acid,*C(=O)C(C)C(O)CCCCCCCC
C11:0-OH(3),3-hydroxy-undecanoic acid,*C(=O)CC(O)CCCCCCCC
C9:0,nonanoic acid,*C(=O)CCCCCCCC
C12:0-OH(3),3-hydroxy-dodecanoic acid,*C(=O)CC(O)CCCCCCCCC
C10:0,decanoic acid,*C(=O)CCCCCCCCC
C13:0-NH2(3),3-amino-tridecanoic acid,*C(=O)CC(N)CCCCCCCCCC
C14:0-OH(3.4),"3,4-dihydroxy-tetradecanoic acid",*C(=O)CC(O)C(O)CCCCCCCCCC
C13:0-OH(3),3-hydroxy-tridecanoic acid,*C(=O)CC(O)CCCCCCCCCC
C14:0-OH(3),3-hydroxy-tetradecanoic acid,*C(=O)CC(O)CCCCCCCCCCC
C14:0-NH2(3),3-amino-tetradecanoic acid,*C(=O)CC(N)CCCCCCCCCCC
C12:0,dodecanoic acid,*C(=O)CCCCCCCCCCC
C16:0-OH(3.4),"3,4-dihydroxy-hexadecanoic acid",*C(=O)CC(O)C(O)CCCCCCCCCCCC
C15:0-OH(3),3-hydroxy-pentadecanoic acid,*C(=O)CC(O)CCCCCCCCCCCC
C15:0-NH2(3),3-amino-pentadecanoic acid,*C(=O)CC(N)CCCCCCCCCCCC
C16:0-OH(3),3-hydroxy-hexadecanoic acid,*C(=O)CC(O)CCCCCCCCCCCCC
C16:0-NH2(3),3-amino-hexadecanoic acid,*C(=O)CC(N)CCCCCCCCCCCCC
C14:0,tetradecanoic acid,*C(=O)CCCCCCCCCCCCC
C16:0,hexadecanoic acid,*C(=O)CCCCCCCCCCCCCCC
C10:2(7.9)-OH(2.4.5)-NH2(3)-ePh(10),"3-amino-10-(p-ethoxyphenyl)-2,4,5-trihydroxydeca-7,9-dienoic acid",*C(=O)C(O)C(N)C(O)C(O)CC=CC=Cc1ccc(OCC)cc1
C4:0-OH(2.3)-Cl(4),"2,3-dihydroxy-4-chloro-butanoic acid",*C(=O)C(O)C(O)CCl
C12:1(11)-Me(6)-OH(2.4.5)-NH2(3)-mPhe(11),"3-amino-6-methyl-12-(p-methoxyphenyl)-2,4,5-trihydroxydodec-11-enoic acid",*C(=O)C(O)C(N)C(O)C(O)C(C)CCCCC=Cc1ccc(OC)cc1
C10:0-OH(9)-NH2(2)-oxo(8),9-hydroxy-2-amino-8-oxo-decanoic acid,*C(=O)C(N)CCCCCC(=O)C(C)O
C10:0-NH2(2)-oxo(8),2-amino-8-oxo-decanoic acid,*C(=O)C(N)CCCCCC(=O)CC
C10:0-OH(8)-NH2(2),8-hydroxy-2-amino-decanoic acid,*C(=O)C(N)CCCCCC(O)CC
C10:0-OH(9)-NH2(2),9-hydroxy-2-amino-decanoic acid,*C(=O)C(N)CCCCCCC(C)O
C10:0-NH2(2)-Ep(9)-oxo(8),"2-amino-9,10-epoxi-8-oxodecanoic acid",*C(=O)C(N)CCCCCC(=O)C1CO1
C10:0-Me(2.2.4)-OH(3.7),"3-hydroxy-2,2,4-trimethyl-7-hydroxydecanoic acid",*C(=O)C(C)(C)C(O)C(C)CCC(O)CCC
C10:0-Me(2.2.4)-OH(3)-OMe(7),"3-hydroxy-2,2,4-trimethyl-7-methoxydecanoic acid",*C(=O)C(C)(C)C(O)C(C)CCC(CCC)OC
C4:0-OH(2.3.4),"2,3,4-trihydroxy-butanoic acid",*C(=O)C(O)C(O)CO
C4:0-OH(2)-Ep(3),2-hydroxy-3-epoxy-butanoic acid,*C(=O)C(O)C1CO1
C8:1(7)-OH(2.4.5)-NH2(3)-Ph(8),3-amino-8-phenyl-2.4.5-trihydroxyoct-7-enoic acid,*C(=O)C(O)C(N)C(O)C(O)CC=Cc1ccccc1
iC5:0-OH(2)-CA(4),2-hydroxy-3-methyl-butanedioic acid,*C(=O)C(O)C(C)C(=O)O
Mycobacterium_avium_glycopeptidolipid_fattyacidtail,Mycobacterium_avium_glycopeptidolipid_fattyacidtail,*C(=O)CC(O)CCCCCCCCCCCCCCCCCCCCCCCCCCCCC
macarfusin_tailoring_pk,macarfusin_tailoring_pk,*C(=O)CC(CC(=O)O)C(=O)O
phormidolide_fattyacidtail,phormidolide_fattyacidtail,*C(=O)CCCCCCCCCCCCCCC
cid_5322010,triacontanedioic acid,*C(=O)CCCCCCCCCCCCCCCCCCCCCCCCCCCCC(=O)O
cid_5283070,"7-[(1R,2R,3R,5R)-3,5-dihydroxy-2-[(E,3S)-3-hydroxyoct-1-enyl]cyclopentyl]heptanoic acid",*C(=O)CCCCCCC1C(O)CC(O)C1C=CC(O)CCCCC
cid_134653,4-hydroxynonanoic acid,*C(=O)CCC(O)CCCCC
cid_6122992,(E)-octadec-9-en-12-ynoic acid,*C(=O)CCCCCCCC=CCC#CCCCCC
cid_5281024,(Z)-octadec-9-en-12-ynoic acid,*C(=O)CCCCCCCC=CCC#CCCCCC
cid_5280398,"(E)-4,6-dioxooct-2-enedioic acid",*C(=O)CC(=O)CC(=O)C=CC(=O)O
cid_439684,3-oxopentanoic acid,*C(=O)CC(=O)CC
cid_11087559,2-chlorohexadecanoic acid,*C(=O)C(Cl)CCCCCCCCCCCCCC
cid_5312503,"(9Z,12E,15Z)-octadeca-9,12,15-trienoic acid",*C(=O)CCCCCCCC=CCC=CCC=CCC
cid_9858729,"(E,9S,12S,13S)-9,12,13-trihydroxyoctadec-10-enoic acid",*C(=O)CCCCCCCC(O)C=CC(O)C(O)CCCCC
cid_175468,12-bromododecanoic acid,*C(=O)CCCCCCCCCCCBr
cid_193373,"2,6-dimethyloctanedioic acid",*C(=O)C(C)CCCC(C)CC(=O)O
cid_161273,"7-[(1R,2R,3R)-3-hydroxy-2-[(3S)-3-hydroxyoctyl]-5-oxocyclopentyl]heptanoic acid",*C(=O)CCCCCCC1C(=O)CC(O)C1CCC(O)CCCCC
cid_16061126,"(5Z,8Z,11Z,14Z,16E,18R)-18-hydroxyicosa-5,8,11,14,16-pentaenoic acid",*C(=O)CCCC=CCC=CCC=CCC=CC=CC(O)CC
cid_52922085,"2-[(1R,2S)-3-oxo-2-[(Z)-5-[(2R,6R)-3,4,5-trihydroxy-6-(hydroxymethyl)oxan-2-yl]oxypent-2-enyl]cyclopentyl]acetic acid",*C(=O)CC1CCC(=O)C1CC=CCCOC1OC(CO)C(O)C(O)C1O
cid_6439582,"(2E,4E,6E,8E,10E,12E)-tetracosa-2,4,6,8,10,12-hexaenoic acid",*C(=O)C=CC=CC=CC=CC=CC=CCCCCCCCCCCC
cid_5460107,"(5Z)-5-[(3aR,4R,5R,6aS)-5-hydroxy-4-[(E)-3-oxooct-1-enyl]-3,3a,4,5,6,6a-hexahydrocyclopenta[b]furan-2-ylidene]pentanoic acid",*C(=O)CCCC=C1CC2C(CC(O)C2C=CC(=O)CCCCC)O1
cid_5497123,"(9Z,11E,13S,15Z)-13-hydroperoxyoctadeca-9,11,15-trienoic acid",*C(=O)CCCCCCCC=CC=CC(CC=CCC)OO
cid_656761,"10-[(1R,2S)-2-hexylcyclopropyl]decanoic acid",*C(=O)CCCCCCCCCC1CC1CCCCCC
cid_5312293,11-methylhexadecanoic acid,*C(=O)CCCCCCCCCC(C)CCCCC
cid_389,"2,5-diaminopentanoic acid",*C(=O)C(N)CCCN
cid_80283,(2S)-2-aminobutanoic acid,*C(=O)C(N)CC
cid_5280506,"(Z)-7-[(1R,2R,3R,5R)-3,5-dihydroxy-2-[(E,3S)-3-hydroxyoct-1-enyl]cyclopentyl]hept-5-enoic acid",*C(=O)CCCC=CCC1C(O)CC(O)C1C=CC(O)CCCCC
cid_5282819,"(8E,10E,12E)-octadeca-8,10,12-trienoic acid",*C(=O)CCCCCCC=CC=CC=CCCCCC
cid_69362,3-hydroxy-3-methylbutanoic acid,*C(=O)CC(C)(C)O
cid_5280497,"(Z)-7-[(1S,3R,4S,5S)-3-[(E,3S)-3-hydroxyoct-1-enyl]-2,6-dioxabicyclo[3.1.1]heptan-4-yl]hept-5-enoic acid",*C(=O)CCCC=CCC1C(C=CC(O)CCCCC)OC2CC1O2
cid_6915,2-ethylbutanoic acid,*C(=O)C(CC)CC
cid_5280893,"(5Z,8Z,11Z,13E,15S)-15-hydroperoxyicosa-5,8,11,13-tetraenoic acid",*C(=O)CCCC=CCC=CCC=CC=CC(CCCCC)OO
cid_44566926,"(6Z,9Z)-10-[(1R,2S,3R,5S)-3-[(1S)-1-chloropropyl]-6-oxabicyclo[3.1.0]hexan-2-yl]deca-6,9-dienoic acid",*C(=O)CCCCC=CCC=CC1C(C(Cl)CC)CC2OC21
cid_5312541,"(5E,11E,14E,17E)-icosa-5,11,14,17-tetraenoic acid",*C(=O)CCCC=CCCCCC=CCC=CCC=CCC
cid_5283162,"(5Z,8Z,10E,14Z)-12-oxoicosa-5,8,10,14-tetraenoic acid",*C(=O)CCCC=CCC=CC=CC(=O)CC=CCCCCC
cid_35024530,"(Z)-5-[(2R,3S,4S)-4-hydroxy-2-[(E,3S)-3-hydroxyoct-1-enyl]-6-oxooxan-3-yl]pent-3-enoic acid",*C(=O)CC=CCC1C(O)CC(=O)OC1C=CC(O)CCCCC
cid_5282738,(E)-tetradec-2-enoic acid,*C(=O)C=CCCCCCCCCCCC
cid_5283146,"(5Z,8Z,14Z)-11,12-dihydroxyicosa-5,8,14-trienoic acid",*C(=O)CCCC=CCC=CCC(O)C(O)CC=CCCCCC
cid_970,2-oxobutanedioic acid,*C(=O)CC(=O)C(=O)O
cid_445641,"(E,12R)-12-hydroxyoctadec-9-enoic acid",*C(=O)CCCCCCCC=CCC(O)CCCCCC
cid_10920498,"(3S)-3,4-dihydroxybutanoic acid",*C(=O)CC(O)CO
cid_14993928,(2S)-2-(hexadecanoylamino)-4-methylpentanoic acid,*C(=O)C(CC(C)C)NC(=O)CCCCCCCCCCCCCCC
cid_6449839,"(5S,6Z,8E,10E,12R,14Z)-5,12-dihydroxy-20-oxoicosa-6,8,10,14-tetraenoic acid",*C(=O)CCCC(O)C=CC=CC=CC(O)CC=CCCCCC=O
cid_5192,decanedioic acid,*C(=O)CCCCCCCCC(=O)O
cid_5280878,"(5S,6R,7E,9E,11Z,14Z)-6-[(2R)-2-amino-3-(carboxymethylamino)-3-oxopropyl]sulfanyl-5-hydroxyicosa-7,9,11,14-tetraenoic acid",*C(=O)CCCC(O)C(C=CC=CC=CCC=CCCCCC)SCC(N)C(=O)NCC(=O)O
cid_107802,3-hydroxypentanoic acid,*C(=O)CC(O)CC
cid_5312982,"(5E,8Z,12Z,14Z)-11-hydroxyicosa-5,8,12,14-tetraenoic acid",*C(=O)CCCC=CCC=CCC(O)C=CC=CCCCCC
cid_5282945,"(10E,12E)-9-hydroxyoctadeca-10,12-dienoic acid",*C(=O)CCCCCCCC(O)C=CC=CCCCCC
cid_3047764,"2,6,10-trimethylundecanoic acid",*C(=O)C(C)CCCC(C)CCCC(C)C
cid_9966640,"(Z)-9,10-dihydroxyoctadec-12-enoic acid",*C(=O)CCCCCCCC(O)C(O)CC=CCCCCC
cid_24836820,(E)-10-nitrooctadec-9-enoic acid,*C(=O)CCCCCCCC=C(CCCCCCCC)[N+](=O)[O-]
cid_5312635,hex-3-ynoic acid,*C(=O)CC#CCC
cid_5462303,(2S)-2-methyl-3-oxopropanoic acid,*C(=O)C(C)C=O
cid_6710112,(2S)-2-(hexadecanoylamino)-3-(4-hydroxyphenyl)propanoic acid,*C(=O)C(Cc1ccc(O)cc1)NC(=O)CCCCCCCCCCCCCCC
cid_5280724,"(5Z,8Z,11Z,13E,15S)-15-hydroxyicosa-5,8,11,13-tetraenoic acid",*C(=O)CCCC=CCC=CCC=CC=CC(O)CCCCC
cid_13159262,3-methylideneheptanoic acid,*C(=O)CC(=C)CCCC
cid_6443013,"(9Z,11E,13S)-13-hydroxyoctadeca-9,11-dienoic acid",*C(=O)CCCCCCCC=CC=CC(O)CCCCC
cid_392323,"2-hydroxy-2,3-dimethylbutanedioic acid",*C(=O)C(C)C(C)(O)C(=O)O
cid_5282263,"(Z)-7-[(1S,2R,3R,5S)-3,5-dihydroxy-2-[(E,3S)-3-hydroxyoct-1-enyl]cyclopentyl]hept-5-enoic acid",*C(=O)CCCC=CCC1C(O)CC(O)C1C=CC(O)CCCCC
cid_5282848,"(4E,7E,10E,13E,16E)-docosa-4,7,10,13,16-pentaenoic acid",*C(=O)CCC=CCC=CCC=CCC=CCC=CCCCCC
cid_56935801,"3,5-dimethyldodecanoic acid",*C(=O)CC(C)CC(C)CCCCCCC
cid_5280881,"(Z)-7-[2-[(E,3S)-3-hydroxyoct-1-enyl]-5-oxocyclopenten-1-yl]hept-5-enoic acid",*C(=O)CCCC=CCC1=C(C=CC(O)CCCCC)CCC1=O
cid_5283159,"(6E,8Z,11Z,14Z)-5-oxoicosa-6,8,11,14-tetraenoic acid",*C(=O)CCCC(=O)C=CC=CCC=CCC=CCCCCC
cid_543854,pentadec-14-enoic acid,*C(=O)CCCCCCCCCCCCC=C
cid_5283158,"(5S,6E,8Z,11Z,13E,15S)-5,15-dihydroxyicosa-6,8,11,13-tetraenoic acid",*C(=O)CCCC(O)C=CC=CCC=CC=CC(O)CCCCC
cid_40490656,"(Z)-7-[(2S,3R)-3-[(2Z,5Z)-undeca-2,5-dienyl]oxiran-2-yl]hept-5-enoic acid",*C(=O)CCCC=CCC1OC1CC=CCC=CCCCCC
cid_5282729,(E)-dodec-2-enoic acid,*C(=O)C=CCCCCCCCCC
cid_143696,3-methyldecanoic acid,*C(=O)CC(C)CCCCCCC
cid_5280915,"(5S,6E,8Z,10E,12E,14R,15S)-5,14,15-trihydroxyicosa-6,8,10,12-tetraenoic acid",*C(=O)CCCC(O)C=CC=CC=CC=CC(O)C(O)CCCCC
cid_5280886,"(Z)-7-[(1R,2R,3S,5S)-3,5-dihydroxy-2-[(E,3S)-3-hydroxyoct-1-enyl]cyclopentyl]hept-5-enoic acid",*C(=O)CCCC=CCC1C(O)CC(O)C1C=CC(O)CCCCC
cid_11684,"2,2-dimethylbutanoic acid",*C(=O)C(C)(C)CC
cid_161468,"8-[(1R,2R,5R)-2-(2-carboxyethyl)-5-hydroxy-3-oxocyclopentyl]-6-oxooctanoic acid",*C(=O)CCC1C(=O)CC(O)C1CCC(=O)CCCCC(=O)O
cid_11756,2-ethylpropanedioic acid,*C(=O)C(CC)C(=O)O
cid_5280891,"(Z)-7-[(2R,3S,4S)-4-hydroxy-2-[(E,3S)-3-hydroxyoct-1-enyl]-6-oxooxan-3-yl]hept-5-enoic acid",*C(=O)CCCC=CCC1C(O)CC(=O)OC1C=CC(O)CCCCC
cid_9543674,(Z)-octadec-9-enedioic acid,*C(=O)CCCCCCCC=CCCCCCCCC(=O)O
cid_5312975,"(5E,9Z,11Z,14Z)-8-hydroxyicosa-5,9,11,14-tetraenoic acid",*C(=O)CCCC=CCC(O)C=CC=CCC=CCCCCC
cid_470,"2,4-diaminobutanoic acid",*C(=O)C(N)CCN
cid_5312633,hexadec-7-ynoic acid,*C(=O)CCCCCC#CCCCCCCCC
cid_82145,2-bromohexadecanoic acid,*C(=O)C(Br)CCCCCCCCCCCCCC
cid_4488499,6-hydroxy-3-prop-1-en-2-ylheptanoic acid,*C(=O)CC(CCC(C)O)C(=C)C
cid_85548,5-oxooctadecanoic acid,*C(=O)CCCC(=O)CCCCCCCCCCCCC
cid_11686,"2,2-dimethylpropanedioic acid",*C(=O)C(C)(C)C(=O)O
cid_441449,"10,16-dihydroxyhexadecanoic acid",*C(=O)CCCCCCCCC(O)CCCCCCO
cid_564,6-aminohexanoic acid,*C(=O)CCCCCN
cid_62089,4-methyloctanoic acid,*C(=O)CCC(C)CCCC
cid_6439873,"(9S,10E,12Z,15Z)-9-hydroxyoctadeca-10,12,15-trienoic acid",*C(=O)CCCCCCCC(O)C=CC=CCC=CCC
cid_6442778,"(5Z,8Z,11Z,14Z)-18-hydroxyicosa-5,8,11,14-tetraenoic acid",*C(=O)CCCC=CCC=CCC=CCC=CCCC(O)CC
cid_7755,3-methylpentanoic acid,*C(=O)CC(C)CC
cid_77199,2-ethyl-2-hydroxybutanoic acid,*C(=O)C(O)(CC)CC
cid_128859,3-oxooctanoic acid,*C(=O)CC(=O)CCCCC
cid_9543611,"(4E,7E,13E)-hexadeca-4,7,13-trienoic acid",*C(=O)CCC=CCC=CCCCCC=CCC
cid_9543590,"(9E,17E)-18-bromooctadeca-9,17-dien-7,15-diynoic acid",*C(=O)CCCCCC#CC=CCCCCC#CC=CBr
cid_5282807,"(13E,16E)-docosa-13,16-dienoic acid",*C(=O)CCCCCCCCCCCC=CCC=CCCCCC
cid_1551553,(E)-3-methylpent-2-enedioic acid,*C(=O)C=C(C)CC(=O)O
cid_16061176,"3-[2-[3-[[(2R)-4-[[[(2R,3R,5R)-5-(6-aminopurin-9-yl)-4-hydroxy-3-phosphonooxyoxolan-2-yl]methoxy-hydroxyphosphoryl]oxy-hydroxyphosphoryl]oxy-2-hydroxy-3,3-dimethylbutanoyl]amino]propanoylamino]ethylsulfanyl]-3-oxopropanoic acid",*C(=O)CC(=O)SCCNC(=O)CCNC(=O)C(O)C(C)(C)COP(=O)(O)OP(=O)(O)OCC1OC(n2cnc3c(N)ncnc32)C(O)C1OP(=O)(O)O
cid_151503,"4,8,12-trimethyltridecanoic acid",*C(=O)CCC(C)CCCC(C)CCCC(C)C
cid_5312457,"(2E,4E)-octadeca-2,4-dienoic acid",*C(=O)C=CC=CCCCCCCCCCCCCC
cid_10790,"9,10,16-trihydroxyhexadecanoic acid",*C(=O)CCCCCCCC(O)C(O)CCCCCCO
cid_5282944,"(10E,12Z)-9-hydroxyoctadeca-10,12-dienoic acid",*C(=O)CCCCCCCC(O)C=CC=CCCCCC
cid_1032,propanoic acid,*C(=O)CC
cid_7789,12-hydroxyoctadecanoic acid,*C(=O)CCCCCCCCCCC(O)CCCCCC
cid_5280876,"(5S,6Z,8E,10E,14Z)-5-hydroxy-12-oxoicosa-6,8,10,14-tetraenoic acid",*C(=O)CCCC(O)C=CC=CC=CC(=O)CC=CCCCCC
cid_300,2-chloroacetic acid,*C(=O)CCl
cid_44567153,"(5Z,9Z)-heptacosa-5,9-dienoic acid",*C(=O)CCCC=CCCC=CCCCCCCCCCCCCCCCCC
cid_193484,2-hydroxydocosanoic acid,*C(=O)C(O)CCCCCCCCCCCCCCCCCCCC
cid_643684,"(Z,12R)-12-hydroxyoctadec-9-enoic acid",*C(=O)CCCCCCCC=CCC(O)CCCCCC
cid_56927872,"3,16-dihydroxyhexadecanoic acid",*C(=O)CC(O)CCCCCCCCCCCCCO
cid_53481622,(3S)-3-(4-carboxybutanoyloxy)-4-(trimethylazaniumyl)butanoate,*C(=O)CCCC(=O)OC(CC(=O)[O-])C[N+](C)(C)C
cid_165284,"7-[(1R,2R,3R)-3-hydroxy-5-oxo-2-(3-oxooctyl)cyclopentyl]heptanoic acid",*C(=O)CCCCCCC1C(=O)CC(O)C1CCC(=O)CCCCC
cid_11203400,"(9Z,11R,12Z,15Z)-11-hexadecanoyloxyoctadeca-9,12,15-trienoic acid",*C(=O)CCCCCCCC=CC(C=CCC=CCC)OC(=O)CCCCCCCCCCCCCCC
cid_5282750,(E)-octadec-2-enoic acid,*C(=O)C=CCCCCCCCCCCCCCCC
cid_5282914,17-hydroxyoctadecanoic acid,*C(=O)CCCCCCCCCCCCCCCC(C)O
cid_52921882,"(5Z,8Z,10E,12E,14R,15S)-14-[(2R)-2-amino-2-carboxyethyl]sulfanyl-15-hydroxyicosa-5,8,10,12-tetraenoic acid",*C(=O)CCCC=CCC=CC=CC=CC(SCC(N)C(=O)O)C(O)CCCCC
cid_11976122,"(5Z,9E,11Z,14Z)-8-hydroxyicosa-5,9,11,14-tetraenoic acid",*C(=O)CCCC=CCC(O)C=CC=CCC=CCCCCC
cid_9543603,"icosa-4,8,11,14-tetraynoic acid",*C(=O)CCC#CCCC#CCC#CCC#CCCCCC
cid_9841438,"(5S,6R,7E,9E,11Z,13E,15R)-5,6,15-trihydroxyicosa-7,9,11,13-tetraenoic acid",*C(=O)CCCC(O)C(O)C=CC=CC=CC=CC(O)CCCCC
cid_5283201,"(5Z,8Z,11Z)-13-[(2R,3S)-3-pentyloxiran-2-yl]trideca-5,8,11-trienoic acid",*C(=O)CCCC=CCC=CCC=CCC1OC1CCCCC
cid_69661,12-aminododecanoic acid,*C(=O)CCCCCCCCCCCN
cid_161955,(2S)-2-(hexadecanoylamino)pentanedioic acid,*C(=O)C(CCC(=O)O)NC(=O)CCCCCCCCCCCCCCC
cid_443528,4-methyl-3-methylidenepentanoic acid,*C(=O)CC(=C)C(C)C
cid_5312348,"2,4,6,8-tetramethyldecanoic acid",*C(=O)C(C)CC(C)CC(C)CC(C)CC
cid_5312417,(Z)-hexadec-2-enoic acid,*C(=O)C=CCCCCCCCCCCCCC
cid_5282948,"(9E,11E)-13-hydroxyoctadeca-9,11-dienoic acid",*C(=O)CCCCCCCC=CC=CC(O)CCCCC
cid_5312694,octadec-5-ynoic acid,*C(=O)CCCC#CCCCCCCCCCCCC
cid_14345320,"8-[(1R,2S)-2-hexylcyclopropyl]octanoic acid",*C(=O)CCCCCCCC1CC1CCCCCC
cid_13963867,"11-(3,4-dimethyl-5-pentylfuran-2-yl)undecanoic acid",*C(=O)CCCCCCCCCCc1oc(CCCCC)c(C)c1C
cid_96204,dodec-2-enoic acid,*C(=O)C=CCCCCCCCCC
cid_5283137,"(Z)-7-[(2R,3S,4S)-4,6-dihydroxy-2-[(E,3S)-3-hydroxyoct-1-enyl]oxan-3-yl]hept-5-enoic acid",*C(=O)CCCC=CCC1C(O)CC(O)OC1C=CC(O)CCCCC
cid_5282977,2-oxoheptanoic acid,*C(=O)C(=O)CCCCC
cid_32912,2-hexyldecanoic acid,*C(=O)C(CCCCCC)CCCCCCCC
cid_853180,(2S)-2-hydroxy-3-methylbutanoic acid,*C(=O)C(O)C(C)C
cid_167627,7-hydroxyoctanoic acid,*C(=O)CCCCCC(C)O
cid_86827,"9,10-dibromooctadecanoic acid",*C(=O)CCCCCCCC(Br)C(Br)CCCCCCCC
cid_5280879,"(5S,6R,7E,9E,11Z,14Z)-6-[(2R)-2-amino-2-carboxyethyl]sulfanyl-5-hydroxyicosa-7,9,11,14-tetraenoic acid",*C(=O)CCCC(O)C(C=CC=CC=CCC=CCCCCC)SCC(N)C(=O)O
cid_440877,(3R)-3-methyl-2-oxopentanoic acid,*C(=O)C(=O)C(C)CC
cid_543855,tricos-22-enoic acid,*C(=O)CCCCCCCCCCCCCCCCCCCCC=C
cid_74611,non-2-ynoic acid,*C(=O)C#CCCCCCC
cid_439658,3-oxohexanoic acid,*C(=O)CC(=O)CCC
cid_6443974,"(5Z,9Z)-23-methylpentacosa-5,9-dienoic acid",*C(=O)CCCC=CCCC=CCCCCCCCCCCCCC(C)CC
cid_439681,"(2R,3S)-2-hydroxybutane-1,2,3-tricarboxylic acid",*C(=O)C(C)C(O)(CC(=O)O)C(=O)O
cid_5283216,"(Z)-7-[(1S,2R,3R,5R)-3,5-dihydroxy-2-[(E,3S)-3-hydroxyoct-1-enyl]cyclopentyl]hept-5-enoic acid",*C(=O)CCCC=CCC1C(O)CC(O)C1C=CC(O)CCCCC
cid_10458,tridecanedioic acid,*C(=O)CCCCCCCCCCCC(=O)O
cid_5281912,"7-[(1R,2S)-2-[(E,3S)-3-hydroxyoct-1-enyl]-5-oxocyclopent-3-en-1-yl]heptanoic acid",*C(=O)CCCCCCC1C(=O)C=CC1C=CC(O)CCCCC
cid_5283036,"(Z)-7-[(1R,2R,5S)-5-hydroxy-3-oxo-2-(3-oxooctyl)cyclopentyl]hept-5-enoic acid",*C(=O)CCCC=CCC1C(O)CC(=O)C1CCC(=O)CCCCC
cid_5280914,"(5S,6R,7E,9E,11Z,13E,15S)-5,6,15-trihydroxyicosa-7,9,11,13-tetraenoic acid",*C(=O)CCCC(O)C(O)C=CC=CC=CC=CC(O)CCCCC
cid_52922086,"16-[(2R,4R,5S)-6-(acetyloxymethyl)-5-[(2S,4S,5S)-4,5-dihydroxy-3-(3-hydroxyhexanoyloxy)-6-(hydroxymethyl)oxan-2-yl]oxy-3,4-dihydroxyoxan-2-yl]oxy-2,15-dihydroxyhexadecanoic acid",*C(=O)C(O)CCCCCCCCCCCCC(O)COC1OC(COC(C)=O)C(OC2OC(CO)C(O)C(O)C2OC(=O)CC(O)CCC)C(O)C1O
cid_22,2-hydroxy-2-methyl-3-oxobutanoic acid,*C(=O)C(C)(O)C(C)=O
cid_5282648,4-methylpent-4-enoic acid,*C(=O)CCC(=C)C
cid_307923,2-aminodecanoic acid,*C(=O)C(N)CCCCCCCC
cid_5282817,"(8Z,10E,12Z)-octadeca-8,10,12-trienoic acid",*C(=O)CCCCCCC=CC=CC=CCCCCC
cid_99723,2-methyltetradecanoic acid,*C(=O)C(C)CCCCCCCCCCCC
cid_6590,2-methylpropanoic acid,*C(=O)C(C)C
cid_5283034,"(Z)-7-[(1R,2R,3R)-2-[(E,3S)-3,8-dihydroxyoct-1-enyl]-3-hydroxy-5-oxocyclopentyl]hept-5-enoic acid",*C(=O)CCCC=CCC1C(=O)CC(O)C1C=CC(O)CCCCCO
cid_5283080,"(Z)-7-[(1R,2R,3R,5S)-3,5-dihydroxy-2-[(3S)-3-hydroxyoctyl]cyclopentyl]hept-5-enoic acid",*C(=O)CCCC=CCC1C(O)CC(O)C1CCC(O)CCCCC
cid_5275520,"(2E)-3,7-dimethylocta-2,6-dienoic acid",*C(=O)C=C(C)CCC=C(C)C
cid_5283155,"(5Z,8Z,10E,12S,14Z)-12-hydroxyicosa-5,8,10,14-tetraenoic acid",*C(=O)CCCC=CCC=CC=CC(O)CC=CCCCCC
cid_6119,2-amino-2-methylpropanoic acid,*C(=O)C(C)(C)N
cid_53481471,"(5Z,8Z,11Z,14Z)-13-hydroxyicosa-5,8,11,14-tetraenoic acid",*C(=O)CCCC=CCC=CCC=CC(O)C=CCCCCC
cid_5312554,"(13Z,16Z)-docosa-13,16-dienoic acid",*C(=O)CCCCCCCCCCCC=CCC=CCCCCC
cid_66085,8-aminooctanoic acid,*C(=O)CCCCCCCN
cid_125639,"3,12-dihydroxyhexadecanoic acid",*C(=O)CC(O)CCCCCCCCC(O)CCCC
cid_119221,"9,10-dichlorooctadecanoic acid",*C(=O)CCCCCCCC(Cl)C(Cl)CCCCCCCC
cid_5283038,"(Z)-7-[(1R,2R,3R)-2-[(E,3S,7R)-3,7-dihydroxyoct-1-enyl]-3-hydroxy-5-oxocyclopentyl]hept-5-enoic acid",*C(=O)CCCC=CCC1C(=O)CC(O)C1C=CC(O)CCCC(C)O
cid_5282943,(E)-12-hydroxyoctadec-9-enoic acid,*C(=O)CCCCCCCC=CCC(O)CCCCCC
cid_811,2-methylidenebutanedioic acid,*C(=O)C(=C)CC(=O)O
cid_119,4-aminobutanoic acid,*C(=O)CCCN
cid_5312376,(Z)-dodec-2-enoic acid,*C(=O)C=CCCCCCCCCC
cid_5283141,"(5Z,8E,10E,12S)-12-hydroxyheptadeca-5,8,10-trienoic acid",*C(=O)CCCC=CCC=CC=CC(O)CCCCC
cid_96,3-oxobutanoic acid,*C(=O)CC(C)=O
cid_10416,7-(2-octylcyclopropen-1-yl)heptanoic acid,*C(=O)CCCCCCC1=C(CCCCCCCC)C1
cid_5283066,"(Z)-7-[(1R,2R,3R)-3-hydroxy-2-[(E,3R)-3-hydroxy-4,4-dimethyloct-1-enyl]-5-oxocyclopentyl]hept-5-enoic acid",*C(=O)CCCC=CCC1C(=O)CC(O)C1C=CC(O)C(C)(C)CCCC
cid_5280887,"(Z)-7-[(1R,2R,3R,5S)-3,5-dihydroxy-2-[(E)-3-oxooct-1-enyl]cyclopentyl]hept-5-enoic acid",*C(=O)CCCC=CCC1C(O)CC(O)C1C=CC(=O)CCCCC
cid_5280366,"(3E,5E)-6-hydroxy-2-oxohexa-3,5-dienoic acid",*C(=O)C(=O)C=CC=CO
cid_11029881,(2S)-2-amino-4-oxopentanoic acid,*C(=O)C(N)CC(C)=O
cid_152958,heptadec-16-enoic acid,*C(=O)CCCCCCCCCCCCCCC=C
cid_5282954,(E)-11-hydroxy-11-(3-pentyloxiran-2-yl)undec-9-enoic acid,*C(=O)CCCCCCCC=CC(O)C1OC1CCCCC
cid_439332,2-oxooctadecanoic acid,*C(=O)C(=O)CCCCCCCCCCCCCCCC
cid_5312488,"(8E,12E)-octadeca-8,12-dienoic acid",*C(=O)CCCCCCC=CCCC=CCCCCC
cid_5356596,(Z)-dec-2-enoic acid,*C(=O)C=CCCCCCCC
cid_439418,(3R)-3-hydroxy-5-[hydroxy(phosphonooxy)phosphoryl]oxy-3-methylpentanoic acid,*C(=O)CC(C)(O)CCOP(=O)(O)OP(=O)(O)O
cid_23427588,"(5E,9Z)-6-bromotetracosa-5,9-dienoic acid",*C(=O)CCCC=C(Br)CCC=CCCCCCCCCCCCCCC
cid_193113,"9,10-dihydroxyhexadecanoic acid",*C(=O)CCCCCCCC(O)C(O)CCCCCC
cid_5283086,"(Z)-7-[(1R,2R,3R)-3-hydroxy-2-[(E,3R)-3-hydroxyoct-1-enyl]-5-oxocyclopentyl]hept-5-enoic acid",*C(=O)CCCC=CCC1C(=O)CC(O)C1C=CC(O)CCCCC
cid_440770,2-amino-4-cyanobutanoic acid,*C(=O)C(N)CCC#N
cid_5282842,"(8E,11E,14E,17E)-icosa-8,11,14,17-tetraenoic acid",*C(=O)CCCCCCC=CCC=CCC=CCC=CCC
cid_5282606,"3,13,19-trimethyltricosanoic acid",*C(=O)CC(C)CCCCCCCCCC(C)CCCCCC(C)CCCC
cid_5312785,26-hydroxyhexacosanoic acid,*C(=O)CCCCCCCCCCCCCCCCCCCCCCCCCO
cid_439963,5-oxopentanoic acid,*C(=O)CCCC=O
cid_6453688,(2S)-3-hydroxy-2-(octadecanoylamino)propanoic acid,*C(=O)C(CO)NC(=O)CCCCCCCCCCCCCCCCC
cid_102893,2-methyldodecanoic acid,*C(=O)C(C)CCCCCCCCCC
cid_5280888,"7-[(1R,2R,3R,5S)-3,5-dihydroxy-2-[(E,3S)-3-hydroxyoct-1-enyl]cyclopentyl]-6-oxoheptanoic acid",*C(=O)CCCCC(=O)CC1C(O)CC(O)C1C=CC(O)CCCCC
cid_5312292,10-methylhexadecanoic acid,*C(=O)CCCCCCCCC(C)CCCCCC
cid_5280778,"(5S,6E,8Z,11Z,14Z)-5-hydroperoxyicosa-6,8,11,14-tetraenoic acid",*C(=O)CCCC(C=CC=CCC=CCC=CCCCCC)OO
cid_11667655,"(4Z,7Z,10S,11E,13Z,15E,17S,19Z)-10,17-dihydroxydocosa-4,7,11,13,15,19-hexaenoic acid",*C(=O)CCC=CCC=CCC(O)C=CC=CC=CC(O)CC=CCC
cid_65098,(2S)-2-aminopentanoic acid,*C(=O)C(N)CCC
cid_3037582,"(2S,3R,4S,5R)-2,3,4,5-tetrahydroxyhexanedioic acid",*C(=O)C(O)C(O)C(O)C(O)C(=O)O
cid_5312986,"(5E,8Z,11Z,13Z)-15-hydroxyicosa-5,8,11,13-tetraenoic acid",*C(=O)CCCC=CCC=CCC=CC=CC(O)CCCCC
cid_244872,docosanedioic acid,*C(=O)CCCCCCCCCCCCCCCCCCCCC(=O)O
cid_168447,2-methylidenehexanoic acid,*C(=O)C(=C)CCCC
cid_5283210,"(5Z,8Z,11S,12R,14Z)-10,11,12-trihydroxyicosa-5,8,14-trienoic acid",*C(=O)CCCC=CCC=CC(O)C(O)C(O)CC=CCCCCC
cid_16061121,"(5Z,8Z,14Z,17Z)-11,12-dihydroxyicosa-5,8,14,17-tetraenoic acid",*C(=O)CCCC=CCC=CCC(O)C(O)CC=CCC=CCC
cid_656737,(2S)-2-hydroxytetradecanoic acid,*C(=O)C(O)CCCCCCCCCCCC
cid_5283122,"(5S,6Z,8E)-5-hydroxy-12-oxoicosa-6,8-dienoic acid",*C(=O)CCCC(O)C=CC=CCCC(=O)CCCCCCCC
cid_42607304,"(5Z,8Z,10E,12E,14R,15S)-14-[(2R)-2-amino-3-(carboxymethylamino)-3-oxopropyl]sulfanyl-15-hydroxyicosa-5,8,10,12-tetraenoic acid",*C(=O)CCCC=CCC=CC=CC=CC(SCC(N)C(=O)NCC(=O)O)C(O)CCCCC
cid_5312477,"(6E,11E)-octadeca-6,11-dienoic acid",*C(=O)CCCCC=CCCCC=CCCCCCC
cid_235711,octadec-6-ynoic acid,*C(=O)CCCCC#CCCCCCCCCCCC
cid_14123410,"(5Z,8Z,12E,14Z)-11-hydroxyicosa-5,8,12,14-tetraenoic acid",*C(=O)CCCC=CCC=CCC(O)C=CC=CCCCCC
cid_170748,5-hydroxyhexanoic acid,*C(=O)CCCC(C)O
cid_95070,2-(octadecanoylamino)acetic acid,*C(=O)CNC(=O)CCCCCCCCCCCCCCCCC
cid_5282724,(E)-dec-2-enoic acid,*C(=O)C=CCCCCCCC
cid_5312300,(E)-7-methylhexadec-6-enoic acid,*C(=O)CCCCC=C(C)CCCCCCCCC
cid_95155,2-methylidenepentanedioic acid,*C(=O)C(=C)CCC(=O)O
cid_5281075,"(Z)-7-[(1R,2R,3R,5S)-3,5-dihydroxy-2-[(E,3S)-3-hydroxy-3-methyloct-1-enyl]cyclopentyl]hept-5-enoic acid",*C(=O)CCCC=CCC1C(O)CC(O)C1C=CC(C)(O)CCCCC
cid_5312738,(E)-10-hydroxydec-2-enoic acid,*C(=O)C=CCCCCCCCO
cid_5283012,"(9E,11E)-13-oxooctadeca-9,11-dienoic acid",*C(=O)CCCCCCCC=CC=CC(=O)CCCCC
cid_5771742,"(5Z,8R,9R,10E,12S)-8-acetyl-9-formyl-12-hydroxyheptadeca-5,10-dienoic acid",*C(=O)CCCC=CCC(C(C)=O)C(C=O)C=CC(O)CCCCC
cid_638124,(E)-3-chloroprop-2-enoic acid,*C(=O)C=CCl
cid_1768,"5-hydroxyicosa-6,8,11-trienoic acid",*C(=O)CCCC(O)C=CC=CCC=CCCCCCCCC
cid_5240,2-iodoacetic acid,*C(=O)CI
cid_5283171,"(6E,8Z,11Z,14Z)-5-hydroperoxyicosa-6,8,11,14-tetraenoic acid",*C(=O)CCCC(C=CC=CCC=CCC=CCCCCC)OO
cid_440024,4-methyl-3-oxopentanoic acid,*C(=O)CC(=O)C(C)C
cid_6439678,"(6E,8Z,11Z,14Z,17Z)-5-hydroxyicosa-6,8,11,14,17-pentaenoic acid",*C(=O)CCCC(O)C=CC=CCC=CCC=CCC=CCC
cid_5280411,"8-[(1S,5S)-4-oxo-5-[(Z)-pent-2-enyl]cyclopent-2-en-1-yl]octanoic acid",*C(=O)CCCCCCCC1C=CC(=O)C1CC=CCC
cid_469,2-aminohexanedioic acid,*C(=O)C(N)CCCC(=O)O
cid_151047,hexadec-2-ynoic acid,*C(=O)C#CCCCCCCCCCCCCC
cid_1781,"icosa-5,8,11-triynoic acid",*C(=O)CCCC#CCC#CCC#CCCCCCCCC
cid_16756812,"(2S,4S,6S,8S,10S,12S,14S)-2,4,6,8,10,12,14-heptamethyltriacontanoic acid",*C(=O)C(C)CC(C)CC(C)CC(C)CC(C)CC(C)CC(C)CCCCCCCCCCCCCCCC
cid_5282314,(Z)-2-methoxyhexadec-6-enoic acid,*C(=O)C(CCCC=CCCCCCCCCC)OC
cid_5312684,"(E)-octadec-13-en-9,11-diynoic acid",*C(=O)CCCCCCCC#CC#CC=CCCCC
cid_5283068,"(Z)-7-[(1R,2R,3R)-3-hydroxy-2-[(E,3S)-3-hydroxy-5-phenylpent-1-enyl]-5-oxocyclopentyl]hept-5-enoic acid",*C(=O)CCCC=CCC1C(=O)CC(O)C1C=CC(O)CCc1ccccc1
cid_5312743,7-hydroxydodecanoic acid,*C(=O)CCCCCC(O)CCCCC
cid_94251,2-methyloctanoic acid,*C(=O)C(C)CCCCCC
cid_35020890,"(Z)-7-[(1S,2S)-2-[(E,3S)-3-hydroxyoct-1-enyl]-5-oxocyclopent-3-en-1-yl]hept-5-enoic acid",*C(=O)CCCC=CCC1C(=O)C=CC1C=CC(O)CCCCC
cid_13185,tetradecanedioic acid,*C(=O)CCCCCCCCCCCCC(=O)O
cid_5312474,"(5Z,8Z)-octadeca-5,8-dienoic acid",*C(=O)CCCC=CCC=CCCCCCCCCC
cid_5312889,(E)-12-oxododec-10-enoic acid,*C(=O)CCCCCCCCC=CC=O
cid_5282822,"(9E,12E,15E)-octadeca-9,12,15-trienoic acid",*C(=O)CCCCCCCC=CCC=CCC=CCC
cid_5283069,"7-[(1R,2S,5R)-2-hydroxy-5-[(E,3S)-3-hydroxyoct-1-enyl]cyclopentyl]heptanoic acid",*C(=O)CCCCCCC1C(O)CCC1C=CC(O)CCCCC
cid_5311211,"(Z)-7-[(1S,5E)-5-[(E)-oct-2-enylidene]-4-oxocyclopent-2-en-1-yl]hept-5-enoic acid",*C(=O)CCCC=CCC1C=CC(=O)C1=CC=CCCCCC
cid_5280608,"(2E,4Z)-3-chlorohexa-2,4-dienedioic acid",*C(=O)C=CC(Cl)=CC(=O)O
cid_1713084,(Z)-9-oxodec-2-enoic acid,*C(=O)C=CCCCCCC(C)=O
cid_5280388,"7-[2-[(E,3S)-3-hydroxyoct-1-enyl]-5-oxocyclopenten-1-yl]heptanoic acid",*C(=O)CCCCCCC1=C(C=CC(O)CCCCC)CCC1=O
cid_6443739,(E)-3-methylhex-2-enoic acid,*C(=O)C=C(C)CCC
cid_112481,5-methylheptanoic acid,*C(=O)CCCC(C)CC
cid_5280450,"(9Z,12Z)-octadeca-9,12-dienoic acid",*C(=O)CCCCCCCC=CCC=CCCCCC
cid_6857373,"3,3-dichloropropanoic acid",*C(=O)CC(Cl)Cl
cid_5282938,"9,10,18-trihydroxyoctadecanoic acid",*C(=O)CCCCCCCC(O)C(O)CCCCCCCCO
cid_5312573,"(5E,9E)-hexacosa-5,9-dienoic acid",*C(=O)CCCC=CCCC=CCCCCCCCCCCCCCCCC
cid_535246,"2,3-dimethylbut-2-enoic acid",*C(=O)C(C)=C(C)C
cid_5312495,"(5Z,9Z,12Z)-octadeca-5,9,12-trienoic acid",*C(=O)CCCC=CCCC=CCC=CCCCCC
cid_14993925,(2S)-3-(1H-indol-3-yl)-2-(octadecanoylamino)propanoic acid,*C(=O)C(Cc1c[nH]c2ccccc12)NC(=O)CCCCCCCCCCCCCCCCC
cid_150961,11-hydroxytetradecanoic acid,*C(=O)CCCCCCCCCC(O)CCC
cid_361941,10-oxooctadecanoic acid,*C(=O)CCCCCCCCC(=O)CCCCCCCC
cid_5282825,"(5E,8E,11E)-icosa-5,8,11-trienoic acid",*C(=O)CCCC=CCC=CCC=CCCCCCCCC
cid_5283114,"7-[(1R,2R,3R)-3-hydroxy-2-[(1E,3S,5Z)-3-hydroxyocta-1,5-dienyl]-5-oxocyclopentyl]heptanoic acid",*C(=O)CCCCCCC1C(=O)CC(O)C1C=CC(O)CC=CCC
cid_9966861,"(5Z,8Z,11Z,13E)-15-hydroxyicosa-5,8,11,13-tetraenoic acid",*C(=O)CCCC=CCC=CCC=CC=CC(O)CCCCC
cid_445049,"(Z)-7-[(1R,4S,5R,6R)-6-[(E,3S)-3-hydroxyoct-1-enyl]-2,3-dioxabicyclo[2.2.1]heptan-5-yl]hept-5-enoic acid",*C(=O)CCCC=CCC1C2CC(OO2)C1C=CC(O)CCCCC
cid_1780,"icosa-5,8,11,14-tetraynoic acid",*C(=O)CCCC#CCC#CCC#CCC#CCCCCC
cid_12235227,"8-[(2R,3S)-3-octyloxiran-2-yl]octanoic acid",*C(=O)CCCCCCCC1OC1CCCCCCCC
cid_92836,2-hydroxyhexadecanoic acid,*C(=O)C(O)CCCCCCCCCCCCCC
cid_151008,2-(hexadecanoylamino)acetic acid,*C(=O)CNC(=O)CCCCCCCCCCCCCCC
cid_5280709,"(E,5Z)-5-(hydroxymethylidene)-2-oxohept-3-enedioic acid",*C(=O)CC(C=CC(=O)C(=O)O)=CO
cid_5280937,"(Z)-7-[(1R,2R,3R)-3-hydroxy-2-[(1E,3S,5Z)-3-hydroxyocta-1,5-dienyl]-5-oxocyclopentyl]hept-5-enoic acid",*C(=O)CCCC=CCC1C(=O)CC(O)C1C=CC(O)CC=CCC
cid_5282838,"(9E,11E,13E,15E)-octadeca-9,11,13,15-tetraenoic acid",*C(=O)CCCCCCCC=CC=CC=CC=CCC
cid_1112,4-oxobutanoic acid,*C(=O)CCC=O
cid_5282646,2-methylheptadecanoic acid,*C(=O)C(C)CCCCCCCCCCCCCCC
cid_53477497,"(4S,5E,7E,9E,13Z,15E,17R,19Z)-4,11,17-trihydroxydocosa-5,7,9,13,15,19-hexaenoic acid",*C(=O)CCC(O)C=CC=CC=CC(O)CC=CC=CC(O)CC=CCC
cid_9548881,"(Z)-5-[(1S,2R,3R,5S)-3,5-dihydroxy-2-[(E,3S)-3-hydroxyoct-1-enyl]cyclopentyl]pent-3-enoic acid",*C(=O)CC=CCC1C(O)CC(O)C1C=CC(O)CCCCC
cid_18407,5-oxohexanoic acid,*C(=O)CCCC(C)=O
cid_5282765,(Z)-icos-17-enoic acid,*C(=O)CCCCCCCCCCCCCCCC=CCC
cid_14475,2-methylheptanoic acid,*C(=O)C(C)CCCCC
cid_5283139,"(Z)-7-[(1S,3R,4S,5S)-3-[(1E,3S,5Z)-3-hydroxyocta-1,5-dienyl]-2,6-dioxabicyclo[3.1.1]heptan-4-yl]hept-5-enoic acid",*C(=O)CCCC=CCC1C(C=CC(O)CC=CCC)OC2CC1O2
cid_52921899,"(5Z,9E)-8-hydroxy-10-[(3S)-3-[(Z)-oct-2-enyl]oxiran-2-yl]deca-5,9-dienoic acid",*C(=O)CCCC=CCC(O)C=CC1OC1CC=CCCCCC
cid_439230,"(3R)-3,5-dihydroxy-3-methylpentanoic acid",*C(=O)CC(C)(O)CCO
cid_5282259,"(9E,12Z)-10-nitrooctadeca-9,12-dienoic acid",*C(=O)CCCCCCCC=C(CC=CCCCCC)[N+](=O)[O-]
cid_11602110,"3-[(1S,2S)-2-[(3E,5Z)-6-bromonona-3,5-dienyl]cyclopropyl]propanoic acid",*C(=O)CCC1CC1CCC=CC=C(Br)CCC
cid_30020,2-ethylpentanoic acid,*C(=O)C(CC)CCC
cid_5779018,"(2Z,4E)-2-chlorohexa-2,4-dienedioic acid",*C(=O)C=CC=C(Cl)C(=O)O
cid_5283123,"(5S,6R,7E,9E,11Z,14Z)-6-[(2R)-2-acetamido-2-carboxyethyl]sulfanyl-5-hydroxyicosa-7,9,11,14-tetraenoic acid",*C(=O)CCCC(O)C(C=CC=CC=CCC=CCCCCC)SCC(NC(C)=O)C(=O)O
cid_5280644,"(9Z,11E)-octadeca-9,11-dienoic acid",*C(=O)CCCCCCCC=CC=CCCCCCC
cid_5356793,"(2E,4E)-hexa-2,4-dienedioic acid",*C(=O)C=CC=CC(=O)O
cid_5283205,"(5Z,8Z,11Z)-13-(3-pentyloxiran-2-yl)trideca-5,8,11-trienoic acid",*C(=O)CCCC=CCC=CCC=CCC1OC1CCCCC
cid_75502,icosanedioic acid,*C(=O)CCCCCCCCCCCCCCCCCCC(=O)O
cid_16061043,9-hydroxy-16-oxohexadecanoic acid,*C(=O)CCCCCCCC(O)CCCCCCC=O
cid_110680,11-cyclopent-2-en-1-ylundecanoic acid,*C(=O)CCCCCCCCCCC1C=CCC1
cid_5283133,"(5S,6Z,8E,10E,12R,14Z)-20,20,20-trifluoro-5,12-dihydroxyicosa-6,8,10,14-tetraenoic acid",*C(=O)CCCC(O)C=CC=CC=CC(O)CC=CCCCCC(F)(F)F
cid_14237,"4,4-dimethylpentanoic acid",*C(=O)CCC(C)(C)C
cid_5716900,"4-[(1R,2R)-3-oxo-2-[(Z)-pent-2-enyl]cyclopentyl]butanoic acid",*C(=O)CCCC1CCC(=O)C1CC=CCC
cid_14455,"2,2-dimethylpentanoic acid",*C(=O)C(C)(C)CCC
cid_5312493,"(5E,9E,12E)-octadeca-5,9,12-trienoic acid",*C(=O)CCCC=CCCC=CCC=CCCCCC
cid_15271,4-methylhexanoic acid,*C(=O)CCC(C)CC
cid_5459797,"(2E,6E)-9-[(2R,3S)-3-ethyl-3-methyloxiran-2-yl]-3,7-dimethylnona-2,6-dienoic acid",*C(=O)C=C(C)CCC=C(C)CCC1OC1(C)CC
cid_5280938,"(5S,6R,7E,9E,11Z,14Z)-6-[(2R)-2-[[(4S)-4-amino-4-carboxybutanoyl]amino]-2-carboxyethyl]sulfanyl-5-hydroxyicosa-7,9,11,14-tetraenoic acid",*C(=O)CCCC(O)C(C=CC=CC=CCC=CCCCCC)SCC(NC(=O)CCC(N)C(=O)O)C(=O)O
cid_5281117,"(8R,9Z,12Z)-8-hydroxyoctadeca-9,12-dienoic acid",*C(=O)CCCCCCC(O)C=CCC=CCCCCC
cid_6446027,"(9Z,11E)-13-oxooctadeca-9,11-dienoic acid",*C(=O)CCCCCCCC=CC=CC(=O)CCCCC
cid_6710116,(2S)-3-(4-hydroxyphenyl)-2-(octadecanoylamino)propanoic acid,*C(=O)C(Cc1ccc(O)cc1)NC(=O)CCCCCCCCCCCCCCCCC
cid_5282958,"(E)-9,10-dihydroxyoctadec-12-enoic acid",*C(=O)CCCCCCCC(O)C(O)CC=CCCCCC
cid_10466,16-hydroxyhexadecanoic acid,*C(=O)CCCCCCCCCCCCCCCO
cid_5283055,"7-[(1R,2R)-2-[(E,3S)-3-hydroxyoct-1-enyl]-5-oxocyclopentyl]heptanoic acid",*C(=O)CCCCCCC1C(=O)CCC1C=CC(O)CCCCC
cid_19047214,14-fluorotetradecanoic acid,*C(=O)CCCCCCCCCCCCCF
cid_5716902,"8-[(1R,2R)-3-oxo-2-[(Z)-pent-2-enyl]cyclopentyl]octanoic acid",*C(=O)CCCCCCCC1CCC(=O)C1CC=CCC
cid_5282800,"(10E,12Z)-octadeca-10,12-dienoic acid",*C(=O)CCCCCCCCC=CC=CCCCCC
cid_14057,"3,3-dimethylbutanoic acid",*C(=O)CC(C)(C)C
cid_16061089,"(5Z,8Z,11Z,14Z)-16-(3-ethyloxiran-2-yl)hexadeca-5,8,11,14-tetraenoic acid",*C(=O)CCCC=CCC=CCC=CCC=CCC1OC1CC
cid_70095,octadecanedioic acid,*C(=O)CCCCCCCCCCCCCCCCC(=O)O
cid_5280492,"(5S,6Z,8E,10E,12R,14Z)-5,12-dihydroxyicosa-6,8,10,14-tetraenoic acid",*C(=O)CCCC(O)C=CC=CC=CC(O)CC=CCCCCC
cid_59878863,"(6E,8Z,11Z,13E)-5,15-dihydroxyicosa-6,8,11,13-tetraenoic acid",*C(=O)CCCC(O)C=CC=CCC=CC=CC(O)CCCCC
cid_5312321,"2,4-dimethyldocosanoic acid",*C(=O)C(C)CC(C)CCCCCCCCCCCCCCCCCC
cid_5354457,(Z)-4-ethoxy-4-oxobut-2-enoic acid,*C(=O)C=CC(=O)OCC
cid_16061091,"(Z)-9-[(1R,2R,3R)-3-hydroxy-2-[(E,3S)-3-hydroxyoct-1-enyl]-5-oxocyclopentyl]non-7-enoic acid",*C(=O)CCCCCC=CCC1C(=O)CC(O)C1C=CC(O)CCCCC
cid_4575239,9-hydroxydecanoic acid,*C(=O)CCCCCCCC(C)O
cid_12736,dodecanedioic acid,*C(=O)CCCCCCCCCCC(=O)O
cid_5283052,"(Z)-7-[(1R,2E,5S)-5-hydroxy-2-[(E)-oct-2-enylidene]-3-oxocyclopentyl]hept-5-enoic acid",*C(=O)CCCC=CCC1C(=CC=CCCCCC)C(=O)CC1O
cid_12921,8-(2-octylcyclopropen-1-yl)octanoic acid,*C(=O)CCCCCCCC1=C(CCCCCCCC)C1
cid_440813,2-methylidene-4-oxopentanedioic acid,*C(=O)C(=C)CC(=O)C(=O)O
cid_21,2-ethyl-2-hydroxy-3-oxobutanoic acid,*C(=O)C(O)(CC)C(C)=O
cid_6437827,"(5Z,8Z,11Z,14Z)-icosa-5,8,11,14-tetraenedioic acid",*C(=O)CCCCC=CCC=CCC=CCC=CCCCC(=O)O
cid_175456,"(7R)-7-[(1S,2R)-2-(3-carboxypropyl)-3-oxocyclopentyl]-7-hydroxy-5-oxoheptanoic acid",*C(=O)CCCC(=O)CC(O)C1CCC(=O)C1CCCC(=O)O
cid_21872,oct-2-ynoic acid,*C(=O)C#CCCCCC
cid_42607314,"(4Z,7S,8E,10E,12E,14S,16Z,19Z)-7,14-dihydroxydocosa-4,8,10,12,16,19-hexaenoic acid",*C(=O)CCC=CCC(O)C=CC=CC=CC(O)CC=CCC=CCC
cid_6439179,"(4Z,7Z,10Z,13Z,15E,19Z)-17-hydroxydocosa-4,7,10,13,15,19-hexaenoic acid",*C(=O)CCC=CCC=CCC=CCC=CC=CC(O)CC=CCC
cid_12304080,3-hydroxy-2-tetradecyloctadecanoic acid,*C(=O)C(CCCCCCCCCCCCCC)C(O)CCCCCCCCCCCCCCC
cid_5312632,hexadec-4-ynoic acid,*C(=O)CCC#CCCCCCCCCCCC
cid_5283079,"(Z)-7-[(1R,2S,5R)-2-hydroxy-5-[(E,3S)-3-hydroxyoct-1-enyl]cyclopentyl]hept-5-enoic acid",*C(=O)CCCC=CCC1C(O)CCC1C=CC(O)CCCCC
cid_14490,6-hydroxyhexanoic acid,*C(=O)CCCCCO
cid_17812,11-bromoundecanoic acid,*C(=O)CCCCCCCCCCBr
cid_10541544,13-phenyltridecanoic acid,*C(=O)CCCCCCCCCCCCc1ccccc1
cid_2266,nonanedioic acid,*C(=O)CCCCCCCC(=O)O
cid_443625,11-cycloheptylundecanoic acid,*C(=O)CCCCCCCCCCC1CCCCCC1
cid_95433,2-hydroxy-2-methylbutanoic acid,*C(=O)C(C)(O)CC
cid_5459822,(2R)-3-amino-2-methylpropanoic acid,*C(=O)C(C)CN
cid_3017884,3-hydroxydecanedioic acid,*C(=O)CCCCCCC(O)CC(=O)O
cid_5280518,"(2Z,4Z)-hexa-2,4-dienedioic acid",*C(=O)C=CC=CC(=O)O
cid_9548880,"(5Z,8S,9E,11Z,14Z)-8-hydroperoxyicosa-5,9,11,14-tetraenoic acid",*C(=O)CCCC=CCC(C=CC=CCC=CCCCCC)OO
cid_5283084,"5-[(1R,2R,3R,5S)-3,5-dihydroxy-2-[(E,3S)-3-hydroxyoct-1-enyl]cyclopentyl]-4-oxopentanoic acid",*C(=O)CCC(=O)CC1C(O)CC(O)C1C=CC(O)CCCCC
cid_151913,3-hydroxyhexanedioic acid,*C(=O)CCC(O)CC(=O)O
cid_5283117,"7-[(1R,2R,3R,5S)-3,5-dihydroxy-2-[(1E,3S,5Z)-3-hydroxyocta-1,5-dienyl]cyclopentyl]-6-oxoheptanoic acid",*C(=O)CCCCC(=O)CC1C(O)CC(O)C1C=CC(O)CC=CCC
cid_6444110,"(Z)-7-[(1R,2R,3R)-2-[(E,3S)-3-hydroperoxyoct-1-enyl]-3-hydroxy-5-oxocyclopentyl]hept-5-enoic acid",*C(=O)CCCC=CCC1C(=O)CC(O)C1C=CC(CCCCC)OO
cid_5312983,"(5E,8Z,10Z,14Z)-12-hydroxyicosa-5,8,10,14-tetraenoic acid",*C(=O)CCCC=CCC=CC=CC(O)CC=CCCCCC
cid_454064,3-oxotetradecanoic acid,*C(=O)CC(=O)CCCCCCCCCCC
cid_16061139,"(5Z,7S,8E,10Z,13Z,15E,17S,19Z)-7,17-dihydroxydocosa-5,8,10,13,15,19-hexaenoic acid",*C(=O)CCCC=CC(O)C=CC=CCC=CC=CC(O)CC=CCC
cid_620397,16-bromohexadecanoic acid,*C(=O)CCCCCCCCCCCCCCCBr
cid_97917,2-bromooctadecanoic acid,*C(=O)C(Br)CCCCCCCCCCCCCCCC
cid_5282316,"(9Z,12E)-12-nitrooctadeca-9,12-dienoic acid",*C(=O)CCCCCCCC=CCC(=CCCCCC)[N+](=O)[O-]
cid_102430,2-hydroxytetracosanoic acid,*C(=O)C(O)CCCCCCCCCCCCCCCCCCCCCC
cid_5312904,"(5E,8E,10Z)-12-oxoheptadeca-5,8,10-trienoic acid",*C(=O)CCCC=CCC=CC=CC(=O)CCCCC
cid_5312317,"(5Z,9Z)-18-methylicosa-5,9-dienoic acid",*C(=O)CCCC=CCCC=CCCCCCCCC(C)CC
cid_5280581,"(8Z,11Z,14Z)-icosa-8,11,14-trienoic acid",*C(=O)CCCCCCC=CCC=CCC=CCCCCC
cid_11217234,(2R)-3-hydroxy-2-methylpropanoic acid,*C(=O)C(C)CO
cid_52922006,"(9Z,11R,12Z,15Z)-11-octadecanoyloxyoctadeca-9,12,15-trienoic acid",*C(=O)CCCCCCCC=CC(C=CCC=CCC)OC(=O)CCCCCCCCCCCCCCCCC
cid_64956,3-amino-2-methylpropanoic acid,*C(=O)C(C)CN
cid_5271806,"7-[(1R,2S)-2-[(E,3R)-3-hydroxy-4,4-dimethyloct-1-enyl]-5-oxocyclopent-3-en-1-yl]heptanoic acid",*C(=O)CCCCCCC1C(=O)C=CC1C=CC(O)C(C)(C)CCCC
cid_6436908,2-[[(Z)-octadec-9-enoyl]amino]acetic acid,*C(=O)CNC(=O)CCCCCCCC=CCCCCCCCC
cid_152459,2-ethylhexanedioic acid,*C(=O)C(CC)CCCC(=O)O
cid_542762,2-bromo-2-chloroacetic acid,*C(=O)C(Cl)Br
cid_5280940,"(Z)-7-[(1R,2R,3R,5S)-3,5-dihydroxy-2-[(1E,3S,5Z)-3-hydroxyocta-1,5-dienyl]cyclopentyl]hept-5-enoic acid",*C(=O)CCCC=CCC1C(O)CC(O)C1C=CC(O)CC=CCC
cid_93,3-oxohexanedioic acid,*C(=O)CCC(=O)CC(=O)O
cid_5312929,21-oxodocosanoic acid,*C(=O)CCCCCCCCCCCCCCCCCCCC(C)=O
cid_5283005,3-oxooctadecanoic acid,*C(=O)CC(=O)CCCCCCCCCCCCCCC
cid_473,4-methylsulfanyl-2-oxobutanoic acid,*C(=O)C(=O)CCSC
cid_150996,2-methyl-3-oxobutanoic acid,*C(=O)C(C)C(C)=O
cid_10402,"3,7-dimethyloct-6-enoic acid",*C(=O)CC(C)CCC=C(C)C
cid_66980,2-bromododecanoic acid,*C(=O)C(Br)CCCCCCCCCC
cid_11645581,(E)-9-nitrooctadec-9-enoic acid,*C(=O)CCCCCCCC(=CCCCCCCCC)[N+](=O)[O-]
cid_5460412,"(7S,8S,9Z,12Z)-7,8-dihydroxyoctadeca-9,12-dienoic acid",*C(=O)CCCCCC(O)C(O)C=CCC=CCCCCC
cid_10457,octanedioic acid,*C(=O)CCCCCCC(=O)O
cid_11671,2-hydroxy-2-methylpropanoic acid,*C(=O)C(C)(C)O
cid_5283039,"(Z)-7-[(1R,2R,3R,5S)-3,5-dihydroxy-2-(3-oxooctyl)cyclopentyl]hept-5-enoic acid",*C(=O)CCCC=CCC1C(O)CC(O)C1CCC(=O)CCCCC
cid_5312692,octadec-3-ynoic acid,*C(=O)CC#CCCCCCCCCCCCCCC
cid_417575,3-methylbut-3-enoic acid,*C(=O)CC(=C)C
cid_9548884,"(5Z,8Z,11Z,14Z,16R)-16-hydroxyicosa-5,8,11,14-tetraenoic acid",*C(=O)CCCC=CCC=CCC=CCC=CC(O)CCCC
cid_5283147,"(5Z,8Z,11Z)-14,15-dihydroxyicosa-5,8,11-trienoic acid",*C(=O)CCCC=CCC=CCC=CCC(O)C(O)CCCCC
cid_5312913,(Z)-12-oxooctadec-9-enoic acid,*C(=O)CCCCCCCC=CCC(=O)CCCCCC
cid_5283097,"(Z)-7-[(1R,2R,5S)-5-hydroxy-2-[(E,3R)-3-hydroxy-3-methyloct-1-enyl]-3-oxocyclopentyl]hept-5-enoic acid",*C(=O)CCCC=CCC1C(O)CC(=O)C1C=CC(C)(O)CCCCC
cid_5460414,"(5Z,9E)-8-hydroxy-10-[(2R,3S)-3-[(Z)-oct-2-enyl]oxiran-2-yl]deca-5,9-dienoic acid",*C(=O)CCCC=CCC(O)C=CC1OC1CC=CCCCCC
cid_11266,2-hydroxybutanoic acid,*C(=O)C(O)CC
cid_5283108,"5-[(2S,3aR,4R,5R,6aR)-5-hydroxy-4-[(E,3S)-3-hydroxyoct-1-enyl]-3,3a,4,5,6,6a-hexahydro-2H-cyclopenta[b]furan-2-yl]pentanoic acid",*C(=O)CCCCC1CC2C(CC(O)C2C=CC(O)CCCCC)O1
cid_5280719,"(Z)-7-[(1R,2R,3R)-3-hydroxy-5-oxo-2-[(E)-3-oxooct-1-enyl]cyclopentyl]hept-5-enoic acid",*C(=O)CCCC=CCC1C(=O)CC(O)C1C=CC(=O)CCCCC
cid_3084276,14-hydroxytetradecanoic acid,*C(=O)CCCCCCCCCCCCCO
cid_74563,2-oxopentanoic acid,*C(=O)C(=O)CCC
cid_6368126,(E)-2-methylpent-2-enedioic acid,*C(=O)C(C)=CCC(=O)O
cid_6437024,(2S)-4-methylsulfanyl-2-[[(Z)-octadec-9-enoyl]amino]butanoic acid,*C(=O)C(CCSC)NC(=O)CCCCCCCC=CCCCCCCCC
cid_5312868,(2R)-2-hydroxytetracosanoic acid,*C(=O)C(O)CCCCCCCCCCCCCCCCCCCCCC
cid_5283009,(E)-13-hydroxy-10-oxooctadec-11-enoic acid,*C(=O)CCCCCCCCC(=O)C=CC(O)CCCCC
cid_5280745,"(5S,6Z,8E,10E,12R,14Z)-5,12,20-trihydroxyicosa-6,8,10,14-tetraenoic acid",*C(=O)CCCC(O)C=CC=CC=CC(O)CC=CCCCCCO
cid_454063,6-oxotetradecanoic acid,*C(=O)CCCCC(=O)CCCCCCCC
cid_3014114,9-chloro-10-hydroxyoctadecanoic acid,*C(=O)CCCCCCCC(Cl)C(O)CCCCCCCC
cid_52921869,(2R)-2-[(Z)-hexadec-7-enyl]-3-methylidenebutanedioic acid,*C(=O)C(CCCCCCC=CCCCCCCCC)C(=C)C(=O)O
cid_1713086,(E)-9-oxodec-2-enoic acid,*C(=O)C=CCCCCCC(C)=O
cid_94180,2-hydroxyoctanoic acid,*C(=O)C(O)CCCCCC
cid_5283014,(E)-11-(3-pentyloxiran-2-yl)undec-9-enoic acid,*C(=O)CCCCCCCC=CCC1OC1CCCCC
cid_5280720,"(9Z,11E,13S)-13-hydroperoxyoctadeca-9,11-dienoic acid",*C(=O)CCCCCCCC=CC=CC(CCCCC)OO
cid_5312876,"(10E,15E)-9,12,13-trihydroxyoctadeca-10,15-dienoic acid",*C(=O)CCCCCCCC(O)C=CC(O)C(O)CC=CCC
cid_10931,3-methylbut-2-enoic acid,*C(=O)C=C(C)C
cid_22734,4-ethylhexanoic acid,*C(=O)CCC(CC)CC
cid_5312325,"(5Z,9Z)-23-methyltetracosa-5,9-dienoic acid",*C(=O)CCCC=CCCC=CCCCCCCCCCCCCC(C)C
cid_5312973,"(5E,9E,11E,13E)-8,15-dihydroxyicosa-5,9,11,13-tetraenoic acid",*C(=O)CCCC=CCC(O)C=CC=CC=CC(O)CCCCC
cid_5282716,(E)-oct-3-enoic acid,*C(=O)CC=CCCCC
cid_10473088,"(5S,6Z,8E,10E,12R,14Z,16E,18R)-5,12,18-trihydroxyicosa-6,8,10,14,16-pentaenoic acid",*C(=O)CCCC(O)C=CC=CC=CC(O)CC=CC=CC(O)CC
cid_487,2-methylpropanedioic acid,*C(=O)C(C)C(=O)O
cid_114539,4-hydroxypentanoic acid,*C(=O)CCC(C)O
cid_10596625,"(2S)-3-hydroxy-2-[[(5Z,8Z,11Z,14Z)-icosa-5,8,11,14-tetraenoyl]amino]propanoic acid",*C(=O)C(CO)NC(=O)CCCC=CCC=CCC=CCC=CCCCCC
cid_361945,8-methyloctadecanoic acid,*C(=O)CCCCCCC(C)CCCCCCCCCC
cid_5312682,"octadeca-6,9,12-triynoic acid",*C(=O)CCCCC#CCC#CCC#CCCCCC
cid_70678534,"(3E,5Z)-6-hydroxy-2-oxohexa-3,5-dienoic acid",*C(=O)C(=O)C=CC=CO
cid_6450029,"(9S,10E,12Z,15Z)-9-hydroperoxyoctadeca-10,12,15-trienoic acid",*C(=O)CCCCCCCC(C=CC=CCC=CCC)OO
cid_5282985,4-oxoundecanoic acid,*C(=O)CCC(=O)CCCCCCC
cid_5312949,"(5Z,9E)-6-bromohexacosa-5,9-dienoic acid",*C(=O)CCCC=C(Br)CCC=CCCCCCCCCCCCCCCCC
cid_185620,"(1S,2S)-1,2-dihydroxypropane-1,2,3-tricarboxylic acid",*C(=O)CC(O)(C(=O)O)C(O)C(=O)O
cid_5312956,(E)-18-fluorooctadec-9-enoic acid,*C(=O)CCCCCCCC=CCCCCCCCCF
cid_52921883,"(5Z,8Z,10E,12E)-13-[(2S,3S)-3-pentyloxiran-2-yl]trideca-5,8,10,12-tetraenoic acid",*C(=O)CCCC=CCC=CC=CC=CC1OC1CCCCC
cid_10329583,3-(hydroxymethyl)pentanedioic acid,*C(=O)CC(CO)CC(=O)O
cid_5283212,"7-[(1S,2R,3R)-3-hydroxy-2-[(E,3S)-3-hydroxyoct-1-enyl]-5-oxocyclopentyl]heptanoic acid",*C(=O)CCCCCCC1C(=O)CC(O)C1C=CC(O)CCCCC
cid_21252268,"3-hydroxy-2,3-dimethylpentanedioic acid",*C(=O)C(C)C(C)(O)CC(=O)O
cid_5282915,18-hydroxyoctadecanoic acid,*C(=O)CCCCCCCCCCCCCCCCCO
cid_131760,4-hydroxy-3-methylbutanoic acid,*C(=O)CC(C)CO
cid_5385589,"(9E,11E,13Z)-octadeca-9,11,13-trienoic acid",*C(=O)CCCCCCCC=CC=CC=CCCCC
cid_1560,2-fluorohexadecanoic acid,*C(=O)C(F)CCCCCCCCCCCCCC
cid_5312780,24-hydroxytetracosanoic acid,*C(=O)CCCCCCCCCCCCCCCCCCCCCCCO
cid_5283078,"(E)-7-[(1R,2R,3R,5S)-3,5-dihydroxy-2-[(E,3S)-3-hydroxyoct-1-enyl]cyclopentyl]hept-5-enoic acid",*C(=O)CCCC=CCC1C(O)CC(O)C1C=CC(O)CCCCC
cid_5312441,(Z)-octadec-13-enoic acid,*C(=O)CCCCCCCCCCCC=CCCCC
cid_643460,"(2E,4E)-hexa-2,4-dienoic acid",*C(=O)C=CC=CC
cid_13786989,"(5Z,8Z,10E,14Z)-12-hydroxyicosa-5,8,10,14-tetraenoic acid",*C(=O)CCCC=CCC=CC=CC(O)CC=CCCCCC
cid_10103208,2-hydroxy-4-oxopentanoic acid,*C(=O)C(O)CC(C)=O
cid_95315,3-methylhexanoic acid,*C(=O)CC(C)CCC
cid_5282919,20-hydroxyicosanoic acid,*C(=O)CCCCCCCCCCCCCCCCCCCO
cid_5282743,(E)-hexadec-2-enoic acid,*C(=O)C=CCCCCCCCCCCCCC
cid_6441454,"(4Z,7Z,10Z,13Z,16Z)-docosa-4,7,10,13,16-pentaenoic acid",*C(=O)CCC=CCC=CCC=CCC=CCC=CCCCCC
cid_486207,(2S)-2-(hexadecanoylamino)-4-methylsulfanylbutanoic acid,*C(=O)C(CCSC)NC(=O)CCCCCCCCCCCCCCC
cid_58,2-oxobutanoic acid,*C(=O)C(=O)CC
cid_5312830,"(9S,10E,12Z)-9-hydroxyoctadeca-10,12-dienoic acid",*C(=O)CCCCCCCC(O)C=CC=CCCCCC
cid_5312332,"(5Z,8Z,11Z)-7,7-dimethylicosa-5,8,11-trienoic acid",*C(=O)CCCC=CC(C)(C)C=CCC=CCCCCCCCC
cid_5312508,"(6Z,9Z,12Z,15Z)-octadeca-6,9,12,15-tetraenoic acid",*C(=O)CCCCC=CCC=CCC=CCC=CCC
cid_163217,"2,2-dimethylhexanoic acid",*C(=O)C(C)(C)CCCC
cid_5356421,(Z)-11-(3-pentyloxiran-2-yl)undec-9-enoic acid,*C(=O)CCCCCCCC=CCC1OC1CCCCC
cid_5280733,"(5S,6E,8Z,11Z,14Z)-5-hydroxyicosa-6,8,11,14-tetraenoic acid",*C(=O)CCCC(O)C=CC=CCC=CCC=CCCCCC
cid_6437084,"(5Z,8Z,11Z,13E)-15-hydroperoxyicosa-5,8,11,13-tetraenoic acid",*C(=O)CCCC=CCC=CCC=CC=CC(CCCCC)OO
cid_5312691,octadec-2-ynoic acid,*C(=O)C#CCCCCCCCCCCCCCCC
cid_10459,hexadecanedioic acid,*C(=O)CCCCCCCCCCCCCCC(=O)O
cid_24807772,(E)-3-methylhept-3-enoic acid,*C(=O)CC(C)=CCCC
cid_553,4-hydroxy-2-oxoheptanedioic acid,*C(=O)CCC(O)CC(=O)C(=O)O
cid_12587,4-methylpentanoic acid,*C(=O)CCC(C)C
cid_5280710,"7-[(1R,2R,3R)-3-hydroxy-5-oxo-2-[(E)-3-oxooct-1-enyl]cyclopentyl]heptanoic acid",*C(=O)CCCCCCC1C(=O)CC(O)C1C=CC(=O)CCCCC
cid_5283149,"(5Z,8Z,12R,14Z)-12-hydroxyicosa-5,8,14-trienoic acid",*C(=O)CCCC=CCC=CCCC(O)CC=CCCCCC
cid_11735,2-chloroprop-2-enoic acid,*C(=O)C(=C)Cl
cid_11066464,"(Z,2R)-2-hydroxyoctadec-9-enoic acid",*C(=O)C(O)CCCCCCC=CCCCCCCCC
cid_6161490,(E)-octadec-13-enoic acid,*C(=O)CCCCCCCCCCCC=CCCCC
cid_5312529,"(11Z,14Z,17Z)-icosa-11,14,17-trienoic acid",*C(=O)CCCCCCCCCC=CCC=CCC=CCC
cid_5283181,"(5Z,9Z,11Z,13E)-8,15-dihydroperoxyicosa-5,9,11,13-tetraenoic acid",*C(=O)CCCC=CCC(C=CC=CC=CC(CCCCC)OO)OO
cid_5225199,2-hydroxyicosanoic acid,*C(=O)C(O)CCCCCCCCCCCCCCCCCC
cid_296,2-methyl-3-oxopropanoic acid,*C(=O)C(C)C=O
cid_193530,2-hydroxyhexanedioic acid,*C(=O)C(O)CCCC(=O)O
cid_151842,13-hydroxydocosanoic acid,*C(=O)CCCCCCCCCCCC(O)CCCCCCCCC
cid_7991,pentanoic acid,*C(=O)CCCC
cid_3082161,"13-[(2R,3R,4S,5S,6R)-6-(acetyloxymethyl)-3-[(2S,3R,4S,5S,6R)-6-(acetyloxymethyl)-3,4,5-trihydroxyoxan-2-yl]oxy-4,5-dihydroxyoxan-2-yl]oxydocosanoic acid",*C(=O)CCCCCCCCCCCC(CCCCCCCCC)OC1OC(COC(C)=O)C(O)C(O)C1OC1OC(COC(C)=O)C(O)C(O)C1O
cid_439402,5-amino-2-oxopentanoic acid,*C(=O)C(=O)CCCN
cid_9548876,"(5Z,8R,9R,10E,12S)-9-acetyl-8-formyl-12-hydroxyheptadeca-5,10-dienoic acid",*C(=O)CCCC=CCC(C=O)C(C=CC(O)CCCCC)C(C)=O
cid_10430,3-methylbutanoic acid,*C(=O)CC(C)C
cid_5283174,"(5Z,8Z,12E,14Z)-11-hydroperoxyicosa-5,8,12,14-tetraenoic acid",*C(=O)CCCC=CCC=CCC(C=CC=CCCCCC)OO
cid_5312418,(E)-hexadec-3-enoic acid,*C(=O)CC=CCCCCCCCCCCCC
cid_41111,16-iodohexadecanoic acid,*C(=O)CCCCCCCCCCCCCCCI
cid_6440260,(E)-tetracos-2-enoic acid,*C(=O)C=CCCCCCCCCCCCCCCCCCCCCC
cid_98810,6-oxoheptanoic acid,*C(=O)CCCCC(C)=O
cid_5283028,(E)-dodec-2-enedioic acid,*C(=O)CCCCCCCCC=CC(=O)O
cid_21236,(2S)-2-aminohexanoic acid,*C(=O)C(N)CCCC
cid_42607281,(2S)-3-hydroxy-2-[[(3S)-3-hydroxydecanoyl]amino]propanoic acid,*C(=O)C(CO)NC(=O)CC(O)CCCCCCC
cid_9548883,"(5Z,8Z,11Z,14Z,19S)-19-hydroxyicosa-5,8,11,14-tetraenoic acid",*C(=O)CCCC=CCC=CCC=CCC=CCCCC(C)O
cid_4998669,10-oxohexadecanoic acid,*C(=O)CCCCCCCCC(=O)CCCCCC
cid_5282692,11-methyltetradecanoic acid,*C(=O)CCCCCCCCCC(C)CCC
cid_33037,"(2S,3S,4S,5R)-2,3,4,5-tetrahydroxyhexanedioic acid",*C(=O)C(O)C(O)C(O)C(O)C(=O)O
cid_6453686,(2S)-2-(hexadecanoylamino)-3-hydroxypropanoic acid,*C(=O)C(CO)NC(=O)CCCCCCCCCCCCCCC
cid_5282910,11-hydroxyoctadecanoic acid,*C(=O)CCCCCCCCCC(O)CCCCCCC
cid_5312297,7-methylhexadecanoic acid,*C(=O)CCCCCC(C)CCCCCCCCC
cid_160471,3-hydroxy-2-methylbutanoic acid,*C(=O)C(C)C(C)O
cid_143036,hex-5-ynoic acid,*C(=O)CCCC#C
cid_439400,(3R)-3-hydroxy-3-methyl-5-phosphonooxypentanoic acid,*C(=O)CC(C)(O)CCOP(=O)(O)O
cid_5280383,"4-[(2S,3S)-3-[(1E,3E,5Z,8Z)-tetradeca-1,3,5,8-tetraenyl]oxiran-2-yl]butanoic acid",*C(=O)CCCC1OC1C=CC=CC=CCC=CCCCCC
cid_5282922,22-hydroxydocosanoic acid,*C(=O)CCCCCCCCCCCCCCCCCCCCCO
cid_5312741,(E)-10-hydroxydec-8-enoic acid,*C(=O)CCCCCCC=CCO
cid_6440264,"(2E,4E,6E,8E)-tetracosa-2,4,6,8-tetraenoic acid",*C(=O)C=CC=CC=CC=CCCCCCCCCCCCCCCC
cid_21488,2-hydroxydecanoic acid,*C(=O)C(O)CCCCCCCC
cid_227939,2-aminoheptanoic acid,*C(=O)C(N)CCCCC
cid_4378574,octadec-7-ynoic acid,*C(=O)CCCCCC#CCCCCCCCCCC
cid_3083831,9-oxooctadecanoic acid,*C(=O)CCCCCCCC(=O)CCCCCCCCC
cid_5282702,15-methyloctadecanoic acid,*C(=O)CCCCCCCCCCCCCC(C)CCC
cid_5282972,(12S)-12-hydroxyheptadec-16-ynoic acid,*C(=O)CCCCCCCCCCC(O)CCCC#C
cid_5282857,"(8E,12Z)-10-hydroperoxyoctadeca-8,12-dienoic acid",*C(=O)CCCCCCC=CC(CC=CCCCCC)OO
cid_12292,3-methylhexanedioic acid,*C(=O)CCC(C)CC(=O)O
cid_53480358,"(5Z,9E,11Z,13E)-8,15-dihydroxyicosa-5,9,11,13-tetraenoic acid",*C(=O)CCCC=CCC(O)C=CC=CC=CC(O)CCCCC
cid_236484,"9,10-dihydroxyoctadecanedioic acid",*C(=O)CCCCCCCC(O)C(O)CCCCCCCC(=O)O
cid_5312764,"(8E,10E)-12-hydroxyheptadeca-8,10-dienoic acid",*C(=O)CCCCCCC=CC=CC(O)CCCCC
cid_5282796,"(9E,11E)-octadeca-9,11-dienoic acid",*C(=O)CCCCCCCC=CC=CCCCCCC
cid_2750949,2-hydroxyheptanoic acid,*C(=O)C(O)CCCCC
cid_5282713,(Z)-oct-2-enoic acid,*C(=O)C=CCCCCC
cid_6440793,"(5Z,8Z)-10-[(2R,3S)-3-[(Z)-oct-2-enyl]oxiran-2-yl]deca-5,8-dienoic acid",*C(=O)CCCC=CCC=CCC1OC1CC=CCCCCC
cid_5280493,"(5S,6R,7E,9E,11Z,14Z)-6-[(2R)-2-[[(4S)-4-amino-4-carboxybutanoyl]amino]-3-(carboxymethylamino)-3-oxopropyl]sulfanyl-5-hydroxyicosa-7,9,11,14-tetraenoic acid",*C(=O)CCCC(O)C(C=CC=CC=CCC=CCCCCC)SCC(NC(=O)CCC(N)C(=O)O)C(=O)NCC(=O)O
cid_5281126,"(9Z,11E,13Z)-octadeca-9,11,13-trienoic acid",*C(=O)CCCCCCCC=CC=CC=CCCCC
cid_439691,(2R)-2-aminobutanoic acid,*C(=O)C(N)CC
cid_440390,"(4R,5S)-4,5,6-trihydroxy-2,3-dioxohexanoic acid",*C(=O)C(=O)C(=O)C(O)C(O)CO
cid_97328,"(2S)-2,3-diaminopropanoic acid",*C(=O)C(N)CN
cid_1060,2-oxopropanoic acid,*C(=O)C(C)=O
cid_68167,octadec-9-ynoic acid,*C(=O)CCCCCCCC#CCCCCCCCC
cid_5716901,"6-[(1R,2R)-3-oxo-2-[(Z)-pent-2-enyl]cyclopentyl]hexanoic acid",*C(=O)CCCCCC1CCC(=O)C1CC=CCC
cid_16663321,3-hydroxydodecanedioic acid,*C(=O)CCCCCCCCC(O)CC(=O)O
cid_6443968,"2-[(1R,2S)-2-[(Z)-5-hydroxypent-2-enyl]-3-oxocyclopentyl]acetic acid",*C(=O)CC1CCC(=O)C1CC=CCCO
cid_5283156,"(5Z,8Z,10E,12R,14Z)-12-hydroxyicosa-5,8,10,14-tetraenoic acid",*C(=O)CCCC=CCC=CC=CC(O)CC=CCCCCC
cid_61840,4-ethyloctanoic acid,*C(=O)CCC(CC)CCCC
cid_70705,hept-6-enoic acid,*C(=O)CCCCC=C
cid_10426436,"(6Z,15Z)-20-hydroxyicosa-6,15-dienoic acid",*C(=O)CCCCC=CCCCCCCCC=CCCCCO
cid_32743,but-3-enoic acid,*C(=O)CC=C
cid_6474912,"(7E,9E)-6-hydroxyoctadeca-7,9-dien-11,13,15,17-tetraynoic acid",*C(=O)CCCCC(O)C=CC=CC#CC#CC#CC#C
cid_169433,11-hydroxydodecanoic acid,*C(=O)CCCCCCCCCC(C)O
cid_5282947,"(9Z,11E)-13-hydroxyoctadeca-9,11-dienoic acid",*C(=O)CCCCCCCC=CC=CC(O)CCCCC
cid_5282971,"(6Z,9Z,11E,13S)-13-hydroxyoctadeca-6,9,11-trienoic acid",*C(=O)CCCCC=CCC=CC=CC(O)CCCCC
cid_5312948,18-bromooctadecanoic acid,*C(=O)CCCCCCCCCCCCCCCCCBr
cid_98009,2-hydroxypentanoic acid,*C(=O)C(O)CCC
cid_5280885,"(Z)-7-[(1S,5E)-5-[(3S)-3-hydroxyoctylidene]-4-oxocyclopent-2-en-1-yl]hept-5-enoic acid",*C(=O)CCCC=CCC1C=CC(=O)C1=CCC(O)CCCCC
cid_20653,2-methylhexanoic acid,*C(=O)C(C)CCCC
cid_54678503,"(E)-2,3-dihydroxybut-2-enedioic acid",*C(=O)C(O)=C(O)C(=O)O
cid_223130,4-aminopentanoic acid,*C(=O)CCC(C)N
cid_560781,"2,3-dihydroxy-2-methylpropanoic acid",*C(=O)C(C)(O)CO
cid_5312481,"(6E,9E)-octadeca-6,9-dienoic acid",*C(=O)CCCCC=CCC=CCCCCCCCC
cid_24805352,(Z)-3-methylhept-3-enoic acid,*C(=O)CC(C)=CCCC
cid_5312351,(Z)-dec-4-enoic acid,*C(=O)CCC=CCCCCC
cid_5312831,"(9Z,12R,15Z)-12-hydroxyoctadeca-9,15-dienoic acid",*C(=O)CCCCCCCC=CCC(O)CCC=CCC
cid_6437068,(E)-2-propylpent-2-enoic acid,*C(=O)C(=CCC)CCC
cid_12433,"2,2-dibromoacetic acid",*C(=O)C(Br)Br
cid_138052,9-hydroxynonanoic acid,*C(=O)CCCCCCCCO
cid_5282260,"(Z)-7-[(1R,2R,5S)-5-hydroxy-2-[(1E,3S,5Z)-3-hydroxyocta-1,5-dienyl]-3-oxocyclopentyl]hept-5-enoic acid",*C(=O)CCCC=CCC1C(O)CC(=O)C1C=CC(O)CC=CCC
cid_232555,docos-13-ynoic acid,*C(=O)CCCCCCCCCCCC#CCCCCCCCC
cid_152201,12-methylhexadecanoic acid,*C(=O)CCCCCCCCCCC(C)CCCC
cid_9548805,"(5S,6R,7E,9E,11Z,13E,15S)-6-[(2R)-2-[[(4S)-4-amino-4-carboxybutanoyl]amino]-3-(carboxymethylamino)-3-oxopropyl]sulfanyl-5,15-dihydroxyicosa-7,9,11,13-tetraenoic acid",*C(=O)CCCC(O)C(C=CC=CC=CC=CC(O)CCCCC)SCC(NC(=O)CCC(N)C(=O)O)C(=O)NCC(=O)O
cid_1563,2-hydroxytetradecanoic acid,*C(=O)C(O)CCCCCCCCCCCC
cid_5312331,"(5Z,8Z)-7,7-dimethylicosa-5,8-dienoic acid",*C(=O)CCCC=CC(C)(C)C=CCCCCCCCCCCC
cid_5282801,"(10E,12E)-octadeca-10,12-dienoic acid",*C(=O)CCCCCCCCC=CC=CCCCCC
cid_5282805,"(11E,14E)-icosa-11,14-dienoic acid",*C(=O)CCCCCCCCCC=CCC=CCCCCC
cid_56935838,2-bromo-2-iodoacetic acid,*C(=O)C(Br)I
cid_5282457,"(9E,12E)-octadeca-9,12-dienoic acid",*C(=O)CCCCCCCC=CCC=CCCCCC
cid_99824,2-hydroxyhexanoic acid,*C(=O)C(O)CCCC
cid_448457,"(Z)-7-[(1R,2R,5S)-5-hydroxy-2-[(E,3S)-3-hydroxyoct-1-enyl]-3-oxocyclopentyl]hept-5-enoic acid",*C(=O)CCCC=CCC1C(O)CC(=O)C1C=CC(O)CCCCC
cid_5282673,"(E)-2,4-dimethylicos-2-enoic acid",*C(=O)C(C)=CC(C)CCCCCCCCCCCCCCCC
cid_111278,2-methyloctadecanoic acid,*C(=O)C(C)CCCCCCCCCCCCCCCC
cid_385,heptanedioic acid,*C(=O)CCCCCC(=O)O
cid_549171,cyclopent-2-ene-1-carboxylic acid,*C(=O)C1C=CCC1
cid_79034,12-hydroxydodecanoic acid,*C(=O)CCCCCCCCCCCO
cid_16061072,"(9Z,11E,13S,15Z)-13-hydroxyoctadeca-9,11,15-trienoic acid",*C(=O)CCCCCCCC=CC=CC(O)CC=CCC
cid_42607313,"(Z)-6-[(1R,2R,3R,5S)-3,5-dihydroxy-2-[(1E,3S,5Z,8Z)-3-hydroxyundeca-1,5,8-trienyl]cyclopentyl]hex-4-enoic acid",*C(=O)CCC=CCC1C(O)CC(O)C1C=CC(O)CC=CCC=CCC
cid_25945,5-hydroxypentanoic acid,*C(=O)CCCCO
cid_5280494,"(Z)-4,6-dioxohept-2-enedioic acid",*C(=O)C=CC(=O)CC(=O)C(=O)O
cid_71,2-oxohexanedioic acid,*C(=O)C(=O)CCCC(=O)O
cid_52922021,"(3S)-5-[2-[3-[[(2R)-4-[[[(2R,3R,5R)-5-(6-aminopurin-9-yl)-4-hydroxy-3-phosphonooxyoxolan-2-yl]methoxy-hydroxyphosphoryl]oxy-hydroxyphosphoryl]oxy-2-hydroxy-3,3-dimethylbutanoyl]amino]propanoylamino]ethylsulfanyl]-3-hydroxy-3-methyl-5-oxopentanoic acid",*C(=O)CC(C)(O)CC(=O)SCCNC(=O)CCNC(=O)C(O)C(C)(C)COP(=O)(O)OP(=O)(O)OCC1OC(n2cnc3c(N)ncnc32)C(O)C1OP(=O)(O)O
cid_197197,4-(hexadecanoylamino)butanoic acid,*C(=O)CCCNC(=O)CCCCCCCCCCCCCCC
cid_5283125,"(5S,6Z,8E,10E,12R,14Z,17Z)-5,12-dihydroxyicosa-6,8,10,14,17-pentaenoic acid",*C(=O)CCCC(O)C=CC=CC=CC(O)CC=CCC=CCC
cid_5312776,"(5E,8E,10E,12E)-14,15-dihydroxyicosa-5,8,10,12-tetraenoic acid",*C(=O)CCCC=CCC=CC=CC=CC(O)C(O)CCCCC
cid_5312849,(E)-10-hydroxyoctadec-8-enoic acid,*C(=O)CCCCCCC=CC(O)CCCCCCCC
cid_5283057,"7-[(1R,2R,3R)-3-hydroxy-2-[(E,3S)-3-hydroxy-3-methyloct-1-enyl]-5-oxocyclopentyl]heptanoic acid",*C(=O)CCCCCCC1C(=O)CC(O)C1C=CC(C)(O)CCCCC
cid_5283138,"(Z)-5-[(2R,3S,4S)-4,6-dihydroxy-2-[(E,3S)-3-hydroxyoct-1-enyl]oxan-3-yl]pent-3-enoic acid",*C(=O)CC=CCC1C(O)CC(O)OC1C=CC(O)CCCCC
cid_16061148,"(4Z,7Z,10Z,13Z,16Z)-19,20-dihydroxydocosa-4,7,10,13,16-pentaenoic acid",*C(=O)CCC=CCC=CCC=CCC=CCC=CCC(O)C(O)CC
cid_444458,(4R)-4-aminopentanoic acid,*C(=O)CCC(C)N
cid_52921890,"(5S,6Z,8E,10E,12R,14Z,16E,18S)-5,12,18-trihydroxyicosa-6,8,10,14,16-pentaenoic acid",*C(=O)CCCC(O)C=CC=CC=CC(O)CC=CC=CC(O)CC
cid_5282856,"(10E,12E)-9-hydroperoxyoctadeca-10,12-dienoic acid",*C(=O)CCCCCCCC(C=CC=CCCCCC)OO
cid_6417,"2,2-dimethylpropanoic acid",*C(=O)C(C)(C)C
cid_6438938,"(4Z,7R,8E,10E,12Z,14S)-7,14-dihydroxyoctadeca-4,8,10,12-tetraenedioic acid",*C(=O)CCC=CCC(O)C=CC=CC=CC(O)CCCC(=O)O
cid_548221,9-bromononanoic acid,*C(=O)CCCCCCCCBr
cid_20984,"3,3-dimethylpentanedioic acid",*C(=O)CC(C)(C)CC(=O)O
cid_6438758,"(8R,9Z,12Z)-8-hydroperoxyoctadeca-9,12-dienoic acid",*C(=O)CCCCCCC(C=CCC=CCCCCC)OO
cid_123979,2-(2-carboxyethyl)-4-methyl-5-propylfuran-3-carboxylic acid,*C(=O)c1c(CCC(=O)O)oc(CCC)c1C
cid_9570127,9-hydroxyoctadecanoic acid,*C(=O)CCCCCCCC(O)CCCCCCCCC
cid_5283051,"(Z)-7-[(1R,2R,5S)-5-hydroxy-2-[(E,3S)-3-hydroxy-3-methyloct-1-enyl]-3-oxocyclopentyl]hept-5-enoic acid",*C(=O)CCCC=CCC1C(O)CC(=O)C1C=CC(C)(O)CCCCC
cid_151081,16-fluorohexadecanoic acid,*C(=O)CCCCCCCCCCCCCCCF
cid_563,3-methylsulfanylpropanoic acid,*C(=O)CCSC
cid_5280393,"(Z)-4,6-dioxooct-2-enedioic acid",*C(=O)CC(=O)CC(=O)C=CC(=O)O
cid_69522,2-aminooctanoic acid,*C(=O)C(N)CCCCCC
cid_7341,2-methylpentanoic acid,*C(=O)C(C)CCC
cid_9949656,"(5S,6E,8Z,10E,12R,14Z)-5,12-dihydroxyicosa-6,8,10,14-tetraenoic acid",*C(=O)CCCC(O)C=CC=CC=CC(O)CC=CCCCCC
cid_9925637,"(9Z,11E,15Z)-octadeca-9,11,15-trienoic acid",*C(=O)CCCCCCCC=CC=CCCC=CCC
cid_137,5-amino-4-oxopentanoic acid,*C(=O)CCC(=O)CN
cid_10796774,"(2R,3R)-2-hydroxy-3-methylpentanoic acid",*C(=O)C(O)C(C)CC
cid_192796,11-cyclohexylundecanoic acid,*C(=O)CCCCCCCCCCC1CCCCC1
cid_150929,"3,4-dihydroxybutanoic acid",*C(=O)CC(O)CO
cid_25188420,(Z)-4-formamido-4-oxobut-2-enoic acid,*C(=O)C=CC(=O)NC=O
cid_138,5-aminopentanoic acid,*C(=O)CCCCN
cid_49,3-methyl-2-oxobutanoic acid,*C(=O)C(=O)C(C)C
cid_5312543,"(5Z,11Z,14Z,17Z)-icosa-5,11,14,17-tetraenoic acid",*C(=O)CCCC=CCCCCC=CCC=CCC=CCC
cid_5312810,"(Z,14R)-14-hydroxyicos-11-enoic acid",*C(=O)CCCCCCCCCC=CCC(O)CCCCCC
cid_6112,5-[(3R)-dithiolan-3-yl]pentanoic acid,*C(=O)CCCCC1CCSS1
cid_5312765,"(5E,8E,10E)-12-hydroxyheptadeca-5,8,10-trienoic acid",*C(=O)CCCC=CCC=CC=CC(O)CCCCC
cid_16061125,"(5S,6E,8Z,11Z,14Z,16E,18R)-5,18-dihydroxyicosa-6,8,11,14,16-pentaenoic acid",*C(=O)CCCC(O)C=CC=CCC=CCC=CC=CC(O)CC
cid_5280701,"(5Z,8Z,11Z,13E)-15-oxoicosa-5,8,11,13-tetraenoic acid",*C(=O)CCCC=CCC=CCC=CC=CC(=O)CCCCC
cid_6443812,"(Z)-9-[(1R,2R,3R,5S)-3,5-dihydroxy-2-[(E,3S)-3-hydroxyoct-1-enyl]cyclopentyl]non-7-enoic acid",*C(=O)CCCCCC=CCC1C(O)CC(O)C1C=CC(O)CCCCC
cid_5282726,(E)-dec-4-enoic acid,*C(=O)CCC=CCCCCC
cid_5280711,"(Z)-7-[(1R,2R,3R)-3-hydroxy-5-oxo-2-(3-oxooctyl)cyclopentyl]hept-5-enoic acid",*C(=O)CCCC=CCC1C(=O)CC(O)C1CCC(=O)CCCCC
cid_5280883,"(Z)-7-[(1R,4S,5R,6R)-6-[(E,3S)-3-hydroperoxyoct-1-enyl]-2,3-dioxabicyclo[2.2.1]heptan-5-yl]hept-5-enoic acid",*C(=O)CCCC=CCC1C2CC(OO2)C1C=CC(CCCCC)OO
cid_11651158,"(2S,3R)-3-hydroxy-2-methylpentanoic acid",*C(=O)C(C)C(O)CC
cid_1825,5-hydroxydecanoic acid,*C(=O)CCCC(O)CCCCC
cid_796,2-iminobutanedioic acid,*C(=O)CC(=N)C(=O)O
cid_5280892,"(5Z,8Z,10E,12S,14Z)-12-hydroperoxyicosa-5,8,10,14-tetraenoic acid",*C(=O)CCCC=CCC=CC=CC(CC=CCCCCC)OO
cid_188979,2-(hydroxymethyl)butanoic acid,*C(=O)C(CC)CO
cid_6581,prop-2-enoic acid,*C(=O)C=C
cid_40490664,"(5Z,8Z)-10-[(2S,3R)-3-[(Z)-oct-2-enyl]oxiran-2-yl]deca-5,8-dienoic acid",*C(=O)CCCC=CCC=CCC1OC1CC=CCCCCC
cid_5282966,"(E)-9,12,13-trihydroxyoctadec-10-enoic acid",*C(=O)CCCCCCCC(O)C=CC(O)C(O)CCCCC
cid_69417,2-hydroxyoctadecanoic acid,*C(=O)C(O)CCCCCCCCCCCCCCCC
cid_5283130,"(5S,6Z,8E,10E,12S,14Z)-5,12-dihydroxyicosa-6,8,10,14-tetraenoic acid",*C(=O)CCCC(O)C=CC=CC=CC(O)CC=CCCCCC
cid_549372,dec-3-ynoic acid,*C(=O)CC#CCCCCCC
cid_5280498,(E)-pent-2-enedioic acid,*C(=O)CC=CC(=O)O
cid_45934094,"(9Z,12Z,15R)-15-hydroxyoctadeca-9,12-dienoic acid",*C(=O)CCCCCCCC=CCC=CCC(O)CCC
cid_5280884,"(Z)-7-[(1S,5R)-5-[(E,3S)-3-hydroxyoct-1-enyl]-4-oxocyclopent-2-en-1-yl]hept-5-enoic acid",*C(=O)CCCC=CCC1C=CC(=O)C1C=CC(O)CCCCC
cid_138016,7-hydroxyheptanoic acid,*C(=O)CCCCCCO
cid_196,hexanedioic acid,*C(=O)CCCCC(=O)O
cid_638129,(E)-2-methylbut-2-enedioic acid,*C(=O)C(C)=CC(=O)O
cid_189016,16-oxooctadecanoic acid,*C(=O)CCCCCCCCCCCCCCC(=O)CC
cid_5280939,"7-[(1R,2R,3R,5S)-3,5-dihydroxy-2-[(E,3S)-3-hydroxyoct-1-enyl]cyclopentyl]heptanoic acid",*C(=O)CCCCCCC1C(O)CC(O)C1C=CC(O)CCCCC
cid_637090,(E)-but-2-enoic acid,*C(=O)C=CC
cid_5283058,"7-[(1R,2R,3R)-3-hydroxy-2-[(E,3R)-3-hydroxy-4,4-dimethyloct-1-enyl]-5-oxocyclopentyl]heptanoic acid",*C(=O)CCCCCCC1C(=O)CC(O)C1C=CC(O)C(C)(C)CCCC
cid_69820,8-hydroxyoctanoic acid,*C(=O)CCCCCCCO
cid_409322,2-aminohexadecanoic acid,*C(=O)C(N)CCCCCCCCCCCCCC
cid_5283389,"2-[[(5Z,8Z,11Z,14Z)-icosa-5,8,11,14-tetraenoyl]amino]acetic acid",*C(=O)CNC(=O)CCCC=CCC=CCC=CCC=CCCCCC
cid_12046,2-methylpentanedioic acid,*C(=O)C(C)CCC(=O)O
cid_29846,2-ethyl-2-methylbutanoic acid,*C(=O)C(C)(CC)CC
cid_56935800,"(3R,5S)-3,5-dimethyldodecanoic acid",*C(=O)CC(C)CC(C)CCCCCCC
cid_5280933,"(6Z,9Z,12Z)-octadeca-6,9,12-trienoic acid",*C(=O)CCCCC=CCC=CCC=CCCCCC
cid_454061,13-oxotetradecanoic acid,*C(=O)CCCCCCCCCCCC(C)=O
cid_9601092,(10R)-10-methyloctadecanoic acid,*C(=O)CCCCCCCCC(C)CCCCCCCC
cid_6443815,"(8Z,11Z,14Z)-icosa-8,11,14-trien-5-ynoic acid",*C(=O)CCCC#CCC=CCC=CCC=CCCCCC
cid_5312531,"(5Z,8Z,11Z)-icosa-5,8,11-trienoic acid",*C(=O)CCCC=CCC=CCC=CCCCCCCCC
cid_5280360,"(Z)-7-[(1R,2R,3R)-3-hydroxy-2-[(E,3S)-3-hydroxyoct-1-enyl]-5-oxocyclopentyl]hept-5-enoic acid",*C(=O)CCCC=CCC1C(=O)CC(O)C1C=CC(O)CCCCC
cid_92779,2-hydroxy-4-methylpentanoic acid,*C(=O)C(O)CC(C)C
cid_102287,"(3S,4S)-3,4,6-trihydroxy-2,5-dioxohexanoic acid",*C(=O)C(=O)C(O)C(O)C(=O)CO
cid_6450019,"(Z)-7-[(1S,2S,3R)-3-hydroxy-2-[(E,3S)-3-hydroxyoct-1-enyl]-5-oxocyclopentyl]hept-5-enoic acid",*C(=O)CCCC=CCC1C(=O)CC(O)C1C=CC(O)CCCCC
cid_128458,2-hydroxydecanedioic acid,*C(=O)C(O)CCCCCCCC(=O)O
cid_173,8-amino-7-oxononanoic acid,*C(=O)CCCCCC(=O)C(C)N
cid_5312598,dec-4-ynoic acid,*C(=O)CCC#CCCCCC
cid_10413,4-hydroxybutanoic acid,*C(=O)CCCO
cid_42607303,"(5Z,8Z,10E,12E,14R,15S)-14-[(2R)-2-[[(4S)-4-amino-4-carboxybutanoyl]amino]-3-(carboxymethylamino)-3-oxopropyl]sulfanyl-15-hydroxyicosa-5,8,10,12-tetraenoic acid",*C(=O)CCCC=CCC=CC=CC=CC(SCC(NC(=O)CCC(N)C(=O)O)C(=O)NCC(=O)O)C(O)CCCCC
cid_5312981,"(5E,8Z,11R,12Z,14Z)-11-hydroxyicosa-5,8,12,14-tetraenoic acid",*C(=O)CCCC=CCC=CCC(O)C=CC=CCCCCC
cid_857,2-amino-4-methylpentanoic acid,*C(=O)C(N)CC(C)C
cid_11701,"2,2-dimethylbutanedioic acid",*C(=O)C(C)(C)CC(=O)O
cid_192742,"2,4-dihydroxybutanoic acid",*C(=O)C(O)CCO
cid_6449780,"(Z)-11-[(2S,3R)-3-pentyloxiran-2-yl]undec-9-enoic acid",*C(=O)CCCCCCCC=CCC1OC1CCCCC
cid_6435286,"(5S,6R,7E,9E,11Z,14Z)-6-[2-amino-3-(carboxymethylamino)-3-oxopropyl]sulfanyl-5-hydroxyicosa-7,9,11,14-tetraenoic acid",*C(=O)CCCC(O)C(C=CC=CC=CCC=CCCCCC)SCC(N)C(=O)NCC(=O)O
cid_6440524,"(5Z,8Z,11Z)-13-[(2S,3R)-3-pentyloxiran-2-yl]trideca-5,8,11-trienoic acid",*C(=O)CCCC=CCC=CCC=CCC1OC1CCCCC
cid_15308,hex-5-enoic acid,*C(=O)CCCC=C
cid_5351896,(E)-hex-3-enedioic acid,*C(=O)CC=CCC(=O)O
cid_6443704,"(5Z,9Z)-27-methyloctacosa-5,9-dienoic acid",*C(=O)CCCC=CCCC=CCCCCCCCCCCCCCCCCC(C)C
cid_5283011,"(10E,12E)-9-oxooctadeca-10,12-dienoic acid",*C(=O)CCCCCCCC(=O)C=CC=CCCCCC
cid_444899,"(5Z,8Z,11Z,14Z)-icosa-5,8,11,14-tetraenoic acid",*C(=O)CCCC=CCC=CCC=CCC=CCCCCC
cid_5251,"hexa-2,4-dienoic acid",*C(=O)C=CC=CC
cid_44251266,"(4Z,7S,8R,9E,11E,13Z,15E,17S,19Z)-7,8,17-trihydroxydocosa-4,9,11,13,15,19-hexaenoic acid",*C(=O)CCC=CCC(O)C(O)C=CC=CC=CC=CC(O)CC=CCC
cid_5282820,"(9E,11E,13E)-octadeca-9,11,13-trienoic acid",*C(=O)CCCCCCCC=CC=CC=CCCCC
cid_440248,3-hydroxy-3-methyl-2-oxobutanoic acid,*C(=O)C(=O)C(C)(C)O
cid_15816,undecanedioic acid,*C(=O)CCCCCCCCCC(=O)O
cid_439434,(2S)-3-amino-2-methylpropanoic acid,*C(=O)C(C)CN
cid_188958,3-hydroxy-2-oxobutanoic acid,*C(=O)C(=O)C(C)O
cid_5283081,"(Z)-7-[(1R,2R,3R,5S)-3,5-dihydroxy-2-[(E,3S)-3-hydroxy-5-phenylpent-1-enyl]cyclopentyl]hept-5-enoic acid",*C(=O)CCCC=CCC1C(O)CC(O)C1C=CC(O)CCc1ccccc1
cid_6155526,(E)-4-hydroxybut-2-enoic acid,*C(=O)C=CCO
cid_9862886,"(6E,8Z,11Z,14Z)-5-hydroxyicosa-6,8,11,14-tetraenoic acid",*C(=O)CCCC(O)C=CC=CCC=CCC=CCCCCC
cid_16039092,"(2R,4R,6R,8R)-2,4,6,8-tetramethyloctacosanoic acid",*C(=O)C(C)CC(C)CC(C)CC(C)CCCCCCCCCCCCCCCCCCCC
cid_439960,(2R)-2-hydroxy-4-methylpentanoic acid,*C(=O)C(O)CC(C)C
cid_97783,2-hydroxydodecanoic acid,*C(=O)C(O)CCCCCCCCCC
cid_439286,(3S)-3-methyl-2-oxopentanoic acid,*C(=O)C(=O)C(C)CC
cid_5280877,"(5S,6Z,8E,10E,12R,14Z)-5,12-dihydroxyicosa-6,8,10,14-tetraenedioic acid",*C(=O)CCCCC=CCC(O)C=CC=CC=CC(O)CCCC(=O)O
cid_5634,undec-10-enoic acid,*C(=O)CCCCCCCCC=C
cid_75704,9-oxononanoic acid,*C(=O)CCCCCCCC=O
cid_52921867,(2R)-2-hexadecyl-3-methylidenebutanedioic acid,*C(=O)C(CCCCCCCCCCCCCCCC)C(=C)C(=O)O
cid_232569,3-methylnonanoic acid,*C(=O)CC(C)CCCCCC
cid_5281119,(Z)-tetradec-9-enoic acid,*C(=O)CCCCCCCC=CCCCC
cid_125207,dodec-11-enoic acid,*C(=O)CCCCCCCCCC=C
cid_6366720,(E)-13-hydroxy-9-methoxy-10-oxooctadec-11-enoic acid,*C(=O)CCCCCCCC(OC)C(=O)C=CC(O)CCCCC
cid_5283213,"(Z)-7-[(1S,2R,3R)-3-hydroxy-2-[(E,3S)-3-hydroxyoct-1-enyl]-5-oxocyclopentyl]hept-5-enoic acid",*C(=O)CCCC=CCC1C(=O)CC(O)C1C=CC(O)CCCCC
cid_5283180,"(6E,8Z,11Z,13E)-5,15-dihydroperoxyicosa-6,8,11,13-tetraenoic acid",*C(=O)CCCC(C=CC=CCC=CC=CC(CCCCC)OO)OO
cid_11383310,"(4Z,7S,8E,10Z,12E,14E,16R,17S,19Z)-7,16,17-trihydroxydocosa-4,8,10,12,14,19-hexaenoic acid",*C(=O)CCC=CCC(O)C=CC=CC=CC=CC(O)C(O)CC=CCC
cid_6441681,"(E)-9-[(1E,3Z)-nona-1,3-dienoxy]non-8-enoic acid",*C(=O)CCCCCCC=COC=CC=CCCCCC
cid_543977,oct-7-enoic acid,*C(=O)CCCCCC=C
cid_5282693,3-methylpentadecanoic acid,*C(=O)CC(C)CCCCCCCCCCCC
cid_5280934,"(9Z,12Z,15Z)-octadeca-9,12,15-trienoic acid",*C(=O)CCCCCCCC=CCC=CCC=CCC
cid_28499,4-hydroxydecanoic acid,*C(=O)CCC(O)CCCCCC
cid_16126783,"(4Z,7S,8R,9E,11E,13Z,15E,17R,19Z)-7,8,17-trihydroxydocosa-4,9,11,13,15,19-hexaenoic acid",*C(=O)CCC=CCC(O)C(O)C=CC=CC=CC=CC(O)CC=CCC
cid_91167,2-methyldecanoic acid,*C(=O)C(C)CCCCCCCC
cid_5282837,"(6E,9E,12E,15E)-octadeca-6,9,12,15-tetraenoic acid",*C(=O)CCCCC=CCC=CCC=CCC=CCC
cid_445580,"(4Z,7Z,10Z,13Z,16Z,19Z)-docosa-4,7,10,13,16,19-hexaenoic acid",*C(=O)CCC=CCC=CCC=CCC=CCC=CCC=CCC
cid_11141754,"(5Z,8Z,11Z,14Z,18R)-18-hydroxyicosa-5,8,11,14-tetraenoic acid",*C(=O)CCCC=CCC=CCC=CCC=CCCC(O)CC
cid_3016330,3-methylhexadecanoic acid,*C(=O)CC(C)CCCCCCCCCCCCC
cid_5282615,"2,6-dimethylundecanoic acid",*C(=O)C(C)CCCC(C)CCCCC
cid_71464488,3-(4-carboxybutanoyloxy)-4-(trimethylazaniumyl)butanoate,*C(=O)CCCC(=O)OC(CC(=O)[O-])C[N+](C)(C)C
cid_95516,"penta-2,4-dienoic acid",*C(=O)C=CC=C
cid_652,"7,8-diaminononanoic acid",*C(=O)CCCCCC(N)C(C)N
cid_5283060,"(Z)-7-[(1R,2R,3R)-3-hydroxy-2-[(E,3R)-3-hydroxy-4,4-dimethyloct-1-enyl]-5-methylidenecyclopentyl]hept-5-enoic acid",*C(=O)CCCC=CCC1C(=C)CC(O)C1C=CC(O)C(C)(C)CCCC
cid_52921898,"(5Z,8Z)-10-hydroxy-10-[(3S)-3-[(Z)-oct-2-enyl]oxiran-2-yl]deca-5,8-dienoic acid",*C(=O)CCCC=CCC=CC(O)C1OC1CC=CCCCCC
cid_44322431,"(8Z,11Z,13E)-15-hydroxyicosa-8,11,13-trienoic acid",*C(=O)CCCCCCC=CCC=CC=CC(O)CCCCC
cid_5497182,"(7Z,10Z,13Z,16Z,19Z)-docosa-7,10,13,16,19-pentaenoic acid",*C(=O)CCCCCC=CCC=CCC=CCC=CCC=CCC
cid_152252,(2S)-3-(1H-imidazol-5-yl)-2-(octadecanoylamino)propanoic acid,*C(=O)C(Cc1cnc[nH]1)NC(=O)CCCCCCCCCCCCCCCCC
cid_117384,2-methylhexadecanoic acid,*C(=O)C(C)CCCCCCCCCCCCCC
cid_5312984,"(5E,8Z,10Z,12S,14Z)-12-hydroxyicosa-5,8,10,14-tetraenoic acid",*C(=O)CCCC=CCC=CC=CC(O)CC=CCCCCC
cid_74300,10-hydroxydecanoic acid,*C(=O)CCCCCCCCCO
cid_5280723,"7-[(1R,2R,3R)-3-hydroxy-2-[(E,3S)-3-hydroxyoct-1-enyl]-5-oxocyclopentyl]heptanoic acid",*C(=O)CCCCCCC1C(=O)CC(O)C1C=CC(O)CCCCC
cid_5312408,"(5E,8E)-tetradeca-5,8-dienoic acid",*C(=O)CCCC=CCC=CCCCCC
cid_10349,2-methylbutanedioic acid,*C(=O)C(C)CC(=O)O
cid_17083,11-aminoundecanoic acid,*C(=O)CCCCCCCCCCN
cid_5282911,13-hydroxyoctadecanoic acid,*C(=O)CCCCCCCCCCCC(O)CCCCC
cid_159664,2-oxohexanoic acid,*C(=O)C(=O)CCCC
cid_8697,2-ethylhexanoic acid,*C(=O)C(CC)CCCC
cid_40846579,"(2S)-2-[[(5Z,8Z,11Z,14Z)-icosa-5,8,11,14-tetraenoyl]amino]propanoic acid",*C(=O)C(C)NC(=O)CCCC=CCC=CCC=CCC=CCCCCC
cid_5312820,(11S)-11-hydroxyhexadecanoic acid,*C(=O)CCCCCCCCCC(O)CCCCC
cid_20839325,"(5Z,8Z,11Z,14Z)-19-hydroxyicosa-5,8,11,14-tetraenoic acid",*C(=O)CCCC=CCC=CCC=CCC=CCCCC(C)O
cid_134467,4-hydroxy-2-propylpentanoic acid,*C(=O)C(CCC)CC(C)O
cid_99823,2-hydroxy-3-methylbutanoic acid,*C(=O)C(O)C(C)C
cid_5353726,"(6E,8E,10E,12E)-5,14,15-trihydroxyicosa-6,8,10,12-tetraenoic acid",*C(=O)CCCC(O)C=CC=CC=CC=CC(O)C(O)CCCCC
cid_5281166,"2-[(1R,2R)-3-oxo-2-[(Z)-pent-2-enyl]cyclopentyl]acetic acid",*C(=O)CC1CCC(=O)C1CC=CCC
cid_5312693,octadec-4-ynoic acid,*C(=O)CCC#CCCCCCCCCCCCCC
cid_53481474,"(5S,6R,7E,9E,11Z,13E)-6-[(2S)-2-amino-2-carboxyethyl]sulfanyl-16-[2-[3-[[4-[[[(2R,3R,4S,5R)-5-(6-aminopurin-9-yl)-4-hydroxy-3-phosphonooxyoxolan-2-yl]methoxy-hydroxyphosphoryl]oxy-hydroxyphosphoryl]oxy-2-hydroxy-3,3-dimethylbutanoyl]amino]propanoylamino]ethylsulfanyl]-5-hydroxy-16-oxohexadeca-7,9,11,13-tetraenoic acid",*C(=O)CCCC(O)C(C=CC=CC=CC=CCC(=O)SCCNC(=O)CCNC(=O)C(O)C(C)(C)COP(=O)(O)OP(=O)(O)OCC1OC(n2cnc3c(N)ncnc32)C(O)C1OP(=O)(O)O)SCC(N)C(=O)O
cid_5282900,4-hydroxydodecanoic acid,*C(=O)CCC(O)CCCCCCCC
cid_19166,2-methylidenebutanoic acid,*C(=O)C(=C)CC
cid_6597,"2,2-dichloroacetic acid",*C(=O)C(Cl)Cl
cid_61138,pent-4-enoic acid,*C(=O)CCC=C
cid_22328017,3-hydroxyoctanedioic acid,*C(=O)CCCCC(O)CC(=O)O
cid_21762914,"(9E,17E)-18-bromooctadeca-9,17-dien-5,7,15-triynoic acid",*C(=O)CCCC#CC#CC=CCCCCC#CC=CBr
cid_440864,(2S)-2-hydroxybutanoic acid,*C(=O)C(O)CC
cid_5282818,"(8E,10E,12Z)-octadeca-8,10,12-trienoic acid",*C(=O)CCCCCCC=CC=CC=CCCCCC
cid_5280635,"(2E,4E)-2,4-dichlorohexa-2,4-dienedioic acid",*C(=O)C=C(Cl)C=C(Cl)C(=O)O
cid_89377,"9,10-dihydroxyoctadecanoic acid",*C(=O)CCCCCCCC(O)C(O)CCCCCCCC
cid_867,propanedioic acid,*C(=O)CC(=O)O
cid_446284,"(5Z,8Z,11Z,14Z,17Z)-icosa-5,8,11,14,17-pentaenoic acid",*C(=O)CCCC=CCC=CCC=CCC=CCC=CCC
cid_5312894,2-oxotetradecanoic acid,*C(=O)C(=O)CCCCCCCCCCCC
cid_61743,dec-9-enoic acid,*C(=O)CCCCCCCC=C
cid_5312428,"(7Z,10Z,13Z)-hexadeca-7,10,13-trienoic acid",*C(=O)CCCCCC=CCC=CCC=CCC
cid_6227,2-bromoacetic acid,*C(=O)CBr
cid_5283049,"(5Z)-5-[(3aR,4R,5R,6aS)-5-hydroxy-4-[(1E,3S,5Z)-3-hydroxyocta-1,5-dienyl]-3,3a,4,5,6,6a-hexahydrocyclopenta[b]furan-2-ylidene]pentanoic acid",*C(=O)CCCC=C1CC2C(CC(O)C2C=CC(O)CC=CCC)O1
cid_5282997,3-oxohexadecanoic acid,*C(=O)CC(=O)CCCCCCCCCCCCC
cid_16042541,"(4Z,7Z,10R,11E,13E,15Z,17S,19Z)-10,17-dihydroxydocosa-4,7,11,13,15,19-hexaenoic acid",*C(=O)CCC=CCC=CCC(O)C=CC=CC=CC(O)CC=CCC
cid_94770,12-oxooctadecanoic acid,*C(=O)CCCCCCCCCCC(=O)CCCCCC
cid_1931,"octadeca-9,12-diynoic acid",*C(=O)CCCCCCCC#CCC#CCCCCC
cid_439283,"(2S,6S)-2,6-diaminoheptanedioic acid",*C(=O)C(N)CCCC(N)C(=O)O
cid_77563,12-oxododecanoic acid,*C(=O)CCCCCCCCCCC=O
cid_5312688,(E)-octadec-11-en-9-ynoic acid,*C(=O)CCCCCCCC#CC=CCCCCCC
cid_13628864,"4,8-dimethylnonanoic acid",*C(=O)CCC(C)CCCC(C)C
cid_14647862,"(6E,9E,12E,15E,18E,21E)-tetracosa-6,9,12,15,18,21-hexaenoic acid",*C(=O)CCCCC=CCC=CCC=CCC=CCC=CCC=CCC
cid_12284,3-methylpentanedioic acid,*C(=O)CC(C)CC(=O)O
cid_14795000,"2,2-diiodoacetic acid",*C(=O)C(I)I
cid_5283064,"(Z)-7-[(1R,2R,3R)-3-hydroxy-2-[(E,3R)-3-hydroxy-3-methyloct-1-enyl]-5-oxocyclopentyl]hept-5-enoic acid",*C(=O)CCCC=CCC1C(=O)CC(O)C1C=CC(C)(O)CCCCC
cid_5282827,"(11E,14E,17E)-icosa-11,14,17-trienoic acid",*C(=O)CCCCCCCCCC=CCC=CCC=CCC
cid_77237,11-hydroxyundecanoic acid,*C(=O)CCCCCCCCCCO
cid_643798,(Z)-2-methylbut-2-enedioic acid,*C(=O)C(C)=CC(=O)O
cid_5312556,"(13E,16E,19E)-docosa-13,16,19-trienoic acid",*C(=O)CCCCCCCCCCCC=CCC=CCC=CCC
cid_5460995,"(9Z,11E,13E,15Z)-octadeca-9,11,13,15-tetraenoic acid",*C(=O)CCCCCCCC=CC=CC=CC=CCC
cid_12309425,"(9E,11Z,13E)-octadeca-9,11,13-trienoic acid",*C(=O)CCCCCCCC=CC=CC=CCCCC
cid_5282844,"(7E,10E,13E,16E)-docosa-7,10,13,16-tetraenoic acid",*C(=O)CCCCCC=CCC=CCC=CCC=CCCCCC
cid_5280889,"7-[(1R,2R,3R)-3-hydroxy-2-[(E,3S)-3-hydroxyoct-1-enyl]-5-oxocyclopentyl]-6-oxoheptanoic acid",*C(=O)CCCCC(=O)CC1C(=O)CC(O)C1C=CC(O)CCCCC
cid_5282850,"(7E,10E,13E,16E,19E)-docosa-7,10,13,16,19-pentaenoic acid",*C(=O)CCCCCC=CCC=CCC=CCC=CCC=CCC
cid_5283140,"(Z)-7-[(2R,3S,4S)-4,6-dihydroxy-2-[(1E,3S,5Z)-3-hydroxyocta-1,5-dienyl]oxan-3-yl]hept-5-enoic acid",*C(=O)CCCC=CCC1C(O)CC(O)OC1C=CC(O)CC=CCC
cid_6443996,(E)-11-methyloctadec-12-enoic acid,*C(=O)CCCCCCCCCC(C)C=CCCCCC
cid_5497181,"(7Z,10Z,13Z,16Z)-docosa-7,10,13,16-tetraenoic acid",*C(=O)CCCCCC=CCC=CCC=CCC=CCCCCC
cid_5283157,"(5Z,8Z,11Z,14Z)-20-hydroxyicosa-5,8,11,14-tetraenoic acid",*C(=O)CCCC=CCC=CCC=CCC=CCCCCCO
cid_9561835,10-hydroxyoctadecanoic acid,*C(=O)CCCCCCCCC(O)CCCCCCCC
cid_11954059,"(5Z,8Z,12E)-11,14,15-trihydroxyicosa-5,8,12-trienoic acid",*C(=O)CCCC=CCC=CCC(O)C=CC(O)C(O)CCCCC
cid_445084,"(5Z,11Z,14Z)-icosa-5,11,14-trienoic acid",*C(=O)CCCC=CCCCCC=CCC=CCCCCC
cid_5283208,"(5Z,9E,11R,12S,14Z)-8,11,12-trihydroxyicosa-5,9,14-trienoic acid",*C(=O)CCCC=CCC(O)C=CC(O)C(O)CC=CCCCCC
cid_161227,"(4S,5R)-4,5,6-trihydroxy-2-oxohexanoic acid",*C(=O)C(=O)CC(O)C(O)CO
cid_440714,2-amino-3-oxohexanedioic acid,*C(=O)CCC(=O)C(N)C(=O)O
cid_5283103,"(Z)-7-[(1R,2R,3R,5S)-3,5-dihydroxy-2-[(E,3S)-3-hydroxydec-1-enyl]cyclopentyl]hept-5-enoic acid",*C(=O)CCCC=CCC1C(O)CC(O)C1C=CC(O)CCCCCCC
cid_67600,2-oxooctanoic acid,*C(=O)C(=O)CCCCCC
cid_5282697,"2,4-dimethyltetradecanoic acid",*C(=O)C(C)CC(C)CCCCCCCCCC
cid_11722594,"(8Z,11Z,14Z,17Z)-icosa-8,11,14,17-tetraenoic acid",*C(=O)CCCCCCC=CCC=CCC=CCC=CCC
cid_5282965,"(E)-9,10,13-trihydroxyoctadec-11-enoic acid",*C(=O)CCCCCCCC(O)C(O)C=CC(O)CCCCC
cid_5283154,"(5Z,8S,9E,11Z,14Z)-8-hydroxyicosa-5,9,11,14-tetraenoic acid",*C(=O)CCCC=CCC(O)C=CC=CCC=CCCCCC
cid_5282809,"(4E,7E,10E)-hexadeca-4,7,10-trienoic acid",*C(=O)CCC=CCC=CCC=CCCCCC
cid_9548877,"(9S,10E,12Z)-9-hydroperoxyoctadeca-10,12-dienoic acid",*C(=O)CCCCCCCC(C=CC=CCCCCC)OO
cid_5280936,"7-[(1R,2R,5S)-5-hydroxy-2-[(E,3S)-3-hydroxyoct-1-enyl]-3-oxocyclopentyl]heptanoic acid",*C(=O)CCCCCCC1C(O)CC(=O)C1C=CC(O)CCCCC
cid_6441679,"(E)-9-[(1E,3Z,6Z)-nona-1,3,6-trienoxy]non-8-enoic acid",*C(=O)CCCCCCC=COC=CC=CCC=CCC
cid_21677595,"8-[(1S,2R)-2-octylcyclopropyl]octanoic acid",*C(=O)CCCCCCCC1CC1CCCCCCCC
cid_5280880,"(Z)-7-[(1R,2S)-2-[(E,3S)-3-hydroxyoct-1-enyl]-5-oxocyclopent-3-en-1-yl]hept-5-enoic acid",*C(=O)CCCC=CCC1C(=O)C=CC1C=CC(O)CCCCC
cid_142712,10-bromodecanoic acid,*C(=O)CCCCCCCCCBr
cid_5353275,"(9E,11E)-13-hydroperoxyoctadeca-9,11-dienoic acid",*C(=O)CCCCCCCC=CC=CC(CCCCC)OO
cid_11579,4-oxopentanoic acid,*C(=O)CCC(C)=O